city,date,month,rainfall_mm,temp_celsius,aqi,trigger_fired
mumbai,2023-01-01,1,3.23,20.52,218.6,0
mumbai,2023-01-02,1,2.85,23.96,275.0,0
mumbai,2023-01-03,1,1.53,21.89,234.9,0
mumbai,2023-01-04,1,0.99,17.35,235.1,0
mumbai,2023-01-05,1,0.91,21.43,230.9,0
mumbai,2023-01-06,1,0.2,20.94,209.3,0
mumbai,2023-01-07,1,1.43,21.02,234.0,0
mumbai,2023-01-08,1,4.34,19.6,307.6,0
mumbai,2023-01-09,1,2.23,18.68,245.1,0
mumbai,2023-01-10,1,3.0,21.22,193.2,0
mumbai,2023-01-11,1,0.64,21.19,258.6,0
mumbai,2023-01-12,1,4.16,20.57,243.0,0
mumbai,2023-01-13,1,0.53,19.36,211.6,0
mumbai,2023-01-14,1,1.04,21.45,240.4,0
mumbai,2023-01-15,1,1.26,22.02,269.5,0
mumbai,2023-01-16,1,4.18,19.12,242.7,0
mumbai,2023-01-17,1,2.88,22.75,246.7,0
mumbai,2023-01-18,1,1.61,22.43,292.7,0
mumbai,2023-01-19,1,2.13,22.81,281.2,0
mumbai,2023-01-20,1,3.94,20.73,298.9,0
mumbai,2023-01-21,1,0.08,22.44,209.4,0
mumbai,2023-01-22,1,4.6,20.36,262.7,0
mumbai,2023-01-23,1,5.93,19.76,245.6,0
mumbai,2023-01-24,1,1.59,22.63,261.9,0
mumbai,2023-01-25,1,1.45,21.83,293.2,0
mumbai,2023-01-26,1,2.57,19.4,242.2,0
mumbai,2023-01-27,1,1.63,17.87,172.3,0
mumbai,2023-01-28,1,2.91,20.11,227.9,0
mumbai,2023-01-29,1,1.98,21.61,223.7,0
mumbai,2023-01-30,1,5.69,16.96,251.2,0
mumbai,2023-01-31,1,2.36,25.73,266.3,0
mumbai,2023-02-01,2,1.83,22.97,54.9,0
mumbai,2023-02-02,2,4.89,24.54,65.9,0
mumbai,2023-02-03,2,5.63,24.21,155.7,0
mumbai,2023-02-04,2,0.93,21.91,141.2,0
mumbai,2023-02-05,2,4.14,19.94,92.1,0
mumbai,2023-02-06,2,0.86,23.99,108.6,0
mumbai,2023-02-07,2,1.98,21.47,80.3,0
mumbai,2023-02-08,2,3.99,20.58,130.9,0
mumbai,2023-02-09,2,10.21,23.56,113.5,0
mumbai,2023-02-10,2,0.71,20.4,108.5,0
mumbai,2023-02-11,2,5.11,23.63,68.6,0
mumbai,2023-02-12,2,7.32,23.99,112.0,0
mumbai,2023-02-13,2,0.96,25.36,65.4,0
mumbai,2023-02-14,2,4.38,23.87,64.0,0
mumbai,2023-02-15,2,2.51,21.26,65.5,0
mumbai,2023-02-16,2,2.12,23.72,126.3,0
mumbai,2023-02-17,2,3.32,22.51,171.6,0
mumbai,2023-02-18,2,3.53,21.33,91.3,0
mumbai,2023-02-19,2,2.02,22.59,111.4,0
mumbai,2023-02-20,2,3.18,22.89,76.4,0
mumbai,2023-02-21,2,3.89,22.15,115.7,0
mumbai,2023-02-22,2,2.64,20.55,108.9,0
mumbai,2023-02-23,2,6.93,23.16,55.7,0
mumbai,2023-02-24,2,2.93,24.16,61.2,0
mumbai,2023-02-25,2,5.62,24.07,105.4,0
mumbai,2023-02-26,2,3.27,30.75,129.9,0
mumbai,2023-02-27,2,4.45,22.41,112.8,0
mumbai,2023-02-28,2,1.15,22.57,88.8,0
mumbai,2023-03-01,3,1.44,33.37,41.6,0
mumbai,2023-03-02,3,1.52,34.18,136.8,0
mumbai,2023-03-03,3,2.48,30.54,96.5,0
mumbai,2023-03-04,3,2.33,30.7,130.9,0
mumbai,2023-03-05,3,4.03,27.95,95.6,0
mumbai,2023-03-06,3,1.28,33.7,66.8,0
mumbai,2023-03-07,3,6.56,31.05,70.4,0
mumbai,2023-03-08,3,6.94,32.81,101.3,0
mumbai,2023-03-09,3,6.53,28.96,75.5,0
mumbai,2023-03-10,3,5.26,30.58,82.9,0
mumbai,2023-03-11,3,7.34,25.52,59.3,0
mumbai,2023-03-12,3,1.84,29.5,136.3,0
mumbai,2023-03-13,3,5.43,34.88,46.9,0
mumbai,2023-03-14,3,4.95,32.02,83.9,0
mumbai,2023-03-15,3,2.36,32.23,109.9,0
mumbai,2023-03-16,3,6.3,29.52,110.6,0
mumbai,2023-03-17,3,2.38,32.56,71.3,0
mumbai,2023-03-18,3,1.91,31.01,71.3,0
mumbai,2023-03-19,3,1.69,33.8,99.2,0
mumbai,2023-03-20,3,3.98,33.26,106.6,0
mumbai,2023-03-21,3,1.23,31.96,93.5,0
mumbai,2023-03-22,3,5.29,30.82,136.6,0
mumbai,2023-03-23,3,1.57,34.61,90.6,0
mumbai,2023-03-24,3,3.66,31.38,81.9,0
mumbai,2023-03-25,3,1.34,32.19,107.9,0
mumbai,2023-03-26,3,1.1,36.18,126.1,0
mumbai,2023-03-27,3,0.74,33.25,108.9,0
mumbai,2023-03-28,3,2.23,30.21,27.3,0
mumbai,2023-03-29,3,6.96,30.35,80.4,0
mumbai,2023-03-30,3,3.05,30.87,77.0,0
mumbai,2023-03-31,3,2.62,31.06,97.0,0
mumbai,2023-04-01,4,0.55,35.59,70.1,0
mumbai,2023-04-02,4,5.55,39.02,134.3,0
mumbai,2023-04-03,4,4.1,38.08,80.9,0
mumbai,2023-04-04,4,2.24,39.05,65.2,0
mumbai,2023-04-05,4,3.28,41.47,46.6,0
mumbai,2023-04-06,4,1.08,38.85,90.4,0
mumbai,2023-04-07,4,2.42,36.85,158.3,0
mumbai,2023-04-08,4,3.03,42.71,67.0,1
mumbai,2023-04-09,4,4.14,38.77,86.7,0
mumbai,2023-04-10,4,4.42,36.72,72.0,0
mumbai,2023-04-11,4,0.21,37.35,32.6,0
mumbai,2023-04-12,4,2.94,36.6,104.8,0
mumbai,2023-04-13,4,0.64,42.06,87.8,1
mumbai,2023-04-14,4,1.79,34.97,130.6,0
mumbai,2023-04-15,4,2.06,40.88,86.7,0
mumbai,2023-04-16,4,2.15,38.41,91.4,0
mumbai,2023-04-17,4,1.55,39.65,48.9,0
mumbai,2023-04-18,4,3.32,35.33,128.3,0
mumbai,2023-04-19,4,2.88,36.9,93.4,0
mumbai,2023-04-20,4,6.18,42.52,142.7,1
mumbai,2023-04-21,4,1.84,40.34,134.7,0
mumbai,2023-04-22,4,4.15,40.52,37.2,0
mumbai,2023-04-23,4,0.75,34.32,96.0,0
mumbai,2023-04-24,4,0.19,41.66,48.6,0
mumbai,2023-04-25,4,0.4,38.29,89.8,0
mumbai,2023-04-26,4,3.03,35.79,110.1,0
mumbai,2023-04-27,4,2.95,36.52,112.4,0
mumbai,2023-04-28,4,1.78,36.43,105.1,0
mumbai,2023-04-29,4,1.45,36.81,47.0,0
mumbai,2023-04-30,4,1.93,42.33,91.1,1
mumbai,2023-05-01,5,1.24,43.63,115.5,1
mumbai,2023-05-02,5,1.33,42.14,72.7,1
mumbai,2023-05-03,5,1.8,38.6,71.2,0
mumbai,2023-05-04,5,0.18,44.35,99.3,1
mumbai,2023-05-05,5,13.01,45.44,135.7,1
mumbai,2023-05-06,5,0.11,41.69,47.3,0
mumbai,2023-05-07,5,1.3,41.04,96.5,0
mumbai,2023-05-08,5,4.24,43.18,134.4,1
mumbai,2023-05-09,5,2.39,41.48,76.8,0
mumbai,2023-05-10,5,6.29,41.45,48.5,0
mumbai,2023-05-11,5,4.28,47.02,90.8,1
mumbai,2023-05-12,5,2.48,41.9,75.4,0
mumbai,2023-05-13,5,1.37,41.47,20.0,0
mumbai,2023-05-14,5,3.67,42.72,62.8,1
mumbai,2023-05-15,5,1.39,44.71,105.8,1
mumbai,2023-05-16,5,2.63,39.86,106.3,0
mumbai,2023-05-17,5,1.28,44.34,98.4,1
mumbai,2023-05-18,5,0.06,43.72,62.9,1
mumbai,2023-05-19,5,3.56,39.88,173.5,0
mumbai,2023-05-20,5,0.45,41.48,78.5,0
mumbai,2023-05-21,5,4.5,42.05,123.2,1
mumbai,2023-05-22,5,3.88,38.26,66.1,0
mumbai,2023-05-23,5,3.41,42.79,95.1,1
mumbai,2023-05-24,5,2.41,43.37,85.3,1
mumbai,2023-05-25,5,4.96,43.71,72.2,1
mumbai,2023-05-26,5,3.44,43.99,77.4,1
mumbai,2023-05-27,5,2.79,47.35,81.9,1
mumbai,2023-05-28,5,4.34,39.12,59.8,0
mumbai,2023-05-29,5,0.31,42.5,42.6,1
mumbai,2023-05-30,5,2.28,44.86,23.7,1
mumbai,2023-05-31,5,2.69,44.74,95.0,1
mumbai,2023-06-01,6,33.94,39.08,77.5,0
mumbai,2023-06-02,6,35.43,42.94,75.4,1
mumbai,2023-06-03,6,30.3,40.06,64.3,0
mumbai,2023-06-04,6,23.77,37.44,79.6,0
mumbai,2023-06-05,6,40.26,37.86,60.6,0
mumbai,2023-06-06,6,15.84,37.29,116.1,0
mumbai,2023-06-07,6,55.36,35.14,98.4,1
mumbai,2023-06-08,6,8.64,37.37,36.6,0
mumbai,2023-06-09,6,59.94,38.76,169.3,1
mumbai,2023-06-10,6,19.15,38.49,93.3,0
mumbai,2023-06-11,6,37.67,38.83,103.3,0
mumbai,2023-06-12,6,27.15,36.12,137.8,0
mumbai,2023-06-13,6,14.71,38.22,113.4,0
mumbai,2023-06-14,6,102.08,39.45,85.3,1
mumbai,2023-06-15,6,15.85,40.1,20.4,0
mumbai,2023-06-16,6,18.73,39.66,79.9,0
mumbai,2023-06-17,6,65.92,36.15,85.5,1
mumbai,2023-06-18,6,22.38,35.76,83.1,0
mumbai,2023-06-19,6,36.95,36.37,105.5,0
mumbai,2023-06-20,6,11.25,38.07,167.2,0
mumbai,2023-06-21,6,23.55,36.83,110.2,0
mumbai,2023-06-22,6,20.56,38.71,89.0,0
mumbai,2023-06-23,6,14.3,41.18,20.0,0
mumbai,2023-06-24,6,2.24,35.92,79.7,0
mumbai,2023-06-25,6,16.63,38.1,105.8,0
mumbai,2023-06-26,6,40.37,35.75,118.1,1
mumbai,2023-06-27,6,52.73,39.84,56.1,1
mumbai,2023-06-28,6,14.54,39.38,79.5,0
mumbai,2023-06-29,6,18.74,39.82,103.3,0
mumbai,2023-06-30,6,16.78,40.72,70.3,0
mumbai,2023-07-01,7,13.06,32.65,52.5,0
mumbai,2023-07-02,7,57.0,31.63,52.8,1
mumbai,2023-07-03,7,14.75,28.89,108.2,0
mumbai,2023-07-04,7,9.0,35.51,37.4,0
mumbai,2023-07-05,7,19.04,30.91,102.0,0
mumbai,2023-07-06,7,29.13,34.21,79.9,0
mumbai,2023-07-07,7,73.41,32.62,38.7,1
mumbai,2023-07-08,7,8.31,33.49,51.3,0
mumbai,2023-07-09,7,32.4,32.39,60.6,0
mumbai,2023-07-10,7,40.52,28.59,75.9,1
mumbai,2023-07-11,7,43.99,35.24,137.1,0
mumbai,2023-07-12,7,4.33,29.44,79.6,0
mumbai,2023-07-13,7,34.85,30.78,47.8,0
mumbai,2023-07-14,7,13.25,29.3,107.2,0
mumbai,2023-07-15,7,4.92,32.99,95.5,0
mumbai,2023-07-16,7,14.15,33.4,108.2,0
mumbai,2023-07-17,7,6.73,37.12,87.1,0
mumbai,2023-07-18,7,65.42,30.59,95.4,1
mumbai,2023-07-19,7,22.87,30.75,144.4,0
mumbai,2023-07-20,7,49.64,30.88,57.4,0
mumbai,2023-07-21,7,57.2,29.36,83.2,1
mumbai,2023-07-22,7,62.16,32.24,106.8,1
mumbai,2023-07-23,7,62.78,31.09,109.0,1
mumbai,2023-07-24,7,28.67,33.64,94.0,0
mumbai,2023-07-25,7,41.62,31.57,88.8,0
mumbai,2023-07-26,7,48.79,33.88,74.5,1
mumbai,2023-07-27,7,7.76,33.0,96.7,0
mumbai,2023-07-28,7,20.19,31.48,94.0,0
mumbai,2023-07-29,7,40.64,28.14,121.0,0
mumbai,2023-07-30,7,7.03,32.16,122.0,0
mumbai,2023-07-31,7,19.51,34.82,117.6,0
mumbai,2023-08-01,8,33.16,31.11,133.6,0
mumbai,2023-08-02,8,73.25,30.95,81.0,1
mumbai,2023-08-03,8,13.05,29.99,67.0,0
mumbai,2023-08-04,8,25.55,32.47,57.9,0
mumbai,2023-08-05,8,42.72,33.97,83.6,0
mumbai,2023-08-06,8,106.79,30.67,95.0,1
mumbai,2023-08-07,8,37.59,28.86,92.2,0
mumbai,2023-08-08,8,17.07,30.8,70.9,0
mumbai,2023-08-09,8,58.61,31.25,54.8,1
mumbai,2023-08-10,8,45.99,34.1,73.4,0
mumbai,2023-08-11,8,41.34,35.1,143.9,1
mumbai,2023-08-12,8,19.55,33.17,98.6,0
mumbai,2023-08-13,8,33.65,30.3,93.1,0
mumbai,2023-08-14,8,4.33,29.49,89.0,0
mumbai,2023-08-15,8,82.26,33.39,58.2,1
mumbai,2023-08-16,8,12.23,34.65,56.0,0
mumbai,2023-08-17,8,5.04,32.93,107.7,0
mumbai,2023-08-18,8,55.86,32.81,111.5,1
mumbai,2023-08-19,8,37.85,33.71,131.5,0
mumbai,2023-08-20,8,41.77,31.26,65.0,0
mumbai,2023-08-21,8,34.48,31.21,83.2,0
mumbai,2023-08-22,8,26.32,32.38,91.4,0
mumbai,2023-08-23,8,7.17,33.49,134.9,0
mumbai,2023-08-24,8,30.84,32.5,137.3,0
mumbai,2023-08-25,8,24.36,32.56,95.3,0
mumbai,2023-08-26,8,35.46,34.15,59.2,0
mumbai,2023-08-27,8,29.05,30.6,75.6,0
mumbai,2023-08-28,8,28.94,30.88,101.3,0
mumbai,2023-08-29,8,72.68,31.87,39.0,1
mumbai,2023-08-30,8,18.82,29.1,24.0,0
mumbai,2023-08-31,8,36.25,31.0,123.7,0
mumbai,2023-09-01,9,35.96,33.3,87.0,0
mumbai,2023-09-02,9,48.31,29.86,116.9,0
mumbai,2023-09-03,9,12.73,32.15,83.1,0
mumbai,2023-09-04,9,28.98,31.31,100.3,0
mumbai,2023-09-05,9,20.96,32.92,108.2,0
mumbai,2023-09-06,9,6.49,32.65,95.9,0
mumbai,2023-09-07,9,24.84,29.94,88.5,0
mumbai,2023-09-08,9,19.79,30.49,88.8,0
mumbai,2023-09-09,9,3.76,28.82,106.9,0
mumbai,2023-09-10,9,8.77,33.99,76.4,0
mumbai,2023-09-11,9,0.79,34.05,57.2,0
mumbai,2023-09-12,9,19.75,32.96,61.0,0
mumbai,2023-09-13,9,14.45,36.8,89.3,0
mumbai,2023-09-14,9,21.96,35.56,96.3,0
mumbai,2023-09-15,9,1.59,31.46,87.4,0
mumbai,2023-09-16,9,13.01,30.54,143.9,0
mumbai,2023-09-17,9,23.75,31.01,76.7,0
mumbai,2023-09-18,9,18.43,30.4,91.8,0
mumbai,2023-09-19,9,8.67,32.79,110.4,0
mumbai,2023-09-20,9,9.22,34.18,129.5,0
mumbai,2023-09-21,9,17.42,32.8,155.5,0
mumbai,2023-09-22,9,11.1,32.41,70.5,0
mumbai,2023-09-23,9,10.05,29.94,74.1,0
mumbai,2023-09-24,9,23.4,34.26,141.8,0
mumbai,2023-09-25,9,20.66,29.74,106.9,0
mumbai,2023-09-26,9,9.89,32.42,82.3,0
mumbai,2023-09-27,9,2.77,33.87,116.2,0
mumbai,2023-09-28,9,2.09,30.2,96.7,0
mumbai,2023-09-29,9,30.75,31.79,143.4,0
mumbai,2023-09-30,9,2.9,30.85,134.3,0
mumbai,2023-10-01,10,5.61,32.8,114.4,0
mumbai,2023-10-02,10,2.86,31.42,151.3,0
mumbai,2023-10-03,10,1.66,27.53,142.1,0
mumbai,2023-10-04,10,0.78,32.64,96.2,0
mumbai,2023-10-05,10,4.94,28.89,126.8,0
mumbai,2023-10-06,10,2.72,33.3,93.2,0
mumbai,2023-10-07,10,1.08,33.04,125.4,0
mumbai,2023-10-08,10,8.16,32.73,174.0,0
mumbai,2023-10-09,10,1.76,32.76,132.9,0
mumbai,2023-10-10,10,2.19,31.74,104.0,0
mumbai,2023-10-11,10,1.93,32.9,162.5,0
mumbai,2023-10-12,10,2.91,27.8,223.1,0
mumbai,2023-10-13,10,1.05,32.81,168.2,0
mumbai,2023-10-14,10,0.88,32.55,115.5,0
mumbai,2023-10-15,10,4.69,31.67,161.1,0
mumbai,2023-10-16,10,3.23,31.94,195.1,0
mumbai,2023-10-17,10,4.38,32.62,168.2,0
mumbai,2023-10-18,10,5.02,29.82,183.9,0
mumbai,2023-10-19,10,1.16,32.59,133.1,0
mumbai,2023-10-20,10,2.87,32.68,178.1,0
mumbai,2023-10-21,10,3.38,32.71,170.7,0
mumbai,2023-10-22,10,0.72,33.44,154.1,0
mumbai,2023-10-23,10,5.33,31.48,129.8,0
mumbai,2023-10-24,10,2.28,29.44,85.7,0
mumbai,2023-10-25,10,1.03,35.11,115.8,0
mumbai,2023-10-26,10,0.64,32.34,114.0,0
mumbai,2023-10-27,10,4.73,35.07,164.5,0
mumbai,2023-10-28,10,1.73,31.09,134.4,0
mumbai,2023-10-29,10,0.78,28.93,165.7,0
mumbai,2023-10-30,10,9.74,33.36,152.3,0
mumbai,2023-10-31,10,1.84,32.78,112.4,0
mumbai,2023-11-01,11,1.8,30.26,150.5,0
mumbai,2023-11-02,11,4.4,30.77,207.5,0
mumbai,2023-11-03,11,0.47,30.79,132.4,0
mumbai,2023-11-04,11,2.02,31.68,183.2,0
mumbai,2023-11-05,11,0.63,32.32,151.9,0
mumbai,2023-11-06,11,5.67,31.85,183.8,0
mumbai,2023-11-07,11,1.58,34.41,191.5,0
mumbai,2023-11-08,11,1.79,32.8,137.9,0
mumbai,2023-11-09,11,6.88,31.45,202.5,0
mumbai,2023-11-10,11,3.82,30.6,171.2,0
mumbai,2023-11-11,11,5.2,32.48,156.5,0
mumbai,2023-11-12,11,8.77,29.52,199.0,0
mumbai,2023-11-13,11,3.05,34.45,228.7,0
mumbai,2023-11-14,11,0.49,32.54,177.4,0
mumbai,2023-11-15,11,3.05,30.46,230.3,0
mumbai,2023-11-16,11,1.42,32.61,164.0,0
mumbai,2023-11-17,11,0.44,33.13,162.5,0
mumbai,2023-11-18,11,0.9,30.83,174.1,0
mumbai,2023-11-19,11,1.17,32.07,187.0,0
mumbai,2023-11-20,11,0.48,32.93,243.5,0
mumbai,2023-11-21,11,0.76,29.53,230.2,0
mumbai,2023-11-22,11,3.06,32.19,159.6,0
mumbai,2023-11-23,11,0.93,33.26,176.7,0
mumbai,2023-11-24,11,1.01,34.63,143.6,0
mumbai,2023-11-25,11,1.44,29.19,216.4,0
mumbai,2023-11-26,11,2.51,30.5,186.8,0
mumbai,2023-11-27,11,1.45,32.72,201.2,0
mumbai,2023-11-28,11,4.36,29.86,153.3,0
mumbai,2023-11-29,11,1.23,31.52,124.9,0
mumbai,2023-11-30,11,3.26,36.31,146.1,0
mumbai,2023-12-01,12,4.04,22.46,227.5,0
mumbai,2023-12-02,12,2.08,23.54,243.0,0
mumbai,2023-12-03,12,1.48,21.93,241.1,0
mumbai,2023-12-04,12,1.02,22.5,230.1,0
mumbai,2023-12-05,12,1.88,22.8,224.2,0
mumbai,2023-12-06,12,4.0,21.1,240.9,0
mumbai,2023-12-07,12,0.09,22.53,206.7,0
mumbai,2023-12-08,12,1.94,23.42,226.6,0
mumbai,2023-12-09,12,0.34,21.11,196.8,0
mumbai,2023-12-10,12,2.01,23.48,186.5,0
mumbai,2023-12-11,12,0.95,23.23,218.6,0
mumbai,2023-12-12,12,5.98,21.27,212.7,0
mumbai,2023-12-13,12,1.67,20.99,213.4,0
mumbai,2023-12-14,12,2.56,19.33,252.4,0
mumbai,2023-12-15,12,3.24,26.98,184.0,0
mumbai,2023-12-16,12,1.88,24.82,215.5,0
mumbai,2023-12-17,12,4.16,23.92,207.7,0
mumbai,2023-12-18,12,0.08,24.13,201.1,0
mumbai,2023-12-19,12,2.45,20.16,224.5,0
mumbai,2023-12-20,12,3.42,18.48,286.8,0
mumbai,2023-12-21,12,0.75,22.32,219.8,0
mumbai,2023-12-22,12,6.75,20.65,156.7,0
mumbai,2023-12-23,12,2.78,22.81,204.9,0
mumbai,2023-12-24,12,4.59,19.2,212.8,0
mumbai,2023-12-25,12,2.1,24.24,247.3,0
mumbai,2023-12-26,12,2.81,21.12,230.1,0
mumbai,2023-12-27,12,0.75,22.53,285.4,0
mumbai,2023-12-28,12,2.5,22.87,211.4,0
mumbai,2023-12-29,12,1.12,25.0,261.0,0
mumbai,2023-12-30,12,1.29,21.5,211.9,0
mumbai,2023-12-31,12,2.78,20.98,254.9,0
mumbai,2024-01-01,1,1.17,18.29,236.9,0
mumbai,2024-01-02,1,2.78,18.95,265.7,0
mumbai,2024-01-03,1,8.53,23.71,306.0,0
mumbai,2024-01-04,1,3.82,21.99,241.1,0
mumbai,2024-01-05,1,1.08,19.61,213.6,0
mumbai,2024-01-06,1,0.38,16.9,245.4,0
mumbai,2024-01-07,1,1.8,18.12,279.4,0
mumbai,2024-01-08,1,2.82,21.33,247.0,0
mumbai,2024-01-09,1,2.78,23.23,247.8,0
mumbai,2024-01-10,1,4.18,22.27,257.4,0
mumbai,2024-01-11,1,2.09,20.63,236.1,0
mumbai,2024-01-12,1,3.43,21.79,273.7,0
mumbai,2024-01-13,1,9.11,22.95,269.0,0
mumbai,2024-01-14,1,0.36,21.46,279.0,0
mumbai,2024-01-15,1,1.33,21.76,245.7,0
mumbai,2024-01-16,1,1.07,21.32,210.0,0
mumbai,2024-01-17,1,3.75,23.69,287.9,0
mumbai,2024-01-18,1,1.35,17.9,218.8,0
mumbai,2024-01-19,1,1.55,19.16,303.8,0
mumbai,2024-01-20,1,1.62,17.4,295.7,0
mumbai,2024-01-21,1,6.64,19.3,206.2,0
mumbai,2024-01-22,1,5.25,21.16,226.9,0
mumbai,2024-01-23,1,8.74,20.21,298.3,0
mumbai,2024-01-24,1,7.87,24.06,280.7,0
mumbai,2024-01-25,1,1.33,22.46,227.5,0
mumbai,2024-01-26,1,2.24,23.03,232.5,0
mumbai,2024-01-27,1,4.34,22.16,217.7,0
mumbai,2024-01-28,1,1.93,19.11,247.9,0
mumbai,2024-01-29,1,3.19,18.07,221.3,0
mumbai,2024-01-30,1,7.28,20.1,259.8,0
mumbai,2024-01-31,1,4.9,20.19,308.5,0
mumbai,2024-02-01,2,6.15,20.22,54.8,0
mumbai,2024-02-02,2,1.45,24.58,99.7,0
mumbai,2024-02-03,2,2.0,25.11,84.2,0
mumbai,2024-02-04,2,1.67,23.84,54.9,0
mumbai,2024-02-05,2,0.04,23.45,78.6,0
mumbai,2024-02-06,2,1.98,23.75,57.1,0
mumbai,2024-02-07,2,3.01,21.89,87.0,0
mumbai,2024-02-08,2,1.91,23.75,83.4,0
mumbai,2024-02-09,2,1.08,21.19,134.8,0
mumbai,2024-02-10,2,1.81,21.99,89.6,0
mumbai,2024-02-11,2,2.43,20.78,112.1,0
mumbai,2024-02-12,2,1.79,23.53,92.6,0
mumbai,2024-02-13,2,3.71,23.23,43.1,0
mumbai,2024-02-14,2,1.45,20.82,107.0,0
mumbai,2024-02-15,2,0.63,27.87,41.5,0
mumbai,2024-02-16,2,4.95,22.19,73.7,0
mumbai,2024-02-17,2,3.54,22.14,59.5,0
mumbai,2024-02-18,2,2.36,22.45,94.6,0
mumbai,2024-02-19,2,2.98,26.66,57.8,0
mumbai,2024-02-20,2,0.03,22.14,150.3,0
mumbai,2024-02-21,2,6.96,20.97,90.6,0
mumbai,2024-02-22,2,1.2,21.75,88.2,0
mumbai,2024-02-23,2,1.32,24.24,75.5,0
mumbai,2024-02-24,2,0.96,20.15,92.8,0
mumbai,2024-02-25,2,1.68,24.06,116.5,0
mumbai,2024-02-26,2,2.12,21.09,89.8,0
mumbai,2024-02-27,2,4.59,24.05,93.4,0
mumbai,2024-02-28,2,0.56,23.77,131.1,0
mumbai,2024-02-29,2,5.02,24.11,92.0,0
mumbai,2024-03-01,3,4.09,33.97,109.7,0
mumbai,2024-03-02,3,4.04,31.14,80.0,0
mumbai,2024-03-03,3,1.62,32.6,112.8,0
mumbai,2024-03-04,3,1.92,29.67,90.7,0
mumbai,2024-03-05,3,5.72,32.53,88.6,0
mumbai,2024-03-06,3,4.9,34.86,84.4,0
mumbai,2024-03-07,3,4.44,32.07,82.0,0
mumbai,2024-03-08,3,7.04,32.45,95.8,0
mumbai,2024-03-09,3,1.69,32.54,99.1,0
mumbai,2024-03-10,3,7.1,32.7,129.5,0
mumbai,2024-03-11,3,2.05,31.82,22.8,0
mumbai,2024-03-12,3,1.49,33.99,115.2,0
mumbai,2024-03-13,3,3.34,30.87,77.7,0
mumbai,2024-03-14,3,1.28,27.94,126.5,0
mumbai,2024-03-15,3,6.08,31.79,126.8,0
mumbai,2024-03-16,3,2.32,32.27,54.6,0
mumbai,2024-03-17,3,5.02,31.2,105.7,0
mumbai,2024-03-18,3,1.47,33.56,93.8,0
mumbai,2024-03-19,3,7.6,34.06,50.5,0
mumbai,2024-03-20,3,3.76,33.33,102.3,0
mumbai,2024-03-21,3,1.86,30.07,94.5,0
mumbai,2024-03-22,3,0.39,27.45,24.8,0
mumbai,2024-03-23,3,4.07,31.62,61.7,0
mumbai,2024-03-24,3,1.89,32.84,105.4,0
mumbai,2024-03-25,3,1.83,33.78,74.2,0
mumbai,2024-03-26,3,3.61,31.23,101.0,0
mumbai,2024-03-27,3,7.21,28.23,81.1,0
mumbai,2024-03-28,3,0.45,33.56,118.5,0
mumbai,2024-03-29,3,6.74,33.47,70.5,0
mumbai,2024-03-30,3,2.4,31.07,92.1,0
mumbai,2024-03-31,3,4.94,32.7,124.9,0
mumbai,2024-04-01,4,2.74,39.68,95.7,0
mumbai,2024-04-02,4,4.48,34.78,69.4,0
mumbai,2024-04-03,4,5.92,37.7,85.9,0
mumbai,2024-04-04,4,4.35,40.84,142.5,0
mumbai,2024-04-05,4,0.9,39.97,82.6,0
mumbai,2024-04-06,4,1.08,39.25,94.3,0
mumbai,2024-04-07,4,5.94,39.62,71.3,0
mumbai,2024-04-08,4,2.61,37.52,23.8,0
mumbai,2024-04-09,4,1.89,34.26,44.9,0
mumbai,2024-04-10,4,3.85,37.99,90.2,0
mumbai,2024-04-11,4,4.72,37.24,33.7,0
mumbai,2024-04-12,4,2.46,36.84,84.2,0
mumbai,2024-04-13,4,1.03,38.94,122.3,0
mumbai,2024-04-14,4,2.29,37.6,70.4,0
mumbai,2024-04-15,4,0.6,34.68,98.0,0
mumbai,2024-04-16,4,3.26,40.24,73.7,0
mumbai,2024-04-17,4,2.51,37.17,81.9,0
mumbai,2024-04-18,4,1.03,36.62,80.8,0
mumbai,2024-04-19,4,6.08,37.42,83.3,0
mumbai,2024-04-20,4,1.3,40.85,124.7,0
mumbai,2024-04-21,4,4.99,34.93,111.2,0
mumbai,2024-04-22,4,2.68,39.16,109.1,0
mumbai,2024-04-23,4,2.35,36.91,89.0,0
mumbai,2024-04-24,4,1.91,43.76,75.4,1
mumbai,2024-04-25,4,0.27,39.87,119.1,0
mumbai,2024-04-26,4,3.08,42.08,67.6,1
mumbai,2024-04-27,4,0.97,36.21,131.8,0
mumbai,2024-04-28,4,1.84,34.76,69.2,0
mumbai,2024-04-29,4,0.33,40.74,121.0,0
mumbai,2024-04-30,4,4.84,37.89,53.6,0
mumbai,2024-05-01,5,0.95,42.34,129.3,1
mumbai,2024-05-02,5,5.66,42.9,68.6,1
mumbai,2024-05-03,5,4.79,40.83,53.0,0
mumbai,2024-05-04,5,1.37,46.98,76.1,1
mumbai,2024-05-05,5,2.17,40.91,106.4,0
mumbai,2024-05-06,5,2.26,41.0,79.1,0
mumbai,2024-05-07,5,0.34,42.49,110.9,1
mumbai,2024-05-08,5,1.72,40.12,45.4,0
mumbai,2024-05-09,5,3.3,39.12,142.0,0
mumbai,2024-05-10,5,8.81,42.76,126.8,1
mumbai,2024-05-11,5,0.86,41.45,85.0,0
mumbai,2024-05-12,5,1.52,43.32,104.8,1
mumbai,2024-05-13,5,4.38,39.55,152.2,0
mumbai,2024-05-14,5,1.0,43.78,117.0,1
mumbai,2024-05-15,5,7.69,45.45,76.0,1
mumbai,2024-05-16,5,2.07,40.15,97.2,0
mumbai,2024-05-17,5,2.75,46.74,99.2,1
mumbai,2024-05-18,5,1.63,41.87,116.2,0
mumbai,2024-05-19,5,2.04,40.85,123.8,0
mumbai,2024-05-20,5,2.16,40.3,64.7,0
mumbai,2024-05-21,5,3.56,41.75,25.9,0
mumbai,2024-05-22,5,13.35,45.59,79.9,1
mumbai,2024-05-23,5,3.05,46.18,84.1,1
mumbai,2024-05-24,5,2.0,45.53,83.9,1
mumbai,2024-05-25,5,2.02,45.21,109.7,1
mumbai,2024-05-26,5,2.61,47.11,82.8,1
mumbai,2024-05-27,5,4.35,45.4,60.9,1
mumbai,2024-05-28,5,0.6,41.41,69.5,0
mumbai,2024-05-29,5,1.44,44.91,111.8,1
mumbai,2024-05-30,5,3.27,44.04,72.2,1
mumbai,2024-05-31,5,3.7,45.56,100.5,1
mumbai,2024-06-01,6,46.78,36.76,89.3,0
mumbai,2024-06-02,6,12.66,38.11,93.2,0
mumbai,2024-06-03,6,20.23,34.61,96.4,0
mumbai,2024-06-04,6,22.52,36.77,84.6,0
mumbai,2024-06-05,6,23.97,35.18,67.1,0
mumbai,2024-06-06,6,11.58,36.52,85.4,0
mumbai,2024-06-07,6,37.06,37.87,29.9,0
mumbai,2024-06-08,6,35.49,35.92,40.4,0
mumbai,2024-06-09,6,50.66,32.36,95.5,1
mumbai,2024-06-10,6,70.73,40.88,56.8,1
mumbai,2024-06-11,6,39.07,39.35,105.2,0
mumbai,2024-06-12,6,46.5,43.92,67.8,1
mumbai,2024-06-13,6,41.85,37.01,77.7,0
mumbai,2024-06-14,6,13.26,38.43,80.2,0
mumbai,2024-06-15,6,25.31,36.68,123.8,0
mumbai,2024-06-16,6,18.07,36.84,75.7,0
mumbai,2024-06-17,6,41.44,38.08,118.3,0
mumbai,2024-06-18,6,30.01,38.19,88.0,0
mumbai,2024-06-19,6,77.72,41.25,117.8,1
mumbai,2024-06-20,6,43.87,40.87,58.3,0
mumbai,2024-06-21,6,46.45,37.52,94.2,0
mumbai,2024-06-22,6,22.51,39.6,46.8,0
mumbai,2024-06-23,6,19.04,37.38,85.6,0
mumbai,2024-06-24,6,15.49,41.3,78.1,0
mumbai,2024-06-25,6,32.0,40.48,87.7,0
mumbai,2024-06-26,6,36.33,36.26,67.7,0
mumbai,2024-06-27,6,15.97,36.66,123.8,0
mumbai,2024-06-28,6,7.48,41.69,95.8,0
mumbai,2024-06-29,6,20.01,37.31,85.1,0
mumbai,2024-06-30,6,23.22,36.4,44.2,0
mumbai,2024-07-01,7,10.61,31.54,60.2,0
mumbai,2024-07-02,7,1.16,31.62,87.7,0
mumbai,2024-07-03,7,30.35,32.04,106.4,0
mumbai,2024-07-04,7,10.08,34.23,93.6,0
mumbai,2024-07-05,7,82.25,33.35,107.8,1
mumbai,2024-07-06,7,22.5,30.85,119.4,0
mumbai,2024-07-07,7,15.85,29.52,46.0,0
mumbai,2024-07-08,7,33.99,32.1,110.1,0
mumbai,2024-07-09,7,48.64,28.8,65.1,1
mumbai,2024-07-10,7,15.83,30.41,84.7,0
mumbai,2024-07-11,7,87.54,33.07,91.5,1
mumbai,2024-07-12,7,25.47,30.7,78.7,0
mumbai,2024-07-13,7,23.21,32.79,132.4,0
mumbai,2024-07-14,7,38.22,31.26,137.4,0
mumbai,2024-07-15,7,12.05,33.28,82.9,0
mumbai,2024-07-16,7,24.29,28.33,80.4,0
mumbai,2024-07-17,7,33.67,29.82,85.3,0
mumbai,2024-07-18,7,30.89,33.17,150.7,0
mumbai,2024-07-19,7,30.16,33.68,71.5,0
mumbai,2024-07-20,7,114.96,28.21,47.3,1
mumbai,2024-07-21,7,24.22,32.9,101.1,0
mumbai,2024-07-22,7,31.13,32.66,150.7,0
mumbai,2024-07-23,7,8.16,32.33,91.2,0
mumbai,2024-07-24,7,44.64,30.84,102.8,0
mumbai,2024-07-25,7,30.45,35.61,84.3,0
mumbai,2024-07-26,7,50.03,29.41,97.0,1
mumbai,2024-07-27,7,9.83,31.37,90.0,0
mumbai,2024-07-28,7,9.31,33.21,104.1,0
mumbai,2024-07-29,7,49.84,31.13,88.0,0
mumbai,2024-07-30,7,15.04,32.68,112.3,0
mumbai,2024-07-31,7,25.98,29.31,41.9,0
mumbai,2024-08-01,8,31.61,32.3,34.0,0
mumbai,2024-08-02,8,52.53,32.81,42.6,1
mumbai,2024-08-03,8,65.45,29.51,90.4,1
mumbai,2024-08-04,8,11.24,32.43,84.3,0
mumbai,2024-08-05,8,5.74,35.97,138.5,0
mumbai,2024-08-06,8,28.43,33.56,81.3,0
mumbai,2024-08-07,8,66.66,31.19,46.5,1
mumbai,2024-08-08,8,26.0,30.9,59.2,0
mumbai,2024-08-09,8,19.49,32.89,20.0,0
mumbai,2024-08-10,8,30.51,31.04,118.7,0
mumbai,2024-08-11,8,53.49,33.48,36.6,1
mumbai,2024-08-12,8,33.3,33.38,20.0,0
mumbai,2024-08-13,8,14.01,29.95,110.4,0
mumbai,2024-08-14,8,9.13,31.5,124.0,0
mumbai,2024-08-15,8,10.03,29.6,76.1,0
mumbai,2024-08-16,8,36.81,34.92,38.4,0
mumbai,2024-08-17,8,15.87,32.46,65.1,0
mumbai,2024-08-18,8,38.37,33.14,93.2,0
mumbai,2024-08-19,8,5.39,33.59,78.5,0
mumbai,2024-08-20,8,31.67,27.38,94.7,0
mumbai,2024-08-21,8,54.97,33.99,96.9,1
mumbai,2024-08-22,8,37.73,31.15,110.3,0
mumbai,2024-08-23,8,16.79,33.08,103.2,0
mumbai,2024-08-24,8,45.49,33.27,92.6,0
mumbai,2024-08-25,8,9.72,31.23,68.6,0
mumbai,2024-08-26,8,67.93,28.96,79.3,1
mumbai,2024-08-27,8,48.84,33.15,144.6,0
mumbai,2024-08-28,8,27.07,32.49,131.6,0
mumbai,2024-08-29,8,10.76,31.44,75.6,0
mumbai,2024-08-30,8,12.32,32.75,114.3,0
mumbai,2024-08-31,8,15.14,33.54,126.4,0
mumbai,2024-09-01,9,18.24,32.14,70.8,0
mumbai,2024-09-02,9,6.11,29.8,44.3,0
mumbai,2024-09-03,9,32.0,30.63,85.5,0
mumbai,2024-09-04,9,8.22,33.86,56.5,0
mumbai,2024-09-05,9,34.43,33.08,85.4,0
mumbai,2024-09-06,9,37.58,34.29,79.2,0
mumbai,2024-09-07,9,4.27,31.41,74.2,0
mumbai,2024-09-08,9,9.85,28.66,91.0,0
mumbai,2024-09-09,9,7.8,35.03,71.6,0
mumbai,2024-09-10,9,8.7,35.4,45.1,0
mumbai,2024-09-11,9,8.64,28.51,86.2,0
mumbai,2024-09-12,9,28.94,29.43,68.3,0
mumbai,2024-09-13,9,17.15,31.83,95.6,0
mumbai,2024-09-14,9,17.41,30.37,51.0,0
mumbai,2024-09-15,9,26.85,34.38,120.4,0
mumbai,2024-09-16,9,3.13,33.85,120.5,0
mumbai,2024-09-17,9,18.38,31.57,98.3,0
mumbai,2024-09-18,9,43.84,33.45,83.1,0
mumbai,2024-09-19,9,14.5,33.14,88.1,0
mumbai,2024-09-20,9,32.22,31.33,64.1,0
mumbai,2024-09-21,9,13.42,31.74,114.8,0
mumbai,2024-09-22,9,10.48,28.79,90.5,0
mumbai,2024-09-23,9,14.01,29.42,110.7,0
mumbai,2024-09-24,9,9.88,32.53,100.8,0
mumbai,2024-09-25,9,22.61,30.43,69.3,0
mumbai,2024-09-26,9,6.67,30.34,141.2,0
mumbai,2024-09-27,9,11.77,30.84,97.2,0
mumbai,2024-09-28,9,21.59,32.94,48.0,0
mumbai,2024-09-29,9,17.53,33.74,116.6,0
mumbai,2024-09-30,9,7.76,32.08,94.6,0
mumbai,2024-10-01,10,3.87,30.43,93.6,0
mumbai,2024-10-02,10,2.82,33.44,199.2,0
mumbai,2024-10-03,10,1.18,30.79,186.6,0
mumbai,2024-10-04,10,7.82,30.47,120.6,0
mumbai,2024-10-05,10,0.36,32.05,77.4,0
mumbai,2024-10-06,10,2.23,30.62,142.6,0
mumbai,2024-10-07,10,1.66,29.49,159.4,0
mumbai,2024-10-08,10,1.8,31.44,151.3,0
mumbai,2024-10-09,10,0.88,33.14,164.0,0
mumbai,2024-10-10,10,1.72,30.78,138.0,0
mumbai,2024-10-11,10,0.42,29.3,95.3,0
mumbai,2024-10-12,10,3.2,33.09,100.6,0
mumbai,2024-10-13,10,0.61,31.54,109.5,0
mumbai,2024-10-14,10,2.57,37.97,147.5,0
mumbai,2024-10-15,10,4.07,32.84,153.2,0
mumbai,2024-10-16,10,8.07,29.74,105.4,0
mumbai,2024-10-17,10,3.32,31.17,126.1,0
mumbai,2024-10-18,10,4.42,33.84,126.6,0
mumbai,2024-10-19,10,3.07,31.57,125.7,0
mumbai,2024-10-20,10,9.68,32.87,130.6,0
mumbai,2024-10-21,10,1.37,34.04,197.7,0
mumbai,2024-10-22,10,0.46,28.24,167.6,0
mumbai,2024-10-23,10,4.64,26.73,135.1,0
mumbai,2024-10-24,10,2.87,33.85,142.6,0
mumbai,2024-10-25,10,1.0,30.21,122.8,0
mumbai,2024-10-26,10,0.92,33.3,131.0,0
mumbai,2024-10-27,10,2.57,31.4,133.5,0
mumbai,2024-10-28,10,10.61,29.78,102.1,0
mumbai,2024-10-29,10,4.05,32.56,187.8,0
mumbai,2024-10-30,10,2.96,32.78,72.4,0
mumbai,2024-10-31,10,1.94,29.36,128.9,0
mumbai,2024-11-01,11,1.12,31.87,171.7,0
mumbai,2024-11-02,11,4.32,30.79,186.3,0
mumbai,2024-11-03,11,5.06,31.02,147.7,0
mumbai,2024-11-04,11,1.25,30.75,174.5,0
mumbai,2024-11-05,11,1.35,27.59,218.7,0
mumbai,2024-11-06,11,4.39,33.3,145.9,0
mumbai,2024-11-07,11,1.92,31.99,188.1,0
mumbai,2024-11-08,11,6.05,32.91,223.7,0
mumbai,2024-11-09,11,3.71,33.58,145.7,0
mumbai,2024-11-10,11,2.35,34.81,200.9,0
mumbai,2024-11-11,11,1.56,31.04,190.7,0
mumbai,2024-11-12,11,2.65,35.4,212.1,0
mumbai,2024-11-13,11,2.6,33.88,177.2,0
mumbai,2024-11-14,11,0.73,30.3,160.4,0
mumbai,2024-11-15,11,0.84,30.43,205.5,0
mumbai,2024-11-16,11,1.99,30.18,225.6,0
mumbai,2024-11-17,11,3.26,34.06,207.8,0
mumbai,2024-11-18,11,0.83,32.34,196.6,0
mumbai,2024-11-19,11,0.76,30.21,149.6,0
mumbai,2024-11-20,11,3.71,33.7,143.0,0
mumbai,2024-11-21,11,3.36,33.25,151.5,0
mumbai,2024-11-22,11,5.79,32.7,133.1,0
mumbai,2024-11-23,11,2.42,31.47,200.1,0
mumbai,2024-11-24,11,1.78,32.67,189.5,0
mumbai,2024-11-25,11,3.17,28.93,214.8,0
mumbai,2024-11-26,11,1.11,29.97,172.7,0
mumbai,2024-11-27,11,2.18,31.73,125.6,0
mumbai,2024-11-28,11,3.56,33.24,219.9,0
mumbai,2024-11-29,11,2.99,34.18,209.0,0
mumbai,2024-11-30,11,2.88,32.29,180.7,0
mumbai,2024-12-01,12,1.69,25.53,184.4,0
mumbai,2024-12-02,12,1.42,23.14,162.0,0
mumbai,2024-12-03,12,3.53,24.17,223.0,0
mumbai,2024-12-04,12,1.29,20.28,269.4,0
mumbai,2024-12-05,12,7.7,22.41,185.6,0
mumbai,2024-12-06,12,4.13,24.86,275.6,0
mumbai,2024-12-07,12,3.38,20.64,253.6,0
mumbai,2024-12-08,12,3.18,25.51,250.6,0
mumbai,2024-12-09,12,3.05,23.33,195.6,0
mumbai,2024-12-10,12,12.92,22.88,190.5,0
mumbai,2024-12-11,12,2.99,21.99,172.8,0
mumbai,2024-12-12,12,4.8,22.25,211.5,0
mumbai,2024-12-13,12,2.61,20.88,235.0,0
mumbai,2024-12-14,12,3.95,23.66,200.9,0
mumbai,2024-12-15,12,1.32,22.91,249.6,0
mumbai,2024-12-16,12,2.19,23.31,219.5,0
mumbai,2024-12-17,12,1.51,21.99,202.6,0
mumbai,2024-12-18,12,1.96,19.3,173.9,0
mumbai,2024-12-19,12,1.54,19.99,193.7,0
mumbai,2024-12-20,12,1.5,21.7,266.1,0
mumbai,2024-12-21,12,0.79,23.59,208.3,0
mumbai,2024-12-22,12,1.6,20.55,167.5,0
mumbai,2024-12-23,12,2.0,21.68,234.0,0
mumbai,2024-12-24,12,2.59,27.79,182.2,0
mumbai,2024-12-25,12,3.91,22.24,200.0,0
mumbai,2024-12-26,12,4.25,21.3,189.4,0
mumbai,2024-12-27,12,0.14,26.07,249.4,0
mumbai,2024-12-28,12,3.2,23.14,261.7,0
mumbai,2024-12-29,12,2.5,21.84,250.4,0
mumbai,2024-12-30,12,2.17,19.59,125.3,0
mumbai,2024-12-31,12,0.54,24.3,214.0,0
mumbai,2025-01-01,1,0.4,18.95,237.3,0
mumbai,2025-01-02,1,2.91,24.61,300.8,0
mumbai,2025-01-03,1,8.76,20.48,189.1,0
mumbai,2025-01-04,1,4.12,21.23,219.1,0
mumbai,2025-01-05,1,1.37,19.13,265.3,0
mumbai,2025-01-06,1,1.58,18.59,258.6,0
mumbai,2025-01-07,1,5.11,19.77,255.5,0
mumbai,2025-01-08,1,1.08,19.74,266.5,0
mumbai,2025-01-09,1,0.82,22.16,241.2,0
mumbai,2025-01-10,1,3.33,21.87,288.9,0
mumbai,2025-01-11,1,1.31,21.72,230.6,0
mumbai,2025-01-12,1,1.82,18.93,232.0,0
mumbai,2025-01-13,1,2.8,20.43,299.7,0
mumbai,2025-01-14,1,1.91,15.3,237.0,0
mumbai,2025-01-15,1,1.45,23.58,234.0,0
mumbai,2025-01-16,1,0.82,22.34,258.5,0
mumbai,2025-01-17,1,3.26,28.65,253.7,0
mumbai,2025-01-18,1,1.47,20.23,260.6,0
mumbai,2025-01-19,1,2.17,19.95,259.5,0
mumbai,2025-01-20,1,1.02,19.97,218.1,0
mumbai,2025-01-21,1,1.55,23.31,261.8,0
mumbai,2025-01-22,1,1.56,22.17,307.5,0
mumbai,2025-01-23,1,1.96,22.14,298.0,0
mumbai,2025-01-24,1,2.5,20.41,250.1,0
mumbai,2025-01-25,1,2.41,21.3,272.9,0
mumbai,2025-01-26,1,0.54,22.54,238.3,0
mumbai,2025-01-27,1,1.03,22.71,281.7,0
mumbai,2025-01-28,1,4.59,19.59,245.1,0
mumbai,2025-01-29,1,0.43,20.02,237.9,0
mumbai,2025-01-30,1,0.78,21.45,217.6,0
mumbai,2025-01-31,1,2.4,14.82,314.3,0
mumbai,2025-02-01,2,1.66,23.97,135.6,0
mumbai,2025-02-02,2,0.97,26.53,81.9,0
mumbai,2025-02-03,2,3.45,21.39,71.7,0
mumbai,2025-02-04,2,1.45,20.93,96.9,0
mumbai,2025-02-05,2,6.75,19.22,87.9,0
mumbai,2025-02-06,2,0.61,27.01,93.7,0
mumbai,2025-02-07,2,0.91,25.57,64.6,0
mumbai,2025-02-08,2,3.34,23.44,147.3,0
mumbai,2025-02-09,2,3.98,19.73,61.2,0
mumbai,2025-02-10,2,2.04,23.23,59.2,0
mumbai,2025-02-11,2,2.08,26.07,108.1,0
mumbai,2025-02-12,2,2.38,22.62,37.7,0
mumbai,2025-02-13,2,3.42,19.22,64.2,0
mumbai,2025-02-14,2,1.6,26.82,47.5,0
mumbai,2025-02-15,2,3.59,25.21,75.9,0
mumbai,2025-02-16,2,2.09,25.69,124.6,0
mumbai,2025-02-17,2,1.46,20.0,20.0,0
mumbai,2025-02-18,2,1.55,24.14,104.5,0
mumbai,2025-02-19,2,3.15,19.3,78.3,0
mumbai,2025-02-20,2,2.6,23.94,89.2,0
mumbai,2025-02-21,2,1.47,23.95,60.5,0
mumbai,2025-02-22,2,2.35,23.93,86.0,0
mumbai,2025-02-23,2,1.23,24.26,94.7,0
mumbai,2025-02-24,2,1.37,23.49,24.4,0
mumbai,2025-02-25,2,4.89,23.89,125.9,0
mumbai,2025-02-26,2,0.61,21.62,57.9,0
mumbai,2025-02-27,2,0.35,21.93,96.1,0
mumbai,2025-02-28,2,0.74,22.25,54.0,0
mumbai,2025-03-01,3,1.78,28.97,99.6,0
mumbai,2025-03-02,3,6.9,32.04,100.6,0
mumbai,2025-03-03,3,1.83,32.45,110.8,0
mumbai,2025-03-04,3,0.68,35.41,149.7,0
mumbai,2025-03-05,3,2.92,33.55,106.6,0
mumbai,2025-03-06,3,2.68,31.5,83.0,0
mumbai,2025-03-07,3,4.95,31.63,99.3,0
mumbai,2025-03-08,3,2.15,34.44,110.2,0
mumbai,2025-03-09,3,0.36,31.81,102.6,0
mumbai,2025-03-10,3,1.06,34.56,130.4,0
mumbai,2025-03-11,3,1.52,35.3,122.1,0
mumbai,2025-03-12,3,1.2,32.72,103.3,0
mumbai,2025-03-13,3,0.78,32.9,33.9,0
mumbai,2025-03-14,3,0.77,31.43,134.9,0
mumbai,2025-03-15,3,1.52,31.61,67.3,0
mumbai,2025-03-16,3,4.62,35.31,78.8,0
mumbai,2025-03-17,3,1.48,31.72,112.2,0
mumbai,2025-03-18,3,0.29,34.64,84.5,0
mumbai,2025-03-19,3,2.3,31.82,88.9,0
mumbai,2025-03-20,3,5.99,33.9,59.4,0
mumbai,2025-03-21,3,3.18,31.46,71.1,0
mumbai,2025-03-22,3,2.37,32.86,104.1,0
mumbai,2025-03-23,3,1.23,30.58,30.4,0
mumbai,2025-03-24,3,1.35,26.19,78.8,0
mumbai,2025-03-25,3,0.88,28.74,97.6,0
mumbai,2025-03-26,3,0.75,30.79,103.7,0
mumbai,2025-03-27,3,1.54,30.61,140.9,0
mumbai,2025-03-28,3,1.05,31.81,77.5,0
mumbai,2025-03-29,3,0.97,33.22,105.7,0
mumbai,2025-03-30,3,1.73,30.0,67.4,0
mumbai,2025-03-31,3,0.54,31.0,105.5,0
mumbai,2025-04-01,4,4.41,36.19,80.1,0
mumbai,2025-04-02,4,1.15,41.06,78.7,0
mumbai,2025-04-03,4,1.91,40.19,144.9,0
mumbai,2025-04-04,4,1.61,39.82,50.6,0
mumbai,2025-04-05,4,6.95,39.83,33.5,0
mumbai,2025-04-06,4,1.66,39.27,117.8,0
mumbai,2025-04-07,4,3.33,36.5,69.7,0
mumbai,2025-04-08,4,1.15,40.06,76.4,0
mumbai,2025-04-09,4,4.2,41.73,135.7,0
mumbai,2025-04-10,4,3.79,41.96,117.5,0
mumbai,2025-04-11,4,1.16,36.3,112.7,0
mumbai,2025-04-12,4,5.58,39.79,122.2,0
mumbai,2025-04-13,4,2.87,36.71,127.5,0
mumbai,2025-04-14,4,3.9,38.32,80.5,0
mumbai,2025-04-15,4,2.21,36.26,147.3,0
mumbai,2025-04-16,4,0.67,38.78,96.6,0
mumbai,2025-04-17,4,2.39,38.77,118.1,0
mumbai,2025-04-18,4,2.27,44.14,95.9,1
mumbai,2025-04-19,4,1.13,38.05,113.2,0
mumbai,2025-04-20,4,3.11,36.93,147.0,0
mumbai,2025-04-21,4,2.7,39.68,121.7,0
mumbai,2025-04-22,4,2.95,38.7,109.6,0
mumbai,2025-04-23,4,0.79,37.92,91.4,0
mumbai,2025-04-24,4,1.01,40.75,30.9,0
mumbai,2025-04-25,4,3.72,38.86,109.4,0
mumbai,2025-04-26,4,1.89,36.65,78.7,0
mumbai,2025-04-27,4,2.77,36.57,130.7,0
mumbai,2025-04-28,4,4.97,38.67,108.3,0
mumbai,2025-04-29,4,11.33,34.1,116.3,0
mumbai,2025-04-30,4,0.48,41.41,81.5,0
mumbai,2025-05-01,5,1.33,46.04,20.0,1
mumbai,2025-05-02,5,5.29,43.88,65.5,1
mumbai,2025-05-03,5,0.44,40.89,124.1,0
mumbai,2025-05-04,5,2.89,41.32,142.0,0
mumbai,2025-05-05,5,3.71,44.26,100.8,1
mumbai,2025-05-06,5,6.93,43.2,76.2,1
mumbai,2025-05-07,5,0.38,42.48,102.5,1
mumbai,2025-05-08,5,2.16,41.24,64.4,0
mumbai,2025-05-09,5,2.4,43.59,62.9,1
mumbai,2025-05-10,5,0.49,43.72,149.1,1
mumbai,2025-05-11,5,2.22,45.03,43.6,1
mumbai,2025-05-12,5,6.31,44.35,74.4,1
mumbai,2025-05-13,5,8.52,44.21,143.9,1
mumbai,2025-05-14,5,3.72,42.71,78.8,1
mumbai,2025-05-15,5,1.99,41.15,126.9,0
mumbai,2025-05-16,5,0.95,46.46,22.3,1
mumbai,2025-05-17,5,0.76,42.16,79.8,1
mumbai,2025-05-18,5,3.08,43.35,84.6,1
mumbai,2025-05-19,5,1.49,44.12,60.6,1
mumbai,2025-05-20,5,0.78,39.83,83.6,0
mumbai,2025-05-21,5,4.37,41.78,148.6,0
mumbai,2025-05-22,5,1.45,43.56,95.2,1
mumbai,2025-05-23,5,3.26,43.05,54.1,1
mumbai,2025-05-24,5,5.84,46.81,65.0,1
mumbai,2025-05-25,5,1.68,44.21,68.2,1
mumbai,2025-05-26,5,8.53,45.58,34.6,1
mumbai,2025-05-27,5,4.26,41.57,92.3,0
mumbai,2025-05-28,5,4.11,43.48,66.9,1
mumbai,2025-05-29,5,1.57,47.15,48.4,1
mumbai,2025-05-30,5,3.25,46.18,88.6,1
mumbai,2025-05-31,5,1.09,44.18,107.1,1
mumbai,2025-06-01,6,26.08,38.2,106.8,0
mumbai,2025-06-02,6,11.09,39.27,20.0,0
mumbai,2025-06-03,6,36.6,38.65,131.4,0
mumbai,2025-06-04,6,21.08,37.05,77.9,0
mumbai,2025-06-05,6,78.12,36.74,93.9,1
mumbai,2025-06-06,6,13.71,35.81,74.0,0
mumbai,2025-06-07,6,13.49,38.25,99.8,0
mumbai,2025-06-08,6,50.81,38.91,131.5,1
mumbai,2025-06-09,6,31.16,40.6,44.4,0
mumbai,2025-06-10,6,68.74,42.94,116.7,1
mumbai,2025-06-11,6,34.05,35.85,132.0,0
mumbai,2025-06-12,6,33.61,39.79,55.8,0
mumbai,2025-06-13,6,20.61,36.79,74.5,0
mumbai,2025-06-14,6,14.23,38.14,73.2,0
mumbai,2025-06-15,6,80.6,38.44,54.9,1
mumbai,2025-06-16,6,66.88,42.19,106.4,1
mumbai,2025-06-17,6,23.72,38.75,49.9,0
mumbai,2025-06-18,6,16.06,38.66,75.4,0
mumbai,2025-06-19,6,40.06,38.22,87.6,0
mumbai,2025-06-20,6,4.33,38.64,119.3,0
mumbai,2025-06-21,6,2.14,36.17,143.1,0
mumbai,2025-06-22,6,0.72,37.75,59.7,0
mumbai,2025-06-23,6,14.66,38.62,105.2,0
mumbai,2025-06-24,6,10.01,40.67,80.2,0
mumbai,2025-06-25,6,18.98,39.64,121.2,0
mumbai,2025-06-26,6,5.83,43.69,84.5,1
mumbai,2025-06-27,6,16.84,39.41,79.6,0
mumbai,2025-06-28,6,14.91,39.59,99.7,0
mumbai,2025-06-29,6,21.45,37.21,122.3,0
mumbai,2025-06-30,6,14.16,41.6,103.0,0
mumbai,2025-07-01,7,42.46,32.32,79.0,0
mumbai,2025-07-02,7,70.64,27.57,94.7,1
mumbai,2025-07-03,7,30.14,30.07,138.9,0
mumbai,2025-07-04,7,18.41,29.65,20.0,0
mumbai,2025-07-05,7,19.44,34.99,145.7,0
mumbai,2025-07-06,7,27.66,29.52,48.1,0
mumbai,2025-07-07,7,38.58,31.9,85.2,0
mumbai,2025-07-08,7,38.36,34.9,108.4,0
mumbai,2025-07-09,7,93.22,33.37,134.0,1
mumbai,2025-07-10,7,10.87,31.93,144.3,0
mumbai,2025-07-11,7,7.13,28.32,89.0,0
mumbai,2025-07-12,7,47.48,32.25,63.3,0
mumbai,2025-07-13,7,28.59,33.16,20.0,0
mumbai,2025-07-14,7,29.12,32.1,96.9,0
mumbai,2025-07-15,7,62.53,34.51,101.8,1
mumbai,2025-07-16,7,82.76,31.12,51.9,1
mumbai,2025-07-17,7,37.17,30.74,67.5,0
mumbai,2025-07-18,7,43.86,28.33,147.6,1
mumbai,2025-07-19,7,9.61,32.14,51.2,0
mumbai,2025-07-20,7,16.56,30.16,130.1,0
mumbai,2025-07-21,7,66.73,36.61,45.6,1
mumbai,2025-07-22,7,69.81,34.29,109.5,1
mumbai,2025-07-23,7,22.31,32.67,83.2,0
mumbai,2025-07-24,7,14.64,30.56,90.0,0
mumbai,2025-07-25,7,65.47,33.56,66.3,1
mumbai,2025-07-26,7,15.28,34.16,106.8,0
mumbai,2025-07-27,7,34.57,33.39,112.0,0
mumbai,2025-07-28,7,12.43,31.43,105.9,0
mumbai,2025-07-29,7,85.7,28.04,91.4,1
mumbai,2025-07-30,7,99.24,30.1,75.0,1
mumbai,2025-07-31,7,7.64,33.19,71.0,0
mumbai,2025-08-01,8,21.74,33.49,44.8,0
mumbai,2025-08-02,8,9.05,30.02,88.9,0
mumbai,2025-08-03,8,12.97,29.77,78.7,0
mumbai,2025-08-04,8,43.7,32.82,106.5,0
mumbai,2025-08-05,8,33.58,32.28,90.2,0
mumbai,2025-08-06,8,2.58,29.91,90.9,0
mumbai,2025-08-07,8,51.96,30.77,125.8,1
mumbai,2025-08-08,8,8.08,33.63,77.2,0
mumbai,2025-08-09,8,35.3,30.56,55.7,0
mumbai,2025-08-10,8,46.71,31.59,144.2,0
mumbai,2025-08-11,8,9.43,31.21,49.7,0
mumbai,2025-08-12,8,30.79,36.97,97.9,0
mumbai,2025-08-13,8,61.66,31.7,72.2,1
mumbai,2025-08-14,8,33.18,34.44,121.7,0
mumbai,2025-08-15,8,48.28,31.37,83.4,0
mumbai,2025-08-16,8,11.54,32.15,95.6,0
mumbai,2025-08-17,8,6.96,33.59,85.8,0
mumbai,2025-08-18,8,33.01,29.95,80.9,0
mumbai,2025-08-19,8,26.74,31.47,46.9,0
mumbai,2025-08-20,8,7.56,26.56,118.3,0
mumbai,2025-08-21,8,26.56,34.1,84.6,0
mumbai,2025-08-22,8,24.15,28.89,142.4,0
mumbai,2025-08-23,8,66.22,31.24,104.9,1
mumbai,2025-08-24,8,54.56,28.69,81.4,1
mumbai,2025-08-25,8,28.0,35.3,113.8,0
mumbai,2025-08-26,8,23.85,29.18,77.7,0
mumbai,2025-08-27,8,37.24,33.36,99.7,0
mumbai,2025-08-28,8,29.82,32.07,58.7,0
mumbai,2025-08-29,8,8.31,29.02,72.4,0
mumbai,2025-08-30,8,33.53,31.79,76.4,0
mumbai,2025-08-31,8,16.22,34.19,93.1,0
mumbai,2025-09-01,9,53.44,31.58,135.1,1
mumbai,2025-09-02,9,14.88,32.59,65.6,0
mumbai,2025-09-03,9,26.74,32.58,73.1,0
mumbai,2025-09-04,9,3.81,30.97,120.1,0
mumbai,2025-09-05,9,9.93,29.87,66.3,0
mumbai,2025-09-06,9,17.9,29.35,35.1,0
mumbai,2025-09-07,9,4.78,31.97,117.5,0
mumbai,2025-09-08,9,8.08,31.38,85.5,0
mumbai,2025-09-09,9,11.52,30.16,75.2,0
mumbai,2025-09-10,9,10.96,32.58,95.4,0
mumbai,2025-09-11,9,35.81,31.59,96.6,0
mumbai,2025-09-12,9,41.63,32.14,85.1,0
mumbai,2025-09-13,9,17.6,29.22,42.0,0
mumbai,2025-09-14,9,4.84,32.32,74.6,0
mumbai,2025-09-15,9,6.8,33.31,114.3,0
mumbai,2025-09-16,9,6.16,32.84,83.4,0
mumbai,2025-09-17,9,7.92,31.23,86.3,0
mumbai,2025-09-18,9,10.84,29.63,102.1,0
mumbai,2025-09-19,9,9.48,31.91,95.5,0
mumbai,2025-09-20,9,8.48,34.34,78.6,0
mumbai,2025-09-21,9,11.47,34.36,104.4,0
mumbai,2025-09-22,9,12.77,30.94,47.9,0
mumbai,2025-09-23,9,36.16,34.48,101.4,0
mumbai,2025-09-24,9,6.33,31.38,66.6,0
mumbai,2025-09-25,9,5.96,35.22,114.8,0
mumbai,2025-09-26,9,31.58,31.07,132.3,0
mumbai,2025-09-27,9,13.38,34.59,56.8,0
mumbai,2025-09-28,9,11.14,31.7,71.9,0
mumbai,2025-09-29,9,3.98,31.1,66.3,0
mumbai,2025-09-30,9,14.92,31.57,104.2,0
mumbai,2025-10-01,10,1.9,32.64,184.6,0
mumbai,2025-10-02,10,2.5,33.99,120.9,0
mumbai,2025-10-03,10,1.58,29.81,90.7,0
mumbai,2025-10-04,10,1.19,34.38,153.5,0
mumbai,2025-10-05,10,6.04,28.93,129.1,0
mumbai,2025-10-06,10,2.82,32.35,143.9,0
mumbai,2025-10-07,10,2.08,27.61,130.1,0
mumbai,2025-10-08,10,2.51,33.7,118.8,0
mumbai,2025-10-09,10,4.67,31.21,165.0,0
mumbai,2025-10-10,10,5.66,33.42,125.0,0
mumbai,2025-10-11,10,4.75,35.34,106.7,0
mumbai,2025-10-12,10,6.4,31.36,100.9,0
mumbai,2025-10-13,10,3.21,29.17,141.6,0
mumbai,2025-10-14,10,4.51,30.31,108.5,0
mumbai,2025-10-15,10,7.28,32.45,103.9,0
mumbai,2025-10-16,10,2.0,33.92,148.9,0
mumbai,2025-10-17,10,0.76,32.34,180.6,0
mumbai,2025-10-18,10,3.6,32.12,146.6,0
mumbai,2025-10-19,10,5.21,29.33,165.2,0
mumbai,2025-10-20,10,1.42,30.81,63.3,0
mumbai,2025-10-21,10,1.61,33.83,137.9,0
mumbai,2025-10-22,10,2.01,31.44,96.6,0
mumbai,2025-10-23,10,3.27,30.33,100.0,0
mumbai,2025-10-24,10,3.28,31.81,127.8,0
mumbai,2025-10-25,10,4.81,32.37,152.7,0
mumbai,2025-10-26,10,2.11,32.1,158.1,0
mumbai,2025-10-27,10,1.35,32.73,209.5,0
mumbai,2025-10-28,10,5.22,31.21,101.9,0
mumbai,2025-10-29,10,2.91,32.17,137.3,0
mumbai,2025-10-30,10,2.47,33.14,103.5,0
mumbai,2025-10-31,10,5.56,35.28,73.3,0
mumbai,2025-11-01,11,2.93,33.11,163.6,0
mumbai,2025-11-02,11,7.54,30.45,193.3,0
mumbai,2025-11-03,11,0.4,27.87,180.9,0
mumbai,2025-11-04,11,1.74,35.29,190.8,0
mumbai,2025-11-05,11,1.06,31.94,251.7,0
mumbai,2025-11-06,11,2.97,26.59,161.1,0
mumbai,2025-11-07,11,1.5,33.27,227.3,0
mumbai,2025-11-08,11,2.3,30.03,186.0,0
mumbai,2025-11-09,11,2.11,30.84,164.4,0
mumbai,2025-11-10,11,0.47,36.34,137.3,0
mumbai,2025-11-11,11,0.32,33.57,171.7,0
mumbai,2025-11-12,11,1.11,35.2,204.1,0
mumbai,2025-11-13,11,4.11,29.17,228.6,0
mumbai,2025-11-14,11,2.06,33.03,173.4,0
mumbai,2025-11-15,11,2.21,30.62,207.8,0
mumbai,2025-11-16,11,8.69,33.86,167.5,0
mumbai,2025-11-17,11,3.71,37.63,221.1,0
mumbai,2025-11-18,11,0.44,32.92,185.8,0
mumbai,2025-11-19,11,0.9,32.41,165.0,0
mumbai,2025-11-20,11,5.76,33.5,188.4,0
mumbai,2025-11-21,11,0.97,32.64,202.9,0
mumbai,2025-11-22,11,4.84,33.14,158.9,0
mumbai,2025-11-23,11,0.49,31.71,177.2,0
mumbai,2025-11-24,11,1.85,31.22,170.8,0
mumbai,2025-11-25,11,3.54,30.6,169.1,0
mumbai,2025-11-26,11,2.34,34.62,173.3,0
mumbai,2025-11-27,11,4.11,32.16,174.6,0
mumbai,2025-11-28,11,2.54,29.8,222.6,0
mumbai,2025-11-29,11,2.06,32.44,210.5,0
mumbai,2025-11-30,11,3.88,33.19,162.3,0
mumbai,2025-12-01,12,2.03,22.54,195.6,0
mumbai,2025-12-02,12,0.84,25.1,251.6,0
mumbai,2025-12-03,12,2.14,22.89,256.6,0
mumbai,2025-12-04,12,1.94,24.69,201.7,0
mumbai,2025-12-05,12,6.21,19.34,199.8,0
mumbai,2025-12-06,12,3.83,21.91,168.3,0
mumbai,2025-12-07,12,1.55,20.32,228.6,0
mumbai,2025-12-08,12,1.31,23.02,192.1,0
mumbai,2025-12-09,12,1.04,26.0,229.1,0
mumbai,2025-12-10,12,0.08,24.54,263.2,0
mumbai,2025-12-11,12,2.06,21.62,227.0,0
mumbai,2025-12-12,12,3.51,25.68,221.1,0
mumbai,2025-12-13,12,4.78,23.18,222.2,0
mumbai,2025-12-14,12,1.47,22.89,202.0,0
mumbai,2025-12-15,12,2.19,24.38,218.5,0
mumbai,2025-12-16,12,3.3,21.45,169.1,0
mumbai,2025-12-17,12,2.45,21.53,248.8,0
mumbai,2025-12-18,12,1.77,21.91,220.4,0
mumbai,2025-12-19,12,6.04,21.43,196.0,0
mumbai,2025-12-20,12,1.96,23.38,185.1,0
mumbai,2025-12-21,12,2.15,26.03,214.7,0
mumbai,2025-12-22,12,2.77,21.38,222.1,0
mumbai,2025-12-23,12,0.82,21.57,223.1,0
mumbai,2025-12-24,12,3.01,22.93,173.8,0
mumbai,2025-12-25,12,10.69,24.59,178.0,0
mumbai,2025-12-26,12,3.4,22.89,192.3,0
mumbai,2025-12-27,12,0.93,20.46,201.2,0
mumbai,2025-12-28,12,2.52,23.39,139.4,0
mumbai,2025-12-29,12,1.06,20.15,220.2,0
mumbai,2025-12-30,12,3.09,22.49,241.8,0
delhi,2023-01-01,1,4.05,19.84,843.7,1
delhi,2023-01-02,1,5.01,20.79,819.4,1
delhi,2023-01-03,1,0.34,21.84,788.5,1
delhi,2023-01-04,1,0.26,23.51,772.1,1
delhi,2023-01-05,1,0.44,23.67,773.6,1
delhi,2023-01-06,1,3.25,20.64,816.2,1
delhi,2023-01-07,1,0.79,20.85,737.7,1
delhi,2023-01-08,1,1.42,25.19,786.2,1
delhi,2023-01-09,1,1.76,21.22,751.3,1
delhi,2023-01-10,1,1.49,22.87,761.3,1
delhi,2023-01-11,1,1.03,22.8,775.4,1
delhi,2023-01-12,1,2.14,20.22,727.4,1
delhi,2023-01-13,1,0.76,18.56,811.9,1
delhi,2023-01-14,1,1.13,19.75,781.1,1
delhi,2023-01-15,1,0.14,19.6,755.0,1
delhi,2023-01-16,1,1.19,21.53,792.7,1
delhi,2023-01-17,1,1.29,23.12,813.2,1
delhi,2023-01-18,1,0.64,21.21,788.4,1
delhi,2023-01-19,1,0.72,21.82,771.1,1
delhi,2023-01-20,1,0.29,20.38,767.0,1
delhi,2023-01-21,1,0.45,18.69,787.8,1
delhi,2023-01-22,1,0.52,19.21,833.5,1
delhi,2023-01-23,1,0.68,18.19,736.1,1
delhi,2023-01-24,1,0.73,22.26,749.9,1
delhi,2023-01-25,1,0.57,21.79,795.5,1
delhi,2023-01-26,1,0.89,22.81,772.1,1
delhi,2023-01-27,1,1.09,20.76,780.8,1
delhi,2023-01-28,1,2.84,18.65,812.1,1
delhi,2023-01-29,1,0.76,24.2,771.9,1
delhi,2023-01-30,1,2.03,18.49,796.7,1
delhi,2023-01-31,1,3.44,16.67,774.5,1
delhi,2023-02-01,2,2.4,23.42,289.7,0
delhi,2023-02-02,2,5.01,22.95,232.5,0
delhi,2023-02-03,2,0.54,21.92,245.4,0
delhi,2023-02-04,2,0.6,23.85,301.5,0
delhi,2023-02-05,2,1.48,22.39,267.7,0
delhi,2023-02-06,2,1.55,23.59,315.9,0
delhi,2023-02-07,2,0.76,27.24,282.9,0
delhi,2023-02-08,2,0.96,19.56,263.6,0
delhi,2023-02-09,2,0.46,23.31,265.0,0
delhi,2023-02-10,2,1.72,18.3,341.3,0
delhi,2023-02-11,2,1.56,21.49,292.8,0
delhi,2023-02-12,2,2.66,21.83,267.9,0
delhi,2023-02-13,2,0.7,20.17,313.7,0
delhi,2023-02-14,2,1.64,23.69,264.0,0
delhi,2023-02-15,2,2.25,20.32,289.6,0
delhi,2023-02-16,2,1.1,25.2,308.3,0
delhi,2023-02-17,2,1.78,25.18,290.6,0
delhi,2023-02-18,2,0.58,22.79,305.4,0
delhi,2023-02-19,2,1.14,22.27,268.8,0
delhi,2023-02-20,2,4.03,20.92,205.1,0
delhi,2023-02-21,2,1.45,24.26,257.6,0
delhi,2023-02-22,2,1.29,22.34,213.4,0
delhi,2023-02-23,2,3.1,20.87,250.3,0
delhi,2023-02-24,2,2.37,23.74,254.7,0
delhi,2023-02-25,2,1.35,22.07,276.2,0
delhi,2023-02-26,2,2.44,23.49,263.2,0
delhi,2023-02-27,2,0.79,24.43,289.3,0
delhi,2023-02-28,2,0.26,24.14,300.4,0
delhi,2023-03-01,3,0.16,30.48,286.0,0
delhi,2023-03-02,3,0.97,31.01,265.1,0
delhi,2023-03-03,3,2.73,32.59,282.9,0
delhi,2023-03-04,3,0.76,29.69,240.0,0
delhi,2023-03-05,3,0.27,33.32,302.4,0
delhi,2023-03-06,3,3.15,33.69,314.9,0
delhi,2023-03-07,3,0.77,29.69,291.5,0
delhi,2023-03-08,3,0.62,32.21,291.6,0
delhi,2023-03-09,3,1.59,34.57,301.2,0
delhi,2023-03-10,3,2.46,31.08,302.7,0
delhi,2023-03-11,3,0.33,34.11,282.4,0
delhi,2023-03-12,3,0.85,30.31,296.6,0
delhi,2023-03-13,3,1.22,28.81,266.2,0
delhi,2023-03-14,3,0.92,33.76,280.0,0
delhi,2023-03-15,3,1.67,30.08,294.2,0
delhi,2023-03-16,3,0.58,30.39,312.3,0
delhi,2023-03-17,3,0.41,30.08,239.4,0
delhi,2023-03-18,3,0.26,32.83,294.9,0
delhi,2023-03-19,3,0.99,33.38,288.0,0
delhi,2023-03-20,3,2.0,31.86,252.2,0
delhi,2023-03-21,3,0.76,31.64,252.6,0
delhi,2023-03-22,3,0.89,32.69,245.7,0
delhi,2023-03-23,3,1.85,31.02,312.2,0
delhi,2023-03-24,3,1.79,36.15,311.0,0
delhi,2023-03-25,3,3.28,31.89,263.5,0
delhi,2023-03-26,3,1.42,33.89,312.7,0
delhi,2023-03-27,3,2.81,33.48,260.9,0
delhi,2023-03-28,3,1.47,31.39,325.7,0
delhi,2023-03-29,3,0.34,28.36,262.1,0
delhi,2023-03-30,3,1.64,33.17,276.2,0
delhi,2023-03-31,3,1.03,34.79,305.2,0
delhi,2023-04-01,4,2.3,36.47,323.5,0
delhi,2023-04-02,4,0.32,37.32,299.7,0
delhi,2023-04-03,4,0.47,41.84,272.7,0
delhi,2023-04-04,4,1.72,40.1,243.1,0
delhi,2023-04-05,4,3.25,38.43,264.8,0
delhi,2023-04-06,4,0.59,40.02,262.5,0
delhi,2023-04-07,4,0.66,37.96,280.8,0
delhi,2023-04-08,4,1.35,37.27,304.9,0
delhi,2023-04-09,4,1.46,36.43,316.8,0
delhi,2023-04-10,4,1.24,40.44,307.6,0
delhi,2023-04-11,4,0.86,36.24,274.1,0
delhi,2023-04-12,4,0.75,38.38,284.7,0
delhi,2023-04-13,4,1.0,40.98,307.8,0
delhi,2023-04-14,4,1.48,41.67,319.4,0
delhi,2023-04-15,4,0.46,37.89,258.0,0
delhi,2023-04-16,4,0.71,38.54,219.4,0
delhi,2023-04-17,4,3.23,37.38,244.9,0
delhi,2023-04-18,4,5.0,38.37,276.8,0
delhi,2023-04-19,4,0.86,41.85,300.2,0
delhi,2023-04-20,4,0.77,37.07,258.0,0
delhi,2023-04-21,4,2.64,39.25,298.0,0
delhi,2023-04-22,4,0.91,37.04,192.6,0
delhi,2023-04-23,4,1.83,35.96,279.8,0
delhi,2023-04-24,4,1.43,40.03,283.9,0
delhi,2023-04-25,4,1.04,41.18,273.0,0
delhi,2023-04-26,4,5.94,35.17,273.1,0
delhi,2023-04-27,4,1.02,39.65,346.5,0
delhi,2023-04-28,4,1.87,37.77,251.8,0
delhi,2023-04-29,4,1.5,36.8,259.3,0
delhi,2023-04-30,4,2.04,39.84,275.3,0
delhi,2023-05-01,5,0.73,46.53,243.0,1
delhi,2023-05-02,5,2.43,44.16,248.3,1
delhi,2023-05-03,5,2.23,41.27,311.0,0
delhi,2023-05-04,5,3.46,42.74,262.7,1
delhi,2023-05-05,5,3.28,41.8,259.8,0
delhi,2023-05-06,5,0.66,40.31,265.5,0
delhi,2023-05-07,5,1.17,43.69,271.2,1
delhi,2023-05-08,5,1.53,44.22,318.2,1
delhi,2023-05-09,5,1.38,42.26,318.6,1
delhi,2023-05-10,5,0.74,44.35,276.1,1
delhi,2023-05-11,5,3.17,42.23,294.7,1
delhi,2023-05-12,5,1.86,44.02,290.7,1
delhi,2023-05-13,5,1.33,43.12,283.8,1
delhi,2023-05-14,5,0.42,44.65,283.4,1
delhi,2023-05-15,5,2.5,44.24,219.0,1
delhi,2023-05-16,5,4.61,43.62,265.3,1
delhi,2023-05-17,5,3.51,43.24,292.2,1
delhi,2023-05-18,5,0.53,43.78,308.7,1
delhi,2023-05-19,5,0.63,43.27,303.1,1
delhi,2023-05-20,5,0.74,43.2,292.4,1
delhi,2023-05-21,5,3.54,42.63,340.0,1
delhi,2023-05-22,5,4.42,45.41,272.3,1
delhi,2023-05-23,5,1.04,42.39,291.8,1
delhi,2023-05-24,5,0.71,40.21,318.4,0
delhi,2023-05-25,5,0.71,44.64,303.4,1
delhi,2023-05-26,5,0.53,41.21,287.5,0
delhi,2023-05-27,5,0.42,42.69,267.9,1
delhi,2023-05-28,5,1.53,44.49,280.6,1
delhi,2023-05-29,5,2.17,41.01,184.7,0
delhi,2023-05-30,5,1.54,43.78,277.0,1
delhi,2023-05-31,5,0.12,44.66,260.5,1
delhi,2023-06-01,6,1.22,38.06,253.5,0
delhi,2023-06-02,6,8.11,39.37,221.5,0
delhi,2023-06-03,6,1.3,39.88,277.0,0
delhi,2023-06-04,6,16.51,37.87,232.1,0
delhi,2023-06-05,6,6.62,39.7,278.3,0
delhi,2023-06-06,6,9.52,39.91,222.6,0
delhi,2023-06-07,6,20.03,36.79,269.3,0
delhi,2023-06-08,6,16.96,41.04,253.8,0
delhi,2023-06-09,6,19.61,37.84,279.1,0
delhi,2023-06-10,6,3.54,38.27,287.2,0
delhi,2023-06-11,6,13.34,40.0,310.2,0
delhi,2023-06-12,6,22.94,36.03,281.5,0
delhi,2023-06-13,6,33.19,37.46,257.2,0
delhi,2023-06-14,6,30.67,37.09,274.0,0
delhi,2023-06-15,6,5.76,40.73,295.9,0
delhi,2023-06-16,6,1.05,37.34,288.9,0
delhi,2023-06-17,6,16.7,33.15,356.5,0
delhi,2023-06-18,6,18.38,38.7,260.9,0
delhi,2023-06-19,6,13.06,40.14,308.5,0
delhi,2023-06-20,6,13.81,38.12,248.6,0
delhi,2023-06-21,6,6.07,38.25,229.5,0
delhi,2023-06-22,6,14.44,38.33,264.0,0
delhi,2023-06-23,6,14.02,44.55,320.8,1
delhi,2023-06-24,6,3.91,38.87,306.1,0
delhi,2023-06-25,6,2.26,37.04,309.0,0
delhi,2023-06-26,6,24.8,41.15,285.1,0
delhi,2023-06-27,6,16.68,39.66,265.8,0
delhi,2023-06-28,6,6.42,41.62,259.2,0
delhi,2023-06-29,6,15.13,36.76,243.4,0
delhi,2023-06-30,6,7.76,38.15,272.4,0
delhi,2023-07-01,7,7.04,33.34,298.1,0
delhi,2023-07-02,7,12.1,29.96,291.4,0
delhi,2023-07-03,7,11.56,31.01,245.4,0
delhi,2023-07-04,7,20.37,30.35,320.0,0
delhi,2023-07-05,7,5.05,32.42,292.6,0
delhi,2023-07-06,7,33.23,35.33,289.2,0
delhi,2023-07-07,7,25.46,34.83,299.6,0
delhi,2023-07-08,7,30.85,29.42,275.7,0
delhi,2023-07-09,7,35.21,27.62,309.1,0
delhi,2023-07-10,7,23.52,32.01,316.9,0
delhi,2023-07-11,7,32.84,29.2,346.2,0
delhi,2023-07-12,7,37.44,30.52,240.0,0
delhi,2023-07-13,7,12.17,32.87,325.9,0
delhi,2023-07-14,7,21.84,32.65,238.3,0
delhi,2023-07-15,7,14.27,34.12,246.0,0
delhi,2023-07-16,7,14.78,31.75,289.3,0
delhi,2023-07-17,7,9.55,31.53,311.0,0
delhi,2023-07-18,7,9.26,35.06,277.6,0
delhi,2023-07-19,7,6.74,27.83,293.2,0
delhi,2023-07-20,7,22.22,27.56,252.2,0
delhi,2023-07-21,7,7.09,33.13,329.1,0
delhi,2023-07-22,7,13.97,32.14,370.4,0
delhi,2023-07-23,7,26.14,31.77,297.0,0
delhi,2023-07-24,7,9.54,31.9,289.4,0
delhi,2023-07-25,7,51.89,33.62,254.6,1
delhi,2023-07-26,7,11.77,31.09,250.6,0
delhi,2023-07-27,7,8.08,34.1,294.6,0
delhi,2023-07-28,7,8.87,31.72,281.7,0
delhi,2023-07-29,7,20.62,32.02,272.9,0
delhi,2023-07-30,7,17.68,30.98,281.3,0
delhi,2023-07-31,7,23.9,32.31,291.9,0
delhi,2023-08-01,8,13.94,30.53,205.9,0
delhi,2023-08-02,8,2.66,29.94,266.8,0
delhi,2023-08-03,8,34.51,32.03,295.3,0
delhi,2023-08-04,8,12.55,33.46,296.2,0
delhi,2023-08-05,8,24.25,36.79,272.3,0
delhi,2023-08-06,8,2.9,35.25,291.5,0
delhi,2023-08-07,8,20.98,28.62,325.2,0
delhi,2023-08-08,8,9.46,27.85,279.3,0
delhi,2023-08-09,8,31.28,31.63,273.4,0
delhi,2023-08-10,8,18.06,29.57,246.4,0
delhi,2023-08-11,8,24.15,32.04,308.2,0
delhi,2023-08-12,8,10.61,31.33,239.8,0
delhi,2023-08-13,8,24.7,31.59,289.2,0
delhi,2023-08-14,8,14.62,29.64,273.4,0
delhi,2023-08-15,8,22.61,28.89,326.3,0
delhi,2023-08-16,8,15.57,30.01,284.1,0
delhi,2023-08-17,8,15.56,29.86,282.6,0
delhi,2023-08-18,8,10.3,31.97,295.2,0
delhi,2023-08-19,8,15.56,30.57,298.8,0
delhi,2023-08-20,8,11.67,29.22,331.1,0
delhi,2023-08-21,8,13.32,31.31,289.4,0
delhi,2023-08-22,8,16.1,30.47,282.0,0
delhi,2023-08-23,8,29.56,33.0,281.0,0
delhi,2023-08-24,8,25.71,29.85,282.4,0
delhi,2023-08-25,8,9.8,37.08,299.4,0
delhi,2023-08-26,8,14.44,35.35,262.3,0
delhi,2023-08-27,8,3.02,33.63,270.2,0
delhi,2023-08-28,8,6.35,33.38,259.5,0
delhi,2023-08-29,8,11.7,31.97,297.7,0
delhi,2023-08-30,8,23.49,32.87,305.3,0
delhi,2023-08-31,8,19.48,32.91,297.5,0
delhi,2023-09-01,9,5.75,30.62,260.2,0
delhi,2023-09-02,9,5.15,33.07,267.3,0
delhi,2023-09-03,9,17.2,33.82,283.7,0
delhi,2023-09-04,9,7.56,31.58,276.9,0
delhi,2023-09-05,9,16.5,33.04,264.1,0
delhi,2023-09-06,9,3.89,31.98,245.0,0
delhi,2023-09-07,9,8.39,32.55,217.8,0
delhi,2023-09-08,9,7.75,32.03,253.6,0
delhi,2023-09-09,9,21.08,30.47,246.2,0
delhi,2023-09-10,9,10.5,29.45,321.1,0
delhi,2023-09-11,9,3.41,29.4,224.4,0
delhi,2023-09-12,9,7.55,32.03,293.8,0
delhi,2023-09-13,9,9.88,34.08,221.3,0
delhi,2023-09-14,9,6.17,32.43,255.9,0
delhi,2023-09-15,9,0.41,33.11,262.3,0
delhi,2023-09-16,9,1.19,31.14,293.1,0
delhi,2023-09-17,9,13.01,31.34,264.7,0
delhi,2023-09-18,9,9.34,33.54,228.7,0
delhi,2023-09-19,9,19.06,29.95,281.9,0
delhi,2023-09-20,9,9.04,29.84,302.8,0
delhi,2023-09-21,9,6.04,32.58,264.8,0
delhi,2023-09-22,9,5.44,29.6,262.8,0
delhi,2023-09-23,9,10.69,37.87,247.8,0
delhi,2023-09-24,9,5.86,32.83,295.9,0
delhi,2023-09-25,9,26.67,29.89,272.3,0
delhi,2023-09-26,9,10.48,36.14,300.3,0
delhi,2023-09-27,9,6.71,31.8,254.7,0
delhi,2023-09-28,9,14.18,33.31,271.0,0
delhi,2023-09-29,9,12.08,33.64,292.7,0
delhi,2023-09-30,9,3.52,30.92,234.2,0
delhi,2023-10-01,10,0.82,31.18,397.8,0
delhi,2023-10-02,10,0.24,36.05,433.8,1
delhi,2023-10-03,10,1.55,34.38,395.4,0
delhi,2023-10-04,10,2.63,30.9,430.8,1
delhi,2023-10-05,10,2.44,34.58,497.6,1
delhi,2023-10-06,10,0.41,33.4,453.4,1
delhi,2023-10-07,10,0.46,29.06,382.1,0
delhi,2023-10-08,10,0.64,32.16,440.3,1
delhi,2023-10-09,10,0.47,35.24,432.5,1
delhi,2023-10-10,10,0.4,34.73,437.9,1
delhi,2023-10-11,10,0.21,29.01,392.5,0
delhi,2023-10-12,10,3.02,31.66,480.4,1
delhi,2023-10-13,10,1.88,31.58,410.6,1
delhi,2023-10-14,10,2.28,33.11,395.4,0
delhi,2023-10-15,10,1.09,30.48,390.6,0
delhi,2023-10-16,10,1.0,34.47,412.2,1
delhi,2023-10-17,10,0.72,28.98,413.4,1
delhi,2023-10-18,10,1.07,33.08,439.6,1
delhi,2023-10-19,10,1.34,34.17,426.3,1
delhi,2023-10-20,10,1.45,31.98,371.7,0
delhi,2023-10-21,10,0.69,30.92,412.4,1
delhi,2023-10-22,10,1.51,34.39,389.8,0
delhi,2023-10-23,10,0.52,30.97,396.0,0
delhi,2023-10-24,10,0.94,33.54,430.1,1
delhi,2023-10-25,10,2.36,28.6,403.2,1
delhi,2023-10-26,10,0.96,35.35,415.2,1
delhi,2023-10-27,10,0.84,28.0,421.0,1
delhi,2023-10-28,10,1.94,32.75,432.2,1
delhi,2023-10-29,10,1.63,30.92,446.8,1
delhi,2023-10-30,10,0.24,30.19,401.1,1
delhi,2023-10-31,10,0.99,31.62,375.1,0
delhi,2023-11-01,11,3.09,31.39,504.8,1
delhi,2023-11-02,11,0.62,29.81,558.0,1
delhi,2023-11-03,11,1.72,33.48,573.4,1
delhi,2023-11-04,11,1.27,33.22,543.3,1
delhi,2023-11-05,11,0.76,30.76,580.6,1
delhi,2023-11-06,11,1.11,33.68,560.7,1
delhi,2023-11-07,11,3.07,28.97,549.3,1
delhi,2023-11-08,11,0.37,30.6,564.9,1
delhi,2023-11-09,11,1.35,32.3,592.8,1
delhi,2023-11-10,11,0.3,32.48,582.0,1
delhi,2023-11-11,11,0.17,32.62,569.2,1
delhi,2023-11-12,11,0.39,30.3,560.2,1
delhi,2023-11-13,11,0.28,34.3,520.0,1
delhi,2023-11-14,11,0.99,30.47,586.3,1
delhi,2023-11-15,11,0.68,33.29,580.5,1
delhi,2023-11-16,11,1.2,30.86,524.6,1
delhi,2023-11-17,11,1.28,29.62,554.9,1
delhi,2023-11-18,11,0.64,28.45,520.6,1
delhi,2023-11-19,11,2.19,33.38,541.6,1
delhi,2023-11-20,11,1.2,34.37,539.1,1
delhi,2023-11-21,11,0.54,33.51,553.3,1
delhi,2023-11-22,11,0.35,35.54,620.0,1
delhi,2023-11-23,11,2.71,35.41,526.8,1
delhi,2023-11-24,11,2.45,34.8,555.4,1
delhi,2023-11-25,11,0.59,31.93,579.8,1
delhi,2023-11-26,11,2.63,30.5,588.7,1
delhi,2023-11-27,11,0.77,31.35,563.7,1
delhi,2023-11-28,11,3.37,32.76,572.4,1
delhi,2023-11-29,11,0.99,31.66,609.1,1
delhi,2023-11-30,11,1.08,31.96,578.6,1
delhi,2023-12-01,12,0.11,22.57,701.1,1
delhi,2023-12-02,12,2.12,20.98,688.5,1
delhi,2023-12-03,12,0.89,24.44,657.7,1
delhi,2023-12-04,12,1.12,22.14,680.4,1
delhi,2023-12-05,12,0.1,25.6,715.4,1
delhi,2023-12-06,12,1.95,22.73,658.5,1
delhi,2023-12-07,12,0.84,24.08,663.4,1
delhi,2023-12-08,12,1.15,21.95,695.7,1
delhi,2023-12-09,12,1.39,23.86,692.4,1
delhi,2023-12-10,12,2.02,23.41,718.8,1
delhi,2023-12-11,12,0.39,19.39,680.0,1
delhi,2023-12-12,12,0.64,20.69,681.7,1
delhi,2023-12-13,12,2.68,22.43,693.4,1
delhi,2023-12-14,12,0.72,25.03,706.3,1
delhi,2023-12-15,12,1.1,27.4,699.1,1
delhi,2023-12-16,12,1.37,19.94,728.6,1
delhi,2023-12-17,12,3.7,25.74,684.7,1
delhi,2023-12-18,12,2.1,26.47,714.1,1
delhi,2023-12-19,12,0.83,25.06,743.5,1
delhi,2023-12-20,12,0.66,22.27,656.5,1
delhi,2023-12-21,12,1.32,24.5,644.8,1
delhi,2023-12-22,12,0.01,21.15,722.4,1
delhi,2023-12-23,12,1.28,23.78,686.6,1
delhi,2023-12-24,12,1.61,22.39,684.0,1
delhi,2023-12-25,12,0.95,21.65,759.3,1
delhi,2023-12-26,12,0.47,19.7,700.5,1
delhi,2023-12-27,12,4.14,24.45,674.8,1
delhi,2023-12-28,12,2.84,21.11,617.8,1
delhi,2023-12-29,12,2.79,25.48,706.7,1
delhi,2023-12-30,12,1.8,24.65,647.7,1
delhi,2023-12-31,12,1.69,21.85,656.7,1
delhi,2024-01-01,1,2.04,20.37,813.1,1
delhi,2024-01-02,1,1.7,21.24,786.3,1
delhi,2024-01-03,1,0.33,22.12,837.0,1
delhi,2024-01-04,1,2.55,20.99,760.7,1
delhi,2024-01-05,1,1.22,21.58,779.4,1
delhi,2024-01-06,1,0.96,17.24,782.5,1
delhi,2024-01-07,1,0.39,21.46,812.6,1
delhi,2024-01-08,1,0.62,21.53,794.5,1
delhi,2024-01-09,1,0.85,21.1,793.0,1
delhi,2024-01-10,1,0.64,22.21,824.0,1
delhi,2024-01-11,1,1.9,22.37,767.2,1
delhi,2024-01-12,1,0.02,23.52,832.0,1
delhi,2024-01-13,1,1.88,23.7,812.2,1
delhi,2024-01-14,1,1.09,20.97,733.5,1
delhi,2024-01-15,1,0.99,22.82,782.7,1
delhi,2024-01-16,1,3.12,19.46,791.5,1
delhi,2024-01-17,1,1.24,20.81,739.6,1
delhi,2024-01-18,1,0.83,17.93,762.2,1
delhi,2024-01-19,1,2.09,17.34,824.0,1
delhi,2024-01-20,1,5.56,20.89,822.5,1
delhi,2024-01-21,1,1.43,23.49,779.5,1
delhi,2024-01-22,1,1.81,18.79,785.4,1
delhi,2024-01-23,1,0.78,17.81,777.7,1
delhi,2024-01-24,1,3.2,20.94,731.6,1
delhi,2024-01-25,1,1.6,18.71,792.6,1
delhi,2024-01-26,1,1.39,20.0,761.6,1
delhi,2024-01-27,1,1.15,22.03,766.3,1
delhi,2024-01-28,1,1.18,20.11,721.4,1
delhi,2024-01-29,1,2.45,21.4,822.4,1
delhi,2024-01-30,1,1.01,20.97,752.9,1
delhi,2024-01-31,1,2.28,21.6,794.9,1
delhi,2024-02-01,2,1.59,23.94,272.1,0
delhi,2024-02-02,2,1.87,19.23,231.3,0
delhi,2024-02-03,2,0.92,22.14,243.6,0
delhi,2024-02-04,2,0.1,22.58,283.1,0
delhi,2024-02-05,2,1.6,25.09,274.3,0
delhi,2024-02-06,2,0.77,22.48,318.8,0
delhi,2024-02-07,2,4.25,23.72,250.2,0
delhi,2024-02-08,2,1.27,20.11,283.5,0
delhi,2024-02-09,2,1.2,22.27,286.1,0
delhi,2024-02-10,2,1.23,21.09,211.9,0
delhi,2024-02-11,2,1.06,22.65,248.7,0
delhi,2024-02-12,2,1.89,22.38,309.0,0
delhi,2024-02-13,2,0.7,23.1,295.5,0
delhi,2024-02-14,2,0.52,20.23,258.1,0
delhi,2024-02-15,2,1.46,19.79,268.3,0
delhi,2024-02-16,2,1.44,24.44,254.9,0
delhi,2024-02-17,2,1.57,20.43,214.5,0
delhi,2024-02-18,2,1.53,23.95,342.9,0
delhi,2024-02-19,2,1.12,24.22,364.5,0
delhi,2024-02-20,2,0.07,19.79,204.8,0
delhi,2024-02-21,2,1.56,23.32,279.9,0
delhi,2024-02-22,2,0.76,24.06,260.5,0
delhi,2024-02-23,2,1.56,22.56,337.4,0
delhi,2024-02-24,2,0.08,22.32,241.3,0
delhi,2024-02-25,2,1.6,25.25,323.3,0
delhi,2024-02-26,2,1.47,21.36,281.6,0
delhi,2024-02-27,2,0.61,21.41,285.3,0
delhi,2024-02-28,2,1.01,20.81,315.9,0
delhi,2024-02-29,2,0.76,19.69,227.1,0
delhi,2024-03-01,3,1.55,29.79,304.6,0
delhi,2024-03-02,3,1.44,31.16,228.5,0
delhi,2024-03-03,3,0.41,32.72,244.1,0
delhi,2024-03-04,3,0.29,27.75,278.2,0
delhi,2024-03-05,3,2.99,30.16,263.0,0
delhi,2024-03-06,3,1.5,31.06,252.8,0
delhi,2024-03-07,3,3.47,27.55,264.5,0
delhi,2024-03-08,3,0.98,30.74,242.8,0
delhi,2024-03-09,3,2.43,30.87,262.0,0
delhi,2024-03-10,3,0.72,30.6,290.0,0
delhi,2024-03-11,3,0.57,32.72,252.7,0
delhi,2024-03-12,3,2.93,30.04,303.5,0
delhi,2024-03-13,3,0.38,27.19,321.8,0
delhi,2024-03-14,3,2.02,29.0,238.3,0
delhi,2024-03-15,3,0.84,27.47,269.5,0
delhi,2024-03-16,3,1.04,33.43,313.0,0
delhi,2024-03-17,3,0.92,28.86,312.4,0
delhi,2024-03-18,3,1.29,34.18,342.7,0
delhi,2024-03-19,3,1.22,31.7,311.8,0
delhi,2024-03-20,3,0.57,31.22,203.1,0
delhi,2024-03-21,3,1.16,33.01,277.4,0
delhi,2024-03-22,3,2.91,32.81,230.4,0
delhi,2024-03-23,3,0.49,33.29,247.0,0
delhi,2024-03-24,3,2.9,32.32,284.9,0
delhi,2024-03-25,3,0.48,28.5,254.2,0
delhi,2024-03-26,3,2.02,32.33,287.6,0
delhi,2024-03-27,3,0.57,30.07,256.1,0
delhi,2024-03-28,3,1.35,27.37,254.8,0
delhi,2024-03-29,3,3.02,34.49,346.9,0
delhi,2024-03-30,3,0.36,33.54,271.2,0
delhi,2024-03-31,3,0.9,32.99,305.0,0
delhi,2024-04-01,4,0.75,40.73,242.9,0
delhi,2024-04-02,4,0.88,38.67,280.8,0
delhi,2024-04-03,4,0.68,40.02,287.7,0
delhi,2024-04-04,4,1.37,37.51,341.6,0
delhi,2024-04-05,4,0.62,42.61,377.2,1
delhi,2024-04-06,4,2.33,40.1,316.7,0
delhi,2024-04-07,4,1.61,37.22,276.7,0
delhi,2024-04-08,4,0.92,39.29,260.8,0
delhi,2024-04-09,4,3.63,39.65,310.4,0
delhi,2024-04-10,4,2.83,42.38,291.8,1
delhi,2024-04-11,4,3.51,37.26,295.0,0
delhi,2024-04-12,4,2.13,36.4,295.6,0
delhi,2024-04-13,4,2.29,38.74,249.2,0
delhi,2024-04-14,4,1.87,36.17,261.1,0
delhi,2024-04-15,4,0.54,37.3,236.9,0
delhi,2024-04-16,4,0.77,40.68,254.9,0
delhi,2024-04-17,4,1.19,39.29,244.7,0
delhi,2024-04-18,4,1.48,42.76,285.8,1
delhi,2024-04-19,4,1.11,40.33,277.7,0
delhi,2024-04-20,4,3.64,37.76,283.5,0
delhi,2024-04-21,4,2.6,35.39,278.7,0
delhi,2024-04-22,4,0.89,35.13,267.3,0
delhi,2024-04-23,4,1.8,36.62,261.5,0
delhi,2024-04-24,4,0.5,40.04,304.5,0
delhi,2024-04-25,4,2.42,40.84,269.4,0
delhi,2024-04-26,4,1.36,38.4,326.0,0
delhi,2024-04-27,4,0.35,36.68,302.5,0
delhi,2024-04-28,4,1.67,39.08,325.0,0
delhi,2024-04-29,4,1.32,40.45,326.1,0
delhi,2024-04-30,4,1.78,38.5,301.7,0
delhi,2024-05-01,5,0.93,47.98,302.9,1
delhi,2024-05-02,5,2.23,44.93,265.1,1
delhi,2024-05-03,5,1.9,40.18,255.0,0
delhi,2024-05-04,5,3.8,40.64,253.1,0
delhi,2024-05-05,5,0.35,45.87,281.7,1
delhi,2024-05-06,5,0.84,45.64,284.0,1
delhi,2024-05-07,5,1.16,42.53,257.0,1
delhi,2024-05-08,5,1.16,43.73,278.8,1
delhi,2024-05-09,5,2.12,43.39,292.0,1
delhi,2024-05-10,5,1.5,42.87,253.9,1
delhi,2024-05-11,5,1.32,44.68,301.2,1
delhi,2024-05-12,5,1.48,42.02,286.9,1
delhi,2024-05-13,5,0.44,43.9,269.7,1
delhi,2024-05-14,5,0.17,44.27,258.2,1
delhi,2024-05-15,5,2.55,40.67,257.1,0
delhi,2024-05-16,5,1.66,44.84,254.9,1
delhi,2024-05-17,5,1.86,42.51,293.9,1
delhi,2024-05-18,5,0.4,46.26,256.7,1
delhi,2024-05-19,5,2.76,46.2,255.3,1
delhi,2024-05-20,5,1.02,46.94,281.0,1
delhi,2024-05-21,5,0.62,40.91,280.9,0
delhi,2024-05-22,5,1.27,42.23,278.6,1
delhi,2024-05-23,5,1.23,44.57,319.8,1
delhi,2024-05-24,5,4.84,46.98,253.5,1
delhi,2024-05-25,5,0.64,41.46,258.5,0
delhi,2024-05-26,5,0.95,44.65,293.5,1
delhi,2024-05-27,5,1.1,41.36,229.7,0
delhi,2024-05-28,5,1.36,43.49,306.1,1
delhi,2024-05-29,5,0.39,40.13,269.1,0
delhi,2024-05-30,5,3.75,42.88,293.2,1
delhi,2024-05-31,5,0.57,43.46,239.7,1
delhi,2024-06-01,6,9.05,38.09,243.7,0
delhi,2024-06-02,6,35.11,40.15,285.8,0
delhi,2024-06-03,6,25.72,38.28,257.5,0
delhi,2024-06-04,6,16.99,40.73,248.8,0
delhi,2024-06-05,6,12.34,40.57,247.7,0
delhi,2024-06-06,6,7.05,40.32,226.1,0
delhi,2024-06-07,6,2.58,37.8,269.3,0
delhi,2024-06-08,6,7.88,36.21,282.6,0
delhi,2024-06-09,6,24.5,36.08,327.5,0
delhi,2024-06-10,6,9.02,38.66,344.8,0
delhi,2024-06-11,6,1.75,37.45,240.9,0
delhi,2024-06-12,6,5.69,35.12,322.6,0
delhi,2024-06-13,6,12.66,40.8,279.0,0
delhi,2024-06-14,6,11.68,42.16,285.8,1
delhi,2024-06-15,6,24.36,40.06,261.1,0
delhi,2024-06-16,6,15.54,37.67,311.3,0
delhi,2024-06-17,6,12.29,37.14,281.6,0
delhi,2024-06-18,6,6.52,39.12,333.0,0
delhi,2024-06-19,6,4.77,37.19,294.9,0
delhi,2024-06-20,6,18.46,39.68,243.2,0
delhi,2024-06-21,6,6.0,43.68,289.1,1
delhi,2024-06-22,6,9.12,33.99,302.8,0
delhi,2024-06-23,6,15.26,36.39,270.1,0
delhi,2024-06-24,6,31.84,39.95,284.5,0
delhi,2024-06-25,6,7.27,38.55,309.1,0
delhi,2024-06-26,6,24.4,39.39,256.8,0
delhi,2024-06-27,6,9.12,37.59,282.5,0
delhi,2024-06-28,6,23.55,38.03,248.8,0
delhi,2024-06-29,6,17.04,35.98,281.7,0
delhi,2024-06-30,6,13.63,38.77,252.5,0
delhi,2024-07-01,7,26.39,29.92,301.0,0
delhi,2024-07-02,7,43.24,31.37,322.9,0
delhi,2024-07-03,7,13.88,30.49,252.8,0
delhi,2024-07-04,7,8.97,31.3,273.4,0
delhi,2024-07-05,7,4.13,32.61,263.5,0
delhi,2024-07-06,7,9.91,32.57,221.6,0
delhi,2024-07-07,7,32.76,33.72,247.6,0
delhi,2024-07-08,7,60.33,30.43,313.0,1
delhi,2024-07-09,7,27.73,30.36,346.1,0
delhi,2024-07-10,7,16.6,33.95,268.4,0
delhi,2024-07-11,7,39.85,34.39,269.7,0
delhi,2024-07-12,7,18.52,28.91,319.5,0
delhi,2024-07-13,7,4.56,32.36,272.9,0
delhi,2024-07-14,7,13.31,31.02,284.2,0
delhi,2024-07-15,7,16.09,31.14,334.2,0
delhi,2024-07-16,7,20.84,30.85,275.7,0
delhi,2024-07-17,7,14.63,33.95,298.7,0
delhi,2024-07-18,7,3.13,29.93,363.4,0
delhi,2024-07-19,7,6.54,31.97,269.7,0
delhi,2024-07-20,7,10.06,28.07,220.5,0
delhi,2024-07-21,7,3.84,33.82,295.2,0
delhi,2024-07-22,7,26.1,29.15,272.6,0
delhi,2024-07-23,7,1.11,31.26,266.2,0
delhi,2024-07-24,7,21.06,30.64,274.8,0
delhi,2024-07-25,7,35.25,32.06,292.9,0
delhi,2024-07-26,7,13.57,29.33,264.5,0
delhi,2024-07-27,7,15.09,29.47,293.2,0
delhi,2024-07-28,7,49.7,31.93,221.7,0
delhi,2024-07-29,7,16.62,28.82,260.1,0
delhi,2024-07-30,7,7.52,33.62,225.0,0
delhi,2024-07-31,7,20.26,32.66,255.6,0
delhi,2024-08-01,8,10.83,33.01,290.8,0
delhi,2024-08-02,8,15.54,31.12,285.5,0
delhi,2024-08-03,8,20.13,31.8,260.4,0
delhi,2024-08-04,8,10.84,29.43,324.3,0
delhi,2024-08-05,8,20.87,31.54,286.8,0
delhi,2024-08-06,8,2.76,30.9,295.3,0
delhi,2024-08-07,8,7.18,35.0,273.5,0
delhi,2024-08-08,8,5.85,29.04,239.8,0
delhi,2024-08-09,8,16.16,31.35,295.5,0
delhi,2024-08-10,8,9.64,28.2,276.2,0
delhi,2024-08-11,8,3.87,33.8,266.8,0
delhi,2024-08-12,8,8.84,27.49,290.1,0
delhi,2024-08-13,8,11.71,33.94,264.4,0
delhi,2024-08-14,8,4.56,29.64,309.9,0
delhi,2024-08-15,8,8.03,32.25,299.7,0
delhi,2024-08-16,8,13.07,29.58,304.3,0
delhi,2024-08-17,8,6.94,31.03,217.9,0
delhi,2024-08-18,8,28.93,28.34,298.5,0
delhi,2024-08-19,8,29.72,30.18,271.5,0
delhi,2024-08-20,8,24.86,30.23,270.0,0
delhi,2024-08-21,8,24.06,37.0,322.2,0
delhi,2024-08-22,8,12.16,32.22,252.8,0
delhi,2024-08-23,8,28.3,33.33,294.2,0
delhi,2024-08-24,8,7.42,31.87,269.3,0
delhi,2024-08-25,8,33.3,29.58,304.0,0
delhi,2024-08-26,8,16.66,34.13,272.3,0
delhi,2024-08-27,8,34.12,32.98,297.0,0
delhi,2024-08-28,8,8.05,29.55,322.7,0
delhi,2024-08-29,8,40.06,33.76,297.7,0
delhi,2024-08-30,8,66.22,28.29,237.6,1
delhi,2024-08-31,8,27.22,28.52,269.8,0
delhi,2024-09-01,9,8.07,33.0,280.3,0
delhi,2024-09-02,9,5.76,32.4,297.4,0
delhi,2024-09-03,9,11.67,31.56,282.0,0
delhi,2024-09-04,9,11.86,33.1,251.5,0
delhi,2024-09-05,9,13.68,30.94,265.2,0
delhi,2024-09-06,9,3.75,28.4,227.5,0
delhi,2024-09-07,9,7.24,28.89,327.0,0
delhi,2024-09-08,9,14.08,31.19,279.5,0
delhi,2024-09-09,9,18.25,30.04,299.6,0
delhi,2024-09-10,9,4.52,31.81,276.8,0
delhi,2024-09-11,9,17.77,34.44,294.4,0
delhi,2024-09-12,9,21.25,31.32,279.3,0
delhi,2024-09-13,9,13.78,33.16,295.5,0
delhi,2024-09-14,9,2.46,32.44,344.3,0
delhi,2024-09-15,9,5.65,29.24,286.6,0
delhi,2024-09-16,9,2.89,30.07,271.4,0
delhi,2024-09-17,9,10.02,34.1,194.4,0
delhi,2024-09-18,9,6.5,35.09,253.6,0
delhi,2024-09-19,9,10.19,27.93,242.7,0
delhi,2024-09-20,9,12.11,35.1,264.9,0
delhi,2024-09-21,9,4.99,33.04,199.7,0
delhi,2024-09-22,9,11.93,30.01,278.2,0
delhi,2024-09-23,9,16.28,28.6,256.4,0
delhi,2024-09-24,9,9.72,33.84,300.6,0
delhi,2024-09-25,9,13.93,35.29,303.0,0
delhi,2024-09-26,9,8.32,27.54,336.4,0
delhi,2024-09-27,9,8.73,28.76,291.0,0
delhi,2024-09-28,9,8.08,29.82,275.7,0
delhi,2024-09-29,9,22.43,32.82,233.0,0
delhi,2024-09-30,9,11.65,30.59,269.5,0
delhi,2024-10-01,10,1.0,31.32,408.1,1
delhi,2024-10-02,10,1.21,28.84,402.3,1
delhi,2024-10-03,10,1.92,29.73,436.6,1
delhi,2024-10-04,10,0.54,33.32,452.5,1
delhi,2024-10-05,10,1.62,30.63,381.9,0
delhi,2024-10-06,10,3.41,32.46,417.4,1
delhi,2024-10-07,10,1.0,32.97,445.9,1
delhi,2024-10-08,10,0.03,31.11,368.1,0
delhi,2024-10-09,10,1.36,31.81,427.2,1
delhi,2024-10-10,10,0.71,32.29,417.5,1
delhi,2024-10-11,10,1.41,32.62,420.9,1
delhi,2024-10-12,10,0.57,32.95,405.3,1
delhi,2024-10-13,10,1.16,29.78,420.5,1
delhi,2024-10-14,10,1.39,30.54,366.7,0
delhi,2024-10-15,10,0.45,30.07,434.2,1
delhi,2024-10-16,10,0.69,33.55,425.4,1
delhi,2024-10-17,10,0.58,30.82,449.9,1
delhi,2024-10-18,10,2.69,31.84,444.0,1
delhi,2024-10-19,10,1.1,34.37,412.5,1
delhi,2024-10-20,10,0.43,31.91,408.2,1
delhi,2024-10-21,10,2.04,34.14,463.0,1
delhi,2024-10-22,10,1.55,30.34,407.9,1
delhi,2024-10-23,10,1.18,34.0,472.3,1
delhi,2024-10-24,10,2.28,29.87,469.8,1
delhi,2024-10-25,10,3.18,32.13,395.8,0
delhi,2024-10-26,10,1.05,32.51,398.9,0
delhi,2024-10-27,10,0.22,28.84,424.4,1
delhi,2024-10-28,10,0.7,31.24,431.4,1
delhi,2024-10-29,10,1.55,33.48,508.1,1
delhi,2024-10-30,10,0.5,31.76,447.6,1
delhi,2024-10-31,10,0.68,28.99,390.0,0
delhi,2024-11-01,11,0.55,32.41,545.1,1
delhi,2024-11-02,11,0.84,29.95,586.8,1
delhi,2024-11-03,11,0.65,31.61,514.8,1
delhi,2024-11-04,11,2.6,31.83,621.9,1
delhi,2024-11-05,11,1.41,32.0,559.7,1
delhi,2024-11-06,11,1.5,32.81,496.3,1
delhi,2024-11-07,11,1.69,30.1,614.3,1
delhi,2024-11-08,11,2.08,32.85,493.5,1
delhi,2024-11-09,11,0.43,33.46,521.0,1
delhi,2024-11-10,11,1.05,33.99,596.1,1
delhi,2024-11-11,11,1.26,28.95,581.4,1
delhi,2024-11-12,11,0.88,33.41,527.0,1
delhi,2024-11-13,11,2.04,28.76,539.1,1
delhi,2024-11-14,11,1.85,33.11,606.2,1
delhi,2024-11-15,11,3.47,28.72,543.6,1
delhi,2024-11-16,11,1.52,28.59,534.1,1
delhi,2024-11-17,11,1.13,30.76,542.4,1
delhi,2024-11-18,11,0.32,31.09,534.9,1
delhi,2024-11-19,11,0.12,31.06,547.9,1
delhi,2024-11-20,11,1.09,34.0,559.9,1
delhi,2024-11-21,11,0.79,35.53,575.1,1
delhi,2024-11-22,11,0.79,30.56,515.1,1
delhi,2024-11-23,11,1.24,30.27,547.3,1
delhi,2024-11-24,11,1.56,35.65,571.6,1
delhi,2024-11-25,11,0.42,28.56,584.0,1
delhi,2024-11-26,11,1.17,31.76,616.1,1
delhi,2024-11-27,11,0.59,32.02,550.8,1
delhi,2024-11-28,11,1.73,32.2,635.9,1
delhi,2024-11-29,11,0.51,30.97,588.6,1
delhi,2024-11-30,11,0.63,30.26,560.7,1
delhi,2024-12-01,12,3.71,24.1,718.6,1
delhi,2024-12-02,12,2.45,19.9,758.0,1
delhi,2024-12-03,12,1.52,18.43,698.6,1
delhi,2024-12-04,12,0.63,23.82,712.3,1
delhi,2024-12-05,12,2.01,21.19,664.2,1
delhi,2024-12-06,12,0.6,21.29,691.0,1
delhi,2024-12-07,12,0.24,22.31,706.3,1
delhi,2024-12-08,12,3.71,25.49,681.0,1
delhi,2024-12-09,12,1.16,20.02,700.5,1
delhi,2024-12-10,12,1.49,20.72,678.8,1
delhi,2024-12-11,12,0.8,21.58,716.2,1
delhi,2024-12-12,12,0.47,21.12,728.4,1
delhi,2024-12-13,12,1.3,23.54,717.9,1
delhi,2024-12-14,12,1.01,20.44,674.2,1
delhi,2024-12-15,12,0.57,23.59,696.5,1
delhi,2024-12-16,12,2.1,20.95,732.1,1
delhi,2024-12-17,12,0.37,21.41,599.6,1
delhi,2024-12-18,12,0.89,22.86,713.0,1
delhi,2024-12-19,12,0.68,20.33,691.8,1
delhi,2024-12-20,12,0.47,22.44,676.5,1
delhi,2024-12-21,12,2.27,21.83,734.5,1
delhi,2024-12-22,12,1.02,21.76,687.1,1
delhi,2024-12-23,12,2.44,23.76,749.4,1
delhi,2024-12-24,12,2.5,18.67,689.0,1
delhi,2024-12-25,12,2.06,20.36,651.8,1
delhi,2024-12-26,12,0.61,19.9,702.8,1
delhi,2024-12-27,12,3.94,22.41,682.3,1
delhi,2024-12-28,12,2.15,22.71,733.5,1
delhi,2024-12-29,12,1.49,22.86,703.7,1
delhi,2024-12-30,12,0.65,26.29,698.2,1
delhi,2024-12-31,12,2.23,22.03,758.6,1
delhi,2025-01-01,1,0.99,20.04,841.4,1
delhi,2025-01-02,1,2.75,21.4,791.9,1
delhi,2025-01-03,1,0.68,24.22,744.5,1
delhi,2025-01-04,1,2.99,21.58,758.9,1
delhi,2025-01-05,1,0.45,17.83,741.9,1
delhi,2025-01-06,1,4.56,22.79,766.7,1
delhi,2025-01-07,1,2.67,22.68,765.1,1
delhi,2025-01-08,1,0.98,20.24,783.9,1
delhi,2025-01-09,1,0.89,19.12,805.4,1
delhi,2025-01-10,1,1.04,21.99,826.6,1
delhi,2025-01-11,1,3.26,23.48,792.7,1
delhi,2025-01-12,1,1.28,21.68,793.8,1
delhi,2025-01-13,1,4.92,15.35,845.5,1
delhi,2025-01-14,1,0.24,21.01,771.1,1
delhi,2025-01-15,1,0.96,21.44,749.3,1
delhi,2025-01-16,1,1.59,20.69,791.6,1
delhi,2025-01-17,1,0.75,19.79,832.2,1
delhi,2025-01-18,1,2.85,20.31,809.9,1
delhi,2025-01-19,1,0.91,16.95,807.0,1
delhi,2025-01-20,1,0.89,17.54,800.7,1
delhi,2025-01-21,1,0.16,22.34,813.0,1
delhi,2025-01-22,1,1.68,19.9,804.2,1
delhi,2025-01-23,1,0.03,23.0,842.6,1
delhi,2025-01-24,1,2.04,21.77,832.3,1
delhi,2025-01-25,1,0.27,22.13,832.2,1
delhi,2025-01-26,1,0.12,22.55,824.3,1
delhi,2025-01-27,1,2.77,19.26,808.0,1
delhi,2025-01-28,1,4.49,18.93,828.4,1
delhi,2025-01-29,1,0.28,21.87,774.7,1
delhi,2025-01-30,1,0.12,18.27,785.7,1
delhi,2025-01-31,1,3.86,21.2,740.2,1
delhi,2025-02-01,2,2.79,22.91,361.7,0
delhi,2025-02-02,2,0.23,24.28,273.4,0
delhi,2025-02-03,2,1.13,20.52,306.4,0
delhi,2025-02-04,2,1.21,25.21,209.0,0
delhi,2025-02-05,2,1.62,19.3,252.5,0
delhi,2025-02-06,2,0.56,25.83,332.6,0
delhi,2025-02-07,2,0.93,23.99,300.9,0
delhi,2025-02-08,2,0.85,22.28,265.7,0
delhi,2025-02-09,2,1.21,24.2,282.7,0
delhi,2025-02-10,2,3.04,23.18,277.8,0
delhi,2025-02-11,2,1.08,21.61,259.2,0
delhi,2025-02-12,2,1.69,24.09,183.4,0
delhi,2025-02-13,2,1.67,22.04,280.2,0
delhi,2025-02-14,2,0.85,26.1,321.0,0
delhi,2025-02-15,2,0.66,24.61,307.9,0
delhi,2025-02-16,2,0.75,20.84,315.0,0
delhi,2025-02-17,2,0.64,22.46,249.1,0
delhi,2025-02-18,2,0.42,27.02,336.9,0
delhi,2025-02-19,2,1.14,22.26,300.6,0
delhi,2025-02-20,2,2.79,19.26,315.6,0
delhi,2025-02-21,2,0.53,21.52,266.6,0
delhi,2025-02-22,2,0.78,24.31,281.3,0
delhi,2025-02-23,2,2.04,19.08,266.7,0
delhi,2025-02-24,2,0.77,27.22,267.2,0
delhi,2025-02-25,2,1.04,24.77,333.3,0
delhi,2025-02-26,2,0.3,23.32,330.2,0
delhi,2025-02-27,2,2.31,21.57,241.9,0
delhi,2025-02-28,2,2.73,20.28,331.0,0
delhi,2025-03-01,3,3.8,32.17,246.6,0
delhi,2025-03-02,3,0.21,36.05,341.8,0
delhi,2025-03-03,3,0.45,31.98,278.3,0
delhi,2025-03-04,3,1.2,35.28,312.4,0
delhi,2025-03-05,3,2.21,31.61,261.2,0
delhi,2025-03-06,3,2.96,32.64,288.6,0
delhi,2025-03-07,3,0.8,30.45,300.6,0
delhi,2025-03-08,3,0.87,31.62,269.4,0
delhi,2025-03-09,3,0.74,30.61,276.5,0
delhi,2025-03-10,3,1.26,30.13,273.3,0
delhi,2025-03-11,3,2.79,34.07,301.6,0
delhi,2025-03-12,3,3.97,36.21,243.7,0
delhi,2025-03-13,3,2.13,31.92,339.5,0
delhi,2025-03-14,3,1.26,33.67,285.1,0
delhi,2025-03-15,3,0.96,31.87,306.2,0
delhi,2025-03-16,3,1.33,33.75,352.8,0
delhi,2025-03-17,3,1.78,31.44,307.1,0
delhi,2025-03-18,3,1.04,31.65,331.4,0
delhi,2025-03-19,3,3.7,31.34,339.0,0
delhi,2025-03-20,3,1.21,34.18,312.2,0
delhi,2025-03-21,3,1.18,35.78,191.4,0
delhi,2025-03-22,3,0.73,31.69,278.0,0
delhi,2025-03-23,3,0.36,33.41,258.5,0
delhi,2025-03-24,3,2.68,32.99,262.1,0
delhi,2025-03-25,3,1.12,29.85,310.6,0
delhi,2025-03-26,3,3.22,31.92,277.2,0
delhi,2025-03-27,3,0.67,31.1,286.7,0
delhi,2025-03-28,3,0.15,34.93,256.2,0
delhi,2025-03-29,3,0.39,30.04,299.1,0
delhi,2025-03-30,3,1.14,33.4,324.1,0
delhi,2025-03-31,3,0.93,34.43,368.3,0
delhi,2025-04-01,4,2.09,39.64,282.7,0
delhi,2025-04-02,4,1.01,37.47,280.5,0
delhi,2025-04-03,4,2.83,37.58,262.0,0
delhi,2025-04-04,4,0.66,39.43,255.3,0
delhi,2025-04-05,4,0.37,40.13,218.1,0
delhi,2025-04-06,4,3.25,35.86,289.2,0
delhi,2025-04-07,4,1.04,35.84,271.4,0
delhi,2025-04-08,4,0.74,36.18,311.1,0
delhi,2025-04-09,4,2.15,36.83,325.0,0
delhi,2025-04-10,4,1.88,35.95,268.2,0
delhi,2025-04-11,4,0.16,40.81,284.4,0
delhi,2025-04-12,4,1.65,40.2,270.6,0
delhi,2025-04-13,4,0.63,39.46,293.7,0
delhi,2025-04-14,4,1.47,37.99,318.5,0
delhi,2025-04-15,4,1.33,37.16,253.6,0
delhi,2025-04-16,4,1.85,41.21,292.2,0
delhi,2025-04-17,4,2.22,36.28,268.7,0
delhi,2025-04-18,4,2.06,39.74,228.5,0
delhi,2025-04-19,4,1.96,33.92,273.2,0
delhi,2025-04-20,4,1.68,39.67,282.1,0
delhi,2025-04-21,4,0.64,41.27,279.4,0
delhi,2025-04-22,4,1.03,39.43,227.0,0
delhi,2025-04-23,4,0.59,37.37,286.1,0
delhi,2025-04-24,4,0.27,35.94,280.9,0
delhi,2025-04-25,4,2.75,39.96,256.8,0
delhi,2025-04-26,4,1.19,38.8,228.5,0
delhi,2025-04-27,4,2.21,38.47,226.6,0
delhi,2025-04-28,4,3.34,36.94,308.3,0
delhi,2025-04-29,4,1.04,40.74,266.3,0
delhi,2025-04-30,4,1.77,36.36,248.3,0
delhi,2025-05-01,5,2.56,41.31,261.5,0
delhi,2025-05-02,5,0.35,41.27,315.4,0
delhi,2025-05-03,5,0.8,39.4,270.3,0
delhi,2025-05-04,5,0.93,41.82,237.9,0
delhi,2025-05-05,5,1.64,44.88,277.1,1
delhi,2025-05-06,5,3.79,43.25,306.8,1
delhi,2025-05-07,5,0.8,38.87,273.2,0
delhi,2025-05-08,5,1.56,42.48,298.7,1
delhi,2025-05-09,5,2.23,40.18,287.5,0
delhi,2025-05-10,5,2.21,43.25,211.7,1
delhi,2025-05-11,5,1.13,42.45,264.5,1
delhi,2025-05-12,5,4.64,44.32,277.3,1
delhi,2025-05-13,5,1.34,40.21,302.6,0
delhi,2025-05-14,5,1.35,41.46,277.7,0
delhi,2025-05-15,5,0.28,44.78,332.3,1
delhi,2025-05-16,5,5.32,45.05,324.4,1
delhi,2025-05-17,5,1.12,40.47,208.6,0
delhi,2025-05-18,5,2.02,44.42,284.6,1
delhi,2025-05-19,5,0.79,43.64,310.5,1
delhi,2025-05-20,5,0.9,47.25,253.2,1
delhi,2025-05-21,5,0.39,43.94,267.1,1
delhi,2025-05-22,5,0.12,43.13,264.5,1
delhi,2025-05-23,5,3.14,45.83,280.4,1
delhi,2025-05-24,5,0.52,45.57,289.3,1
delhi,2025-05-25,5,1.46,42.27,234.2,1
delhi,2025-05-26,5,0.43,43.18,309.7,1
delhi,2025-05-27,5,0.93,45.59,234.0,1
delhi,2025-05-28,5,0.44,41.75,253.1,0
delhi,2025-05-29,5,0.44,43.51,269.2,1
delhi,2025-05-30,5,0.4,43.3,324.1,1
delhi,2025-05-31,5,1.65,42.02,258.0,1
delhi,2025-06-01,6,3.26,35.97,257.9,0
delhi,2025-06-02,6,10.17,38.29,315.7,0
delhi,2025-06-03,6,20.14,35.49,279.0,0
delhi,2025-06-04,6,23.25,40.51,291.9,0
delhi,2025-06-05,6,14.22,37.9,239.9,0
delhi,2025-06-06,6,10.89,37.05,232.8,0
delhi,2025-06-07,6,4.83,36.23,269.1,0
delhi,2025-06-08,6,7.27,39.03,253.1,0
delhi,2025-06-09,6,7.29,38.31,269.8,0
delhi,2025-06-10,6,12.36,37.56,255.8,0
delhi,2025-06-11,6,9.08,40.59,300.1,0
delhi,2025-06-12,6,54.11,40.07,255.9,1
delhi,2025-06-13,6,8.22,38.62,233.8,0
delhi,2025-06-14,6,19.87,38.58,313.1,0
delhi,2025-06-15,6,17.89,36.68,253.4,0
delhi,2025-06-16,6,20.74,36.46,335.6,0
delhi,2025-06-17,6,8.88,37.73,246.4,0
delhi,2025-06-18,6,19.3,38.62,217.9,0
delhi,2025-06-19,6,13.39,38.84,318.9,0
delhi,2025-06-20,6,2.01,37.59,313.1,0
delhi,2025-06-21,6,9.13,34.29,244.6,0
delhi,2025-06-22,6,10.3,40.7,302.8,0
delhi,2025-06-23,6,6.01,39.54,298.9,0
delhi,2025-06-24,6,20.57,36.55,249.1,0
delhi,2025-06-25,6,8.37,34.3,259.5,0
delhi,2025-06-26,6,3.53,38.87,254.8,0
delhi,2025-06-27,6,6.6,35.4,279.8,0
delhi,2025-06-28,6,6.42,37.33,273.5,0
delhi,2025-06-29,6,34.17,37.12,292.5,0
delhi,2025-06-30,6,7.82,37.34,292.3,0
delhi,2025-07-01,7,10.09,33.41,304.3,0
delhi,2025-07-02,7,47.23,33.81,310.9,1
delhi,2025-07-03,7,4.29,32.89,305.5,0
delhi,2025-07-04,7,31.04,29.77,274.1,0
delhi,2025-07-05,7,24.76,35.15,278.6,0
delhi,2025-07-06,7,8.93,30.24,302.6,0
delhi,2025-07-07,7,18.45,31.51,290.0,0
delhi,2025-07-08,7,39.69,33.34,296.5,0
delhi,2025-07-09,7,9.52,31.4,242.9,0
delhi,2025-07-10,7,14.54,34.88,233.6,0
delhi,2025-07-11,7,40.27,32.75,285.0,0
delhi,2025-07-12,7,13.88,32.3,267.9,0
delhi,2025-07-13,7,16.69,31.31,280.4,0
delhi,2025-07-14,7,18.03,28.54,286.3,0
delhi,2025-07-15,7,25.94,31.31,271.6,0
delhi,2025-07-16,7,26.4,35.77,301.9,0
delhi,2025-07-17,7,6.79,32.17,304.3,0
delhi,2025-07-18,7,8.95,33.59,329.0,0
delhi,2025-07-19,7,1.45,30.74,319.4,0
delhi,2025-07-20,7,27.67,31.94,237.4,0
delhi,2025-07-21,7,15.15,34.92,300.8,0
delhi,2025-07-22,7,36.72,33.64,252.7,0
delhi,2025-07-23,7,21.49,32.59,311.2,0
delhi,2025-07-24,7,6.67,34.21,271.1,0
delhi,2025-07-25,7,37.64,28.49,285.8,0
delhi,2025-07-26,7,17.45,34.15,286.6,0
delhi,2025-07-27,7,8.14,31.93,252.2,0
delhi,2025-07-28,7,11.5,33.51,281.1,0
delhi,2025-07-29,7,25.79,33.92,239.8,0
delhi,2025-07-30,7,12.87,30.9,254.9,0
delhi,2025-07-31,7,2.85,32.25,256.1,0
delhi,2025-08-01,8,16.86,34.84,255.3,0
delhi,2025-08-02,8,1.39,34.99,297.3,0
delhi,2025-08-03,8,12.66,33.44,289.6,0
delhi,2025-08-04,8,9.44,33.01,266.5,0
delhi,2025-08-05,8,17.39,33.95,307.9,0
delhi,2025-08-06,8,18.15,30.92,278.2,0
delhi,2025-08-07,8,12.23,33.64,283.4,0
delhi,2025-08-08,8,30.61,31.32,299.3,0
delhi,2025-08-09,8,11.74,30.0,345.8,0
delhi,2025-08-10,8,2.64,31.0,327.8,0
delhi,2025-08-11,8,38.19,31.76,253.8,0
delhi,2025-08-12,8,12.24,31.36,260.5,0
delhi,2025-08-13,8,11.2,33.57,291.1,0
delhi,2025-08-14,8,4.46,33.94,243.8,0
delhi,2025-08-15,8,6.69,33.18,194.8,0
delhi,2025-08-16,8,5.77,35.15,266.2,0
delhi,2025-08-17,8,5.84,33.53,315.2,0
delhi,2025-08-18,8,20.68,29.11,366.0,0
delhi,2025-08-19,8,6.58,35.42,295.6,0
delhi,2025-08-20,8,18.21,31.07,240.4,0
delhi,2025-08-21,8,12.05,29.17,319.0,0
delhi,2025-08-22,8,2.9,33.77,285.0,0
delhi,2025-08-23,8,30.13,31.58,319.6,0
delhi,2025-08-24,8,11.15,27.98,239.8,0
delhi,2025-08-25,8,9.76,30.0,264.5,0
delhi,2025-08-26,8,9.43,36.81,282.6,0
delhi,2025-08-27,8,11.66,32.89,289.0,0
delhi,2025-08-28,8,18.31,32.33,269.9,0
delhi,2025-08-29,8,14.61,31.26,272.8,0
delhi,2025-08-30,8,7.65,30.89,259.3,0
delhi,2025-08-31,8,20.53,32.6,303.0,0
delhi,2025-09-01,9,10.42,33.48,270.5,0
delhi,2025-09-02,9,12.84,31.23,264.9,0
delhi,2025-09-03,9,22.64,32.67,274.8,0
delhi,2025-09-04,9,20.56,33.38,205.1,0
delhi,2025-09-05,9,2.81,29.75,254.4,0
delhi,2025-09-06,9,8.92,31.02,292.3,0
delhi,2025-09-07,9,3.61,32.05,329.6,0
delhi,2025-09-08,9,12.07,34.31,271.9,0
delhi,2025-09-09,9,2.2,32.12,289.7,0
delhi,2025-09-10,9,28.66,33.44,282.7,0
delhi,2025-09-11,9,6.11,34.98,265.5,0
delhi,2025-09-12,9,4.53,30.61,310.9,0
delhi,2025-09-13,9,6.11,34.68,227.2,0
delhi,2025-09-14,9,3.6,33.61,282.4,0
delhi,2025-09-15,9,10.58,34.53,249.7,0
delhi,2025-09-16,9,4.46,30.31,252.1,0
delhi,2025-09-17,9,5.48,30.17,279.5,0
delhi,2025-09-18,9,4.17,32.44,289.7,0
delhi,2025-09-19,9,12.67,31.94,319.9,0
delhi,2025-09-20,9,10.56,34.19,258.8,0
delhi,2025-09-21,9,32.29,33.74,337.8,0
delhi,2025-09-22,9,5.58,32.11,274.8,0
delhi,2025-09-23,9,13.85,33.36,300.0,0
delhi,2025-09-24,9,18.2,32.12,271.4,0
delhi,2025-09-25,9,11.44,29.12,266.8,0
delhi,2025-09-26,9,10.51,31.58,343.6,0
delhi,2025-09-27,9,16.37,33.51,274.1,0
delhi,2025-09-28,9,6.99,29.98,185.8,0
delhi,2025-09-29,9,7.48,32.08,245.7,0
delhi,2025-09-30,9,4.58,30.86,267.6,0
delhi,2025-10-01,10,3.34,33.83,454.8,1
delhi,2025-10-02,10,0.08,30.77,417.5,1
delhi,2025-10-03,10,4.95,31.88,422.1,1
delhi,2025-10-04,10,1.61,30.09,448.6,1
delhi,2025-10-05,10,2.18,32.25,372.6,0
delhi,2025-10-06,10,0.8,30.21,407.3,1
delhi,2025-10-07,10,0.83,32.45,421.8,1
delhi,2025-10-08,10,0.64,31.31,423.2,1
delhi,2025-10-09,10,1.4,32.87,362.4,0
delhi,2025-10-10,10,1.53,30.76,421.0,1
delhi,2025-10-11,10,0.93,30.81,437.0,1
delhi,2025-10-12,10,1.34,28.56,417.5,1
delhi,2025-10-13,10,2.7,34.88,432.7,1
delhi,2025-10-14,10,2.45,31.02,376.2,0
delhi,2025-10-15,10,1.49,29.71,393.3,0
delhi,2025-10-16,10,2.0,31.71,421.3,1
delhi,2025-10-17,10,1.51,30.86,433.1,1
delhi,2025-10-18,10,1.42,31.93,402.5,1
delhi,2025-10-19,10,0.25,30.26,385.3,0
delhi,2025-10-20,10,5.12,31.26,391.1,0
delhi,2025-10-21,10,0.16,33.33,414.1,1
delhi,2025-10-22,10,1.09,30.13,389.6,0
delhi,2025-10-23,10,1.61,31.64,480.7,1
delhi,2025-10-24,10,0.88,31.74,446.4,1
delhi,2025-10-25,10,0.54,32.56,414.6,1
delhi,2025-10-26,10,1.35,31.57,374.1,0
delhi,2025-10-27,10,1.14,32.46,379.6,0
delhi,2025-10-28,10,0.83,29.04,452.5,1
delhi,2025-10-29,10,1.23,30.35,424.8,1
delhi,2025-10-30,10,0.58,33.02,404.9,1
delhi,2025-10-31,10,0.28,29.78,426.1,1
delhi,2025-11-01,11,1.87,32.56,583.7,1
delhi,2025-11-02,11,1.23,37.36,547.3,1
delhi,2025-11-03,11,0.71,32.64,537.4,1
delhi,2025-11-04,11,1.14,30.38,552.5,1
delhi,2025-11-05,11,2.3,32.62,545.9,1
delhi,2025-11-06,11,2.68,28.75,598.4,1
delhi,2025-11-07,11,1.26,33.84,559.9,1
delhi,2025-11-08,11,1.39,34.72,561.7,1
delhi,2025-11-09,11,2.03,33.31,578.1,1
delhi,2025-11-10,11,0.89,31.37,552.2,1
delhi,2025-11-11,11,4.58,33.19,626.2,1
delhi,2025-11-12,11,1.33,29.41,559.0,1
delhi,2025-11-13,11,0.65,31.01,578.4,1
delhi,2025-11-14,11,0.27,32.81,545.8,1
delhi,2025-11-15,11,0.7,33.48,544.8,1
delhi,2025-11-16,11,1.5,29.36,567.5,1
delhi,2025-11-17,11,4.74,29.78,576.3,1
delhi,2025-11-18,11,1.74,31.49,567.4,1
delhi,2025-11-19,11,1.49,30.65,552.6,1
delhi,2025-11-20,11,2.11,25.77,561.6,1
delhi,2025-11-21,11,2.99,29.91,587.4,1
delhi,2025-11-22,11,0.52,31.45,620.3,1
delhi,2025-11-23,11,0.24,31.46,560.6,1
delhi,2025-11-24,11,0.9,32.91,560.7,1
delhi,2025-11-25,11,0.46,28.22,563.4,1
delhi,2025-11-26,11,3.2,32.68,571.8,1
delhi,2025-11-27,11,1.68,30.61,554.3,1
delhi,2025-11-28,11,1.17,29.43,537.6,1
delhi,2025-11-29,11,2.54,33.5,515.7,1
delhi,2025-11-30,11,2.58,32.62,529.9,1
delhi,2025-12-01,12,1.36,19.87,674.1,1
delhi,2025-12-02,12,2.7,19.36,633.7,1
delhi,2025-12-03,12,4.02,22.62,704.5,1
delhi,2025-12-04,12,0.5,26.4,676.5,1
delhi,2025-12-05,12,5.27,22.17,726.5,1
delhi,2025-12-06,12,2.53,23.97,711.2,1
delhi,2025-12-07,12,0.16,19.39,678.4,1
delhi,2025-12-08,12,1.39,22.66,682.3,1
delhi,2025-12-09,12,0.18,20.83,672.9,1
delhi,2025-12-10,12,6.11,25.3,720.5,1
delhi,2025-12-11,12,1.55,22.78,675.2,1
delhi,2025-12-12,12,0.83,25.29,643.9,1
delhi,2025-12-13,12,3.37,23.41,695.2,1
delhi,2025-12-14,12,1.03,23.98,713.8,1
delhi,2025-12-15,12,2.12,22.17,730.9,1
delhi,2025-12-16,12,1.66,23.85,692.2,1
delhi,2025-12-17,12,0.95,24.83,777.5,1
delhi,2025-12-18,12,0.35,21.35,693.4,1
delhi,2025-12-19,12,1.32,22.59,717.5,1
delhi,2025-12-20,12,2.95,23.62,687.4,1
delhi,2025-12-21,12,1.72,26.07,698.3,1
delhi,2025-12-22,12,0.57,23.63,666.6,1
delhi,2025-12-23,12,1.08,24.0,726.3,1
delhi,2025-12-24,12,1.62,22.62,732.7,1
delhi,2025-12-25,12,0.76,23.22,707.5,1
delhi,2025-12-26,12,0.85,20.27,724.3,1
delhi,2025-12-27,12,1.49,24.39,713.5,1
delhi,2025-12-28,12,0.3,22.65,748.9,1
delhi,2025-12-29,12,1.64,19.57,658.9,1
delhi,2025-12-30,12,1.19,23.5,674.9,1
bangalore,2023-01-01,1,2.33,20.68,281.1,0
bangalore,2023-01-02,1,1.73,21.16,259.0,0
bangalore,2023-01-03,1,2.75,20.58,273.2,0
bangalore,2023-01-04,1,0.08,24.12,233.2,0
bangalore,2023-01-05,1,1.21,25.04,212.3,0
bangalore,2023-01-06,1,2.22,18.77,250.1,0
bangalore,2023-01-07,1,1.34,21.7,261.7,0
bangalore,2023-01-08,1,0.41,21.68,270.4,0
bangalore,2023-01-09,1,1.22,19.93,301.8,0
bangalore,2023-01-10,1,0.9,17.13,232.9,0
bangalore,2023-01-11,1,2.11,21.23,246.8,0
bangalore,2023-01-12,1,3.85,20.46,244.9,0
bangalore,2023-01-13,1,0.36,24.34,289.5,0
bangalore,2023-01-14,1,4.45,21.76,199.3,0
bangalore,2023-01-15,1,1.74,22.36,218.3,0
bangalore,2023-01-16,1,1.3,17.65,226.1,0
bangalore,2023-01-17,1,3.51,18.21,246.7,0
bangalore,2023-01-18,1,0.33,23.56,270.1,0
bangalore,2023-01-19,1,3.16,22.1,231.5,0
bangalore,2023-01-20,1,0.27,20.65,266.3,0
bangalore,2023-01-21,1,0.77,15.6,294.9,0
bangalore,2023-01-22,1,2.49,21.22,242.3,0
bangalore,2023-01-23,1,1.22,23.08,314.8,0
bangalore,2023-01-24,1,0.53,21.65,269.1,0
bangalore,2023-01-25,1,0.67,20.6,253.4,0
bangalore,2023-01-26,1,3.59,19.33,268.1,0
bangalore,2023-01-27,1,2.82,20.27,186.2,0
bangalore,2023-01-28,1,0.7,25.67,210.8,0
bangalore,2023-01-29,1,0.98,22.36,271.8,0
bangalore,2023-01-30,1,2.27,20.81,239.0,0
bangalore,2023-01-31,1,1.49,23.1,233.3,0
bangalore,2023-02-01,2,2.54,22.0,75.2,0
bangalore,2023-02-02,2,0.5,25.49,68.9,0
bangalore,2023-02-03,2,1.01,21.58,63.5,0
bangalore,2023-02-04,2,0.31,26.47,124.2,0
bangalore,2023-02-05,2,0.84,23.68,109.2,0
bangalore,2023-02-06,2,3.72,21.13,109.2,0
bangalore,2023-02-07,2,1.03,17.46,91.8,0
bangalore,2023-02-08,2,4.2,19.93,94.2,0
bangalore,2023-02-09,2,0.97,21.29,105.8,0
bangalore,2023-02-10,2,1.26,23.65,113.7,0
bangalore,2023-02-11,2,2.75,22.88,78.0,0
bangalore,2023-02-12,2,2.07,23.57,122.6,0
bangalore,2023-02-13,2,1.25,21.69,126.9,0
bangalore,2023-02-14,2,1.83,26.57,104.4,0
bangalore,2023-02-15,2,1.51,22.46,85.7,0
bangalore,2023-02-16,2,1.69,21.31,90.4,0
bangalore,2023-02-17,2,1.41,26.31,95.2,0
bangalore,2023-02-18,2,0.74,23.99,82.4,0
bangalore,2023-02-19,2,0.85,19.35,69.0,0
bangalore,2023-02-20,2,1.06,23.72,165.2,0
bangalore,2023-02-21,2,0.97,23.32,76.9,0
bangalore,2023-02-22,2,2.56,22.22,80.7,0
bangalore,2023-02-23,2,1.4,19.1,108.4,0
bangalore,2023-02-24,2,2.71,21.56,20.0,0
bangalore,2023-02-25,2,2.72,22.47,96.6,0
bangalore,2023-02-26,2,1.1,27.97,86.7,0
bangalore,2023-02-27,2,2.42,21.06,66.3,0
bangalore,2023-02-28,2,2.05,26.45,37.1,0
bangalore,2023-03-01,3,0.4,30.91,50.2,0
bangalore,2023-03-02,3,0.99,32.1,84.2,0
bangalore,2023-03-03,3,0.38,34.17,128.2,0
bangalore,2023-03-04,3,0.44,30.56,111.2,0
bangalore,2023-03-05,3,1.0,34.11,124.3,0
bangalore,2023-03-06,3,1.44,28.43,176.7,0
bangalore,2023-03-07,3,2.19,31.41,97.4,0
bangalore,2023-03-08,3,0.45,31.11,52.8,0
bangalore,2023-03-09,3,2.8,33.68,92.0,0
bangalore,2023-03-10,3,1.38,35.56,109.2,0
bangalore,2023-03-11,3,2.44,32.47,60.5,0
bangalore,2023-03-12,3,0.7,34.29,128.2,0
bangalore,2023-03-13,3,2.57,32.69,79.7,0
bangalore,2023-03-14,3,2.34,29.89,115.9,0
bangalore,2023-03-15,3,2.94,36.95,39.4,0
bangalore,2023-03-16,3,2.24,32.3,104.1,0
bangalore,2023-03-17,3,1.64,33.55,151.1,0
bangalore,2023-03-18,3,1.4,33.1,79.2,0
bangalore,2023-03-19,3,1.48,33.11,105.9,0
bangalore,2023-03-20,3,1.14,26.15,55.7,0
bangalore,2023-03-21,3,0.44,32.43,137.8,0
bangalore,2023-03-22,3,0.76,32.28,107.2,0
bangalore,2023-03-23,3,1.5,31.72,142.3,0
bangalore,2023-03-24,3,2.01,30.25,132.5,0
bangalore,2023-03-25,3,0.32,28.59,123.2,0
bangalore,2023-03-26,3,1.88,34.18,39.5,0
bangalore,2023-03-27,3,2.43,33.64,98.3,0
bangalore,2023-03-28,3,1.59,32.24,27.0,0
bangalore,2023-03-29,3,0.21,32.48,76.5,0
bangalore,2023-03-30,3,1.13,27.15,114.7,0
bangalore,2023-03-31,3,0.72,31.2,134.3,0
bangalore,2023-04-01,4,0.29,40.02,83.5,0
bangalore,2023-04-02,4,0.21,42.6,87.0,1
bangalore,2023-04-03,4,1.0,40.68,58.3,0
bangalore,2023-04-04,4,1.86,39.94,108.6,0
bangalore,2023-04-05,4,0.92,41.09,66.2,0
bangalore,2023-04-06,4,1.42,37.95,119.1,0
bangalore,2023-04-07,4,0.37,42.11,36.8,1
bangalore,2023-04-08,4,3.58,38.77,66.4,0
bangalore,2023-04-09,4,2.0,39.95,105.4,0
bangalore,2023-04-10,4,0.45,34.07,68.0,0
bangalore,2023-04-11,4,2.42,39.71,145.7,0
bangalore,2023-04-12,4,0.83,36.64,110.4,0
bangalore,2023-04-13,4,0.68,37.67,150.8,0
bangalore,2023-04-14,4,2.34,37.64,91.9,0
bangalore,2023-04-15,4,1.0,40.78,80.9,0
bangalore,2023-04-16,4,1.62,38.1,127.7,0
bangalore,2023-04-17,4,2.79,40.28,75.3,0
bangalore,2023-04-18,4,0.66,40.7,64.0,0
bangalore,2023-04-19,4,1.22,38.78,92.8,0
bangalore,2023-04-20,4,1.63,38.72,99.4,0
bangalore,2023-04-21,4,1.31,41.93,115.9,0
bangalore,2023-04-22,4,0.4,40.3,57.6,0
bangalore,2023-04-23,4,1.6,36.52,99.2,0
bangalore,2023-04-24,4,2.1,37.37,111.2,0
bangalore,2023-04-25,4,1.23,41.42,43.1,0
bangalore,2023-04-26,4,1.65,38.88,68.8,0
bangalore,2023-04-27,4,2.08,36.38,80.2,0
bangalore,2023-04-28,4,2.44,40.93,75.0,0
bangalore,2023-04-29,4,2.02,36.84,145.6,0
bangalore,2023-04-30,4,0.67,38.21,96.2,0
bangalore,2023-05-01,5,1.38,46.62,70.6,1
bangalore,2023-05-02,5,3.14,42.64,98.3,1
bangalore,2023-05-03,5,0.6,49.5,123.2,1
bangalore,2023-05-04,5,1.15,45.3,103.9,1
bangalore,2023-05-05,5,0.95,40.61,80.8,0
bangalore,2023-05-06,5,1.12,46.28,119.4,1
bangalore,2023-05-07,5,0.91,44.3,99.1,1
bangalore,2023-05-08,5,0.99,44.55,88.0,1
bangalore,2023-05-09,5,1.01,41.3,61.7,0
bangalore,2023-05-10,5,2.31,40.11,105.9,0
bangalore,2023-05-11,5,1.57,41.83,76.2,0
bangalore,2023-05-12,5,1.38,41.49,77.3,0
bangalore,2023-05-13,5,0.65,45.62,101.9,1
bangalore,2023-05-14,5,0.63,44.95,83.3,1
bangalore,2023-05-15,5,1.54,41.72,31.5,0
bangalore,2023-05-16,5,2.05,46.49,140.5,1
bangalore,2023-05-17,5,1.67,43.15,81.8,1
bangalore,2023-05-18,5,1.65,41.51,49.5,0
bangalore,2023-05-19,5,0.98,44.07,67.5,1
bangalore,2023-05-20,5,2.19,44.19,130.6,1
bangalore,2023-05-21,5,0.72,40.27,102.9,0
bangalore,2023-05-22,5,0.77,39.49,84.0,0
bangalore,2023-05-23,5,1.44,41.7,105.4,0
bangalore,2023-05-24,5,0.19,44.47,81.5,1
bangalore,2023-05-25,5,2.57,42.4,56.3,1
bangalore,2023-05-26,5,0.95,45.01,97.7,1
bangalore,2023-05-27,5,1.04,45.79,102.7,1
bangalore,2023-05-28,5,1.39,43.66,78.3,1
bangalore,2023-05-29,5,3.3,40.53,69.9,0
bangalore,2023-05-30,5,0.78,46.41,108.8,1
bangalore,2023-05-31,5,1.05,44.67,70.9,1
bangalore,2023-06-01,6,22.07,38.14,83.2,0
bangalore,2023-06-02,6,36.58,37.73,49.7,0
bangalore,2023-06-03,6,19.07,41.25,85.4,0
bangalore,2023-06-04,6,1.88,38.14,89.3,0
bangalore,2023-06-05,6,17.66,36.35,69.5,0
bangalore,2023-06-06,6,21.97,36.17,125.5,0
bangalore,2023-06-07,6,4.31,38.7,83.9,0
bangalore,2023-06-08,6,24.59,35.85,101.2,0
bangalore,2023-06-09,6,14.52,43.78,83.6,1
bangalore,2023-06-10,6,5.23,38.03,63.8,0
bangalore,2023-06-11,6,17.6,37.97,95.7,0
bangalore,2023-06-12,6,35.43,40.94,93.5,0
bangalore,2023-06-13,6,6.36,37.87,89.6,0
bangalore,2023-06-14,6,10.32,38.74,91.4,0
bangalore,2023-06-15,6,30.31,38.1,113.2,0
bangalore,2023-06-16,6,12.43,37.02,119.1,0
bangalore,2023-06-17,6,2.86,38.89,128.3,0
bangalore,2023-06-18,6,11.92,37.83,88.5,0
bangalore,2023-06-19,6,10.5,38.89,87.9,0
bangalore,2023-06-20,6,9.53,38.06,63.2,0
bangalore,2023-06-21,6,19.18,37.83,84.5,0
bangalore,2023-06-22,6,11.42,40.9,54.3,0
bangalore,2023-06-23,6,4.94,39.74,63.1,0
bangalore,2023-06-24,6,18.92,36.54,124.0,0
bangalore,2023-06-25,6,16.39,40.73,151.6,0
bangalore,2023-06-26,6,34.18,35.01,58.4,0
bangalore,2023-06-27,6,32.03,37.32,85.8,0
bangalore,2023-06-28,6,15.66,38.87,133.6,0
bangalore,2023-06-29,6,7.19,38.54,110.9,0
bangalore,2023-06-30,6,9.43,39.51,29.1,0
bangalore,2023-07-01,7,11.44,30.07,93.2,0
bangalore,2023-07-02,7,11.01,34.84,69.0,0
bangalore,2023-07-03,7,4.25,34.91,112.8,0
bangalore,2023-07-04,7,23.15,32.24,68.1,0
bangalore,2023-07-05,7,11.59,32.58,145.4,0
bangalore,2023-07-06,7,24.66,31.45,61.1,0
bangalore,2023-07-07,7,76.98,32.35,87.5,1
bangalore,2023-07-08,7,41.52,32.66,20.0,0
bangalore,2023-07-09,7,25.77,32.13,115.0,0
bangalore,2023-07-10,7,25.64,34.44,150.4,0
bangalore,2023-07-11,7,20.02,32.55,81.7,0
bangalore,2023-07-12,7,35.66,31.61,121.5,0
bangalore,2023-07-13,7,9.96,33.59,61.6,0
bangalore,2023-07-14,7,16.53,31.14,38.9,0
bangalore,2023-07-15,7,13.67,31.04,102.3,0
bangalore,2023-07-16,7,6.99,33.99,107.3,0
bangalore,2023-07-17,7,13.14,31.07,116.7,0
bangalore,2023-07-18,7,41.37,30.92,86.9,0
bangalore,2023-07-19,7,13.05,35.99,52.4,0
bangalore,2023-07-20,7,6.81,32.15,133.2,0
bangalore,2023-07-21,7,12.84,31.16,123.1,0
bangalore,2023-07-22,7,12.25,31.04,126.0,0
bangalore,2023-07-23,7,10.05,34.34,87.1,0
bangalore,2023-07-24,7,12.14,30.53,70.4,0
bangalore,2023-07-25,7,9.46,34.13,38.7,0
bangalore,2023-07-26,7,22.25,27.72,84.1,0
bangalore,2023-07-27,7,27.85,31.72,108.5,0
bangalore,2023-07-28,7,21.55,34.91,44.3,0
bangalore,2023-07-29,7,12.6,36.66,139.9,0
bangalore,2023-07-30,7,11.25,31.45,67.5,0
bangalore,2023-07-31,7,13.86,31.91,121.6,0
bangalore,2023-08-01,8,2.1,33.07,93.9,0
bangalore,2023-08-02,8,10.21,33.25,109.6,0
bangalore,2023-08-03,8,28.48,28.23,63.0,0
bangalore,2023-08-04,8,10.39,30.6,59.0,0
bangalore,2023-08-05,8,23.47,36.56,75.3,0
bangalore,2023-08-06,8,8.58,30.61,88.3,0
bangalore,2023-08-07,8,6.64,34.39,106.1,0
bangalore,2023-08-08,8,2.68,31.73,97.4,0
bangalore,2023-08-09,8,10.15,27.93,89.6,0
bangalore,2023-08-10,8,5.31,30.12,77.6,0
bangalore,2023-08-11,8,20.69,32.29,129.9,0
bangalore,2023-08-12,8,2.66,32.71,68.6,0
bangalore,2023-08-13,8,4.12,31.17,96.6,0
bangalore,2023-08-14,8,9.85,30.54,79.1,0
bangalore,2023-08-15,8,14.36,34.25,32.2,0
bangalore,2023-08-16,8,38.8,30.87,101.1,0
bangalore,2023-08-17,8,18.36,30.83,82.6,0
bangalore,2023-08-18,8,1.85,33.73,133.9,0
bangalore,2023-08-19,8,35.72,33.82,70.5,0
bangalore,2023-08-20,8,2.03,32.17,59.8,0
bangalore,2023-08-21,8,20.02,33.3,95.9,0
bangalore,2023-08-22,8,49.34,32.18,43.0,0
bangalore,2023-08-23,8,19.68,30.48,68.7,0
bangalore,2023-08-24,8,16.1,29.87,54.6,0
bangalore,2023-08-25,8,29.59,33.99,118.1,0
bangalore,2023-08-26,8,26.11,32.75,40.3,0
bangalore,2023-08-27,8,47.41,34.16,87.4,0
bangalore,2023-08-28,8,5.33,31.86,76.1,0
bangalore,2023-08-29,8,5.36,32.68,72.6,0
bangalore,2023-08-30,8,9.76,30.73,46.6,0
bangalore,2023-08-31,8,19.07,33.01,83.2,0
bangalore,2023-09-01,9,4.23,35.86,72.8,0
bangalore,2023-09-02,9,15.32,31.88,72.8,0
bangalore,2023-09-03,9,12.95,33.36,62.0,0
bangalore,2023-09-04,9,8.84,31.6,94.1,0
bangalore,2023-09-05,9,15.88,32.45,108.3,0
bangalore,2023-09-06,9,6.37,32.76,136.4,0
bangalore,2023-09-07,9,8.91,29.93,109.8,0
bangalore,2023-09-08,9,14.15,32.09,84.9,0
bangalore,2023-09-09,9,1.57,30.0,80.3,0
bangalore,2023-09-10,9,20.27,31.94,124.9,0
bangalore,2023-09-11,9,5.19,31.03,72.3,0
bangalore,2023-09-12,9,10.66,33.06,36.6,0
bangalore,2023-09-13,9,24.07,30.08,89.9,0
bangalore,2023-09-14,9,3.17,31.25,84.7,0
bangalore,2023-09-15,9,10.52,33.29,66.1,0
bangalore,2023-09-16,9,25.45,33.55,111.3,0
bangalore,2023-09-17,9,0.27,30.33,95.1,0
bangalore,2023-09-18,9,13.73,32.68,100.7,0
bangalore,2023-09-19,9,6.51,31.59,111.5,0
bangalore,2023-09-20,9,6.04,31.94,78.0,0
bangalore,2023-09-21,9,14.42,29.86,54.1,0
bangalore,2023-09-22,9,5.87,30.31,84.8,0
bangalore,2023-09-23,9,3.8,31.93,106.8,0
bangalore,2023-09-24,9,5.98,30.99,119.9,0
bangalore,2023-09-25,9,10.95,28.58,93.2,0
bangalore,2023-09-26,9,6.82,32.92,116.6,0
bangalore,2023-09-27,9,8.43,33.24,60.7,0
bangalore,2023-09-28,9,4.97,34.07,86.1,0
bangalore,2023-09-29,9,6.72,31.11,81.5,0
bangalore,2023-09-30,9,4.86,29.87,101.5,0
bangalore,2023-10-01,10,1.1,34.23,82.3,0
bangalore,2023-10-02,10,1.02,32.02,130.6,0
bangalore,2023-10-03,10,1.03,30.26,111.0,0
bangalore,2023-10-04,10,0.79,32.76,130.0,0
bangalore,2023-10-05,10,2.66,29.38,158.3,0
bangalore,2023-10-06,10,0.67,31.75,157.3,0
bangalore,2023-10-07,10,1.11,34.14,132.1,0
bangalore,2023-10-08,10,1.52,31.19,149.6,0
bangalore,2023-10-09,10,0.72,32.38,178.0,0
bangalore,2023-10-10,10,0.18,31.89,147.6,0
bangalore,2023-10-11,10,0.23,36.18,71.2,0
bangalore,2023-10-12,10,1.28,34.09,138.6,0
bangalore,2023-10-13,10,0.26,32.52,92.7,0
bangalore,2023-10-14,10,1.54,34.0,122.6,0
bangalore,2023-10-15,10,3.77,31.29,141.3,0
bangalore,2023-10-16,10,1.21,31.0,112.1,0
bangalore,2023-10-17,10,2.77,29.34,137.0,0
bangalore,2023-10-18,10,3.65,29.95,129.8,0
bangalore,2023-10-19,10,1.92,32.17,190.4,0
bangalore,2023-10-20,10,2.48,28.31,111.5,0
bangalore,2023-10-21,10,0.9,28.05,164.4,0
bangalore,2023-10-22,10,1.02,31.16,136.3,0
bangalore,2023-10-23,10,1.74,34.95,129.0,0
bangalore,2023-10-24,10,0.9,36.0,170.4,0
bangalore,2023-10-25,10,0.22,32.74,99.3,0
bangalore,2023-10-26,10,1.73,32.74,152.2,0
bangalore,2023-10-27,10,0.51,35.45,159.6,0
bangalore,2023-10-28,10,0.85,30.75,83.3,0
bangalore,2023-10-29,10,1.23,31.97,158.5,0
bangalore,2023-10-30,10,0.78,31.9,110.7,0
bangalore,2023-10-31,10,1.91,33.22,116.2,0
bangalore,2023-11-01,11,0.13,31.63,190.1,0
bangalore,2023-11-02,11,5.01,30.53,162.8,0
bangalore,2023-11-03,11,0.95,34.44,158.8,0
bangalore,2023-11-04,11,0.59,32.46,194.1,0
bangalore,2023-11-05,11,1.35,31.79,140.9,0
bangalore,2023-11-06,11,1.07,32.13,168.7,0
bangalore,2023-11-07,11,0.78,29.73,178.8,0
bangalore,2023-11-08,11,2.39,35.36,147.5,0
bangalore,2023-11-09,11,0.95,33.58,244.1,0
bangalore,2023-11-10,11,0.69,29.62,192.2,0
bangalore,2023-11-11,11,1.9,29.27,138.2,0
bangalore,2023-11-12,11,1.1,32.13,150.8,0
bangalore,2023-11-13,11,1.21,32.25,209.1,0
bangalore,2023-11-14,11,0.67,31.71,205.7,0
bangalore,2023-11-15,11,3.38,35.96,137.8,0
bangalore,2023-11-16,11,0.22,33.59,166.5,0
bangalore,2023-11-17,11,1.69,29.66,214.1,0
bangalore,2023-11-18,11,0.92,32.6,185.5,0
bangalore,2023-11-19,11,2.33,33.18,139.7,0
bangalore,2023-11-20,11,1.52,32.01,154.1,0
bangalore,2023-11-21,11,4.45,30.68,189.1,0
bangalore,2023-11-22,11,0.79,31.56,178.0,0
bangalore,2023-11-23,11,0.32,27.81,174.5,0
bangalore,2023-11-24,11,1.35,30.35,187.9,0
bangalore,2023-11-25,11,1.31,31.72,135.8,0
bangalore,2023-11-26,11,0.99,33.42,213.7,0
bangalore,2023-11-27,11,2.03,34.84,185.0,0
bangalore,2023-11-28,11,0.23,33.72,219.1,0
bangalore,2023-11-29,11,1.39,34.9,165.3,0
bangalore,2023-11-30,11,1.44,31.46,176.6,0
bangalore,2023-12-01,12,0.91,20.39,261.6,0
bangalore,2023-12-02,12,3.25,21.08,194.2,0
bangalore,2023-12-03,12,3.51,19.06,205.3,0
bangalore,2023-12-04,12,2.14,23.93,168.5,0
bangalore,2023-12-05,12,0.23,21.98,300.9,0
bangalore,2023-12-06,12,1.04,23.53,220.5,0
bangalore,2023-12-07,12,0.2,24.42,217.6,0
bangalore,2023-12-08,12,1.73,23.95,269.6,0
bangalore,2023-12-09,12,0.45,25.09,193.6,0
bangalore,2023-12-10,12,2.03,22.27,238.4,0
bangalore,2023-12-11,12,0.36,23.17,215.3,0
bangalore,2023-12-12,12,1.49,23.31,188.1,0
bangalore,2023-12-13,12,1.14,23.1,225.1,0
bangalore,2023-12-14,12,0.34,23.25,197.0,0
bangalore,2023-12-15,12,0.43,19.83,265.7,0
bangalore,2023-12-16,12,1.12,23.51,192.3,0
bangalore,2023-12-17,12,0.87,23.65,181.2,0
bangalore,2023-12-18,12,1.44,21.35,237.1,0
bangalore,2023-12-19,12,3.38,22.0,210.5,0
bangalore,2023-12-20,12,1.39,22.96,216.1,0
bangalore,2023-12-21,12,0.35,20.63,221.2,0
bangalore,2023-12-22,12,0.79,23.36,217.5,0
bangalore,2023-12-23,12,1.49,26.03,246.1,0
bangalore,2023-12-24,12,0.2,16.36,203.5,0
bangalore,2023-12-25,12,2.0,20.89,237.0,0
bangalore,2023-12-26,12,1.42,22.66,229.5,0
bangalore,2023-12-27,12,2.81,19.04,178.6,0
bangalore,2023-12-28,12,1.46,17.46,248.4,0
bangalore,2023-12-29,12,1.01,23.11,230.4,0
bangalore,2023-12-30,12,0.53,22.74,223.6,0
bangalore,2023-12-31,12,0.44,21.97,253.0,0
bangalore,2024-01-01,1,1.8,17.72,270.6,0
bangalore,2024-01-02,1,1.68,18.78,235.9,0
bangalore,2024-01-03,1,2.01,19.78,248.0,0
bangalore,2024-01-04,1,1.46,20.81,245.4,0
bangalore,2024-01-05,1,2.1,20.06,227.8,0
bangalore,2024-01-06,1,0.86,15.83,220.8,0
bangalore,2024-01-07,1,0.6,19.72,221.4,0
bangalore,2024-01-08,1,0.62,21.11,218.9,0
bangalore,2024-01-09,1,3.46,22.4,222.0,0
bangalore,2024-01-10,1,0.4,18.47,233.7,0
bangalore,2024-01-11,1,0.32,19.24,260.1,0
bangalore,2024-01-12,1,1.51,20.96,247.6,0
bangalore,2024-01-13,1,0.84,18.18,272.6,0
bangalore,2024-01-14,1,0.73,19.57,219.0,0
bangalore,2024-01-15,1,3.44,21.29,267.9,0
bangalore,2024-01-16,1,0.47,19.99,276.7,0
bangalore,2024-01-17,1,3.26,20.96,261.6,0
bangalore,2024-01-18,1,1.23,19.64,256.1,0
bangalore,2024-01-19,1,1.71,22.79,253.4,0
bangalore,2024-01-20,1,1.03,19.77,236.5,0
bangalore,2024-01-21,1,0.86,21.11,259.7,0
bangalore,2024-01-22,1,0.45,18.89,277.9,0
bangalore,2024-01-23,1,1.96,20.59,238.7,0
bangalore,2024-01-24,1,1.01,22.99,293.4,0
bangalore,2024-01-25,1,1.21,23.08,281.1,0
bangalore,2024-01-26,1,0.38,24.73,262.0,0
bangalore,2024-01-27,1,2.28,21.42,230.5,0
bangalore,2024-01-28,1,2.19,20.34,276.4,0
bangalore,2024-01-29,1,2.09,22.6,221.1,0
bangalore,2024-01-30,1,1.48,20.68,253.4,0
bangalore,2024-01-31,1,1.5,18.86,253.4,0
bangalore,2024-02-01,2,0.81,23.37,98.0,0
bangalore,2024-02-02,2,0.81,24.21,109.7,0
bangalore,2024-02-03,2,0.67,24.3,100.7,0
bangalore,2024-02-04,2,0.38,26.19,73.0,0
bangalore,2024-02-05,2,3.93,19.63,103.3,0
bangalore,2024-02-06,2,0.06,18.95,84.1,0
bangalore,2024-02-07,2,2.98,22.4,106.2,0
bangalore,2024-02-08,2,1.76,22.53,101.8,0
bangalore,2024-02-09,2,0.49,21.78,60.2,0
bangalore,2024-02-10,2,0.69,20.49,137.7,0
bangalore,2024-02-11,2,1.8,26.59,99.2,0
bangalore,2024-02-12,2,2.06,21.24,135.5,0
bangalore,2024-02-13,2,0.8,25.27,112.5,0
bangalore,2024-02-14,2,0.42,22.42,105.8,0
bangalore,2024-02-15,2,1.5,21.9,64.6,0
bangalore,2024-02-16,2,0.19,22.27,133.0,0
bangalore,2024-02-17,2,1.44,26.32,120.1,0
bangalore,2024-02-18,2,0.69,27.02,104.9,0
bangalore,2024-02-19,2,1.98,23.39,64.5,0
bangalore,2024-02-20,2,1.11,22.23,120.0,0
bangalore,2024-02-21,2,0.64,24.69,62.5,0
bangalore,2024-02-22,2,0.75,25.96,114.7,0
bangalore,2024-02-23,2,1.29,24.09,61.9,0
bangalore,2024-02-24,2,4.11,20.04,130.8,0
bangalore,2024-02-25,2,1.31,20.93,100.4,0
bangalore,2024-02-26,2,1.21,20.78,114.7,0
bangalore,2024-02-27,2,2.41,22.75,95.1,0
bangalore,2024-02-28,2,1.06,25.87,80.9,0
bangalore,2024-02-29,2,0.97,20.98,94.1,0
bangalore,2024-03-01,3,2.29,34.0,65.2,0
bangalore,2024-03-02,3,1.37,32.55,107.0,0
bangalore,2024-03-03,3,1.52,34.47,69.9,0
bangalore,2024-03-04,3,0.46,30.92,68.1,0
bangalore,2024-03-05,3,0.26,31.63,94.2,0
bangalore,2024-03-06,3,1.5,31.23,169.4,0
bangalore,2024-03-07,3,0.94,31.57,76.8,0
bangalore,2024-03-08,3,0.45,31.59,83.2,0
bangalore,2024-03-09,3,1.41,31.1,117.5,0
bangalore,2024-03-10,3,0.97,30.22,76.7,0
bangalore,2024-03-11,3,0.4,35.71,98.2,0
bangalore,2024-03-12,3,3.46,31.66,101.2,0
bangalore,2024-03-13,3,3.08,30.24,76.8,0
bangalore,2024-03-14,3,0.44,29.51,80.7,0
bangalore,2024-03-15,3,1.3,32.16,110.2,0
bangalore,2024-03-16,3,1.57,32.56,41.2,0
bangalore,2024-03-17,3,1.22,32.67,64.3,0
bangalore,2024-03-18,3,0.79,31.79,106.2,0
bangalore,2024-03-19,3,4.44,31.56,69.9,0
bangalore,2024-03-20,3,1.34,30.94,109.7,0
bangalore,2024-03-21,3,1.05,27.95,111.0,0
bangalore,2024-03-22,3,0.25,32.25,84.9,0
bangalore,2024-03-23,3,1.17,33.03,95.0,0
bangalore,2024-03-24,3,0.43,33.29,95.0,0
bangalore,2024-03-25,3,1.94,30.6,64.3,0
bangalore,2024-03-26,3,1.0,31.14,56.6,0
bangalore,2024-03-27,3,0.22,30.6,84.6,0
bangalore,2024-03-28,3,2.13,33.38,76.5,0
bangalore,2024-03-29,3,0.32,36.52,38.0,0
bangalore,2024-03-30,3,0.91,28.92,92.8,0
bangalore,2024-03-31,3,2.46,31.53,57.1,0
bangalore,2024-04-01,4,0.74,37.24,157.7,0
bangalore,2024-04-02,4,0.71,36.16,20.0,0
bangalore,2024-04-03,4,1.8,37.08,124.6,0
bangalore,2024-04-04,4,1.59,35.93,109.2,0
bangalore,2024-04-05,4,1.63,42.4,58.4,1
bangalore,2024-04-06,4,1.87,42.37,112.1,1
bangalore,2024-04-07,4,1.95,36.37,89.1,0
bangalore,2024-04-08,4,1.03,37.14,97.0,0
bangalore,2024-04-09,4,4.62,38.29,96.1,0
bangalore,2024-04-10,4,1.24,36.44,80.0,0
bangalore,2024-04-11,4,1.88,41.31,146.4,0
bangalore,2024-04-12,4,1.86,39.6,104.7,0
bangalore,2024-04-13,4,1.3,33.51,89.9,0
bangalore,2024-04-14,4,0.77,38.69,80.7,0
bangalore,2024-04-15,4,1.68,38.18,110.2,0
bangalore,2024-04-16,4,0.6,34.39,125.6,0
bangalore,2024-04-17,4,1.83,38.68,130.0,0
bangalore,2024-04-18,4,2.89,35.85,70.1,0
bangalore,2024-04-19,4,1.34,36.4,60.4,0
bangalore,2024-04-20,4,0.61,40.18,45.3,0
bangalore,2024-04-21,4,1.4,38.18,64.9,0
bangalore,2024-04-22,4,1.62,40.5,140.6,0
bangalore,2024-04-23,4,0.72,37.79,112.7,0
bangalore,2024-04-24,4,0.89,35.4,50.0,0
bangalore,2024-04-25,4,1.97,37.76,94.5,0
bangalore,2024-04-26,4,0.62,39.57,110.6,0
bangalore,2024-04-27,4,1.01,38.37,84.1,0
bangalore,2024-04-28,4,0.62,38.47,107.7,0
bangalore,2024-04-29,4,1.1,37.72,117.9,0
bangalore,2024-04-30,4,1.52,35.83,67.2,0
bangalore,2024-05-01,5,1.89,45.2,102.0,1
bangalore,2024-05-02,5,2.63,44.28,148.1,1
bangalore,2024-05-03,5,0.79,42.16,60.0,1
bangalore,2024-05-04,5,0.33,44.05,149.6,1
bangalore,2024-05-05,5,4.47,41.5,147.2,0
bangalore,2024-05-06,5,0.52,42.69,125.3,1
bangalore,2024-05-07,5,0.47,44.16,90.4,1
bangalore,2024-05-08,5,1.66,42.13,92.8,1
bangalore,2024-05-09,5,0.26,44.43,73.0,1
bangalore,2024-05-10,5,2.21,41.41,71.4,0
bangalore,2024-05-11,5,1.19,43.63,124.0,1
bangalore,2024-05-12,5,4.49,41.35,140.4,0
bangalore,2024-05-13,5,1.03,43.76,94.2,1
bangalore,2024-05-14,5,1.8,45.18,103.4,1
bangalore,2024-05-15,5,1.21,43.35,146.9,1
bangalore,2024-05-16,5,1.11,40.68,77.9,0
bangalore,2024-05-17,5,0.48,42.28,76.5,1
bangalore,2024-05-18,5,0.14,41.28,70.9,0
bangalore,2024-05-19,5,2.11,45.11,113.4,1
bangalore,2024-05-20,5,1.05,42.18,72.0,1
bangalore,2024-05-21,5,0.57,43.31,110.8,1
bangalore,2024-05-22,5,5.76,44.34,91.6,1
bangalore,2024-05-23,5,1.92,40.94,92.6,0
bangalore,2024-05-24,5,0.67,46.72,106.8,1
bangalore,2024-05-25,5,1.93,41.05,48.9,0
bangalore,2024-05-26,5,3.86,41.61,45.8,0
bangalore,2024-05-27,5,1.33,43.29,118.8,1
bangalore,2024-05-28,5,2.18,40.71,68.4,0
bangalore,2024-05-29,5,1.37,40.94,62.3,0
bangalore,2024-05-30,5,1.35,42.94,73.3,1
bangalore,2024-05-31,5,1.52,40.56,20.0,0
bangalore,2024-06-01,6,28.37,37.51,106.3,0
bangalore,2024-06-02,6,23.25,40.02,81.8,0
bangalore,2024-06-03,6,1.73,38.44,48.9,0
bangalore,2024-06-04,6,8.71,39.56,77.4,0
bangalore,2024-06-05,6,25.59,41.79,149.7,0
bangalore,2024-06-06,6,1.08,38.63,90.1,0
bangalore,2024-06-07,6,10.71,38.44,129.4,0
bangalore,2024-06-08,6,14.73,39.82,90.4,0
bangalore,2024-06-09,6,12.37,37.54,76.2,0
bangalore,2024-06-10,6,1.58,37.63,77.3,0
bangalore,2024-06-11,6,25.32,38.12,117.7,0
bangalore,2024-06-12,6,8.41,35.51,80.5,0
bangalore,2024-06-13,6,7.95,40.88,82.3,0
bangalore,2024-06-14,6,25.75,40.29,60.3,0
bangalore,2024-06-15,6,8.32,41.92,86.2,0
bangalore,2024-06-16,6,1.55,36.99,69.4,0
bangalore,2024-06-17,6,5.97,37.81,87.1,0
bangalore,2024-06-18,6,19.09,36.91,126.7,0
bangalore,2024-06-19,6,24.13,38.05,95.8,0
bangalore,2024-06-20,6,5.27,37.38,60.2,0
bangalore,2024-06-21,6,27.32,36.97,142.2,0
bangalore,2024-06-22,6,16.91,39.47,49.9,0
bangalore,2024-06-23,6,19.41,35.19,67.9,0
bangalore,2024-06-24,6,14.45,35.26,57.4,0
bangalore,2024-06-25,6,6.98,36.68,129.0,0
bangalore,2024-06-26,6,12.86,36.59,127.4,0
bangalore,2024-06-27,6,13.86,39.72,154.7,0
bangalore,2024-06-28,6,1.56,38.65,104.8,0
bangalore,2024-06-29,6,4.44,38.28,87.6,0
bangalore,2024-06-30,6,24.98,38.29,56.1,0
bangalore,2024-07-01,7,39.08,35.97,70.3,0
bangalore,2024-07-02,7,16.54,30.69,96.9,0
bangalore,2024-07-03,7,15.58,32.21,30.9,0
bangalore,2024-07-04,7,13.72,34.12,77.0,0
bangalore,2024-07-05,7,29.57,34.08,76.5,0
bangalore,2024-07-06,7,15.62,31.6,35.4,0
bangalore,2024-07-07,7,54.3,31.38,49.6,1
bangalore,2024-07-08,7,31.95,32.01,100.6,0
bangalore,2024-07-09,7,31.26,29.92,64.0,0
bangalore,2024-07-10,7,3.68,29.47,120.3,0
bangalore,2024-07-11,7,3.76,32.71,101.8,0
bangalore,2024-07-12,7,36.9,31.84,91.1,0
bangalore,2024-07-13,7,14.78,33.81,94.6,0
bangalore,2024-07-14,7,17.76,32.58,75.6,0
bangalore,2024-07-15,7,47.79,33.78,42.5,0
bangalore,2024-07-16,7,6.03,32.87,55.9,0
bangalore,2024-07-17,7,9.01,29.82,174.0,0
bangalore,2024-07-18,7,11.14,27.56,128.2,0
bangalore,2024-07-19,7,4.75,32.8,78.9,0
bangalore,2024-07-20,7,13.31,31.26,65.8,0
bangalore,2024-07-21,7,15.69,32.67,105.0,0
bangalore,2024-07-22,7,23.98,33.77,72.5,0
bangalore,2024-07-23,7,35.87,30.29,54.4,0
bangalore,2024-07-24,7,19.14,28.29,86.9,0
bangalore,2024-07-25,7,20.63,31.59,123.7,0
bangalore,2024-07-26,7,41.66,30.64,66.3,0
bangalore,2024-07-27,7,28.12,34.42,98.3,0
bangalore,2024-07-28,7,24.92,30.78,125.9,0
bangalore,2024-07-29,7,13.25,31.03,56.7,0
bangalore,2024-07-30,7,28.56,34.44,126.4,0
bangalore,2024-07-31,7,18.07,29.64,84.1,0
bangalore,2024-08-01,8,3.45,33.14,76.2,0
bangalore,2024-08-02,8,14.27,30.63,143.8,0
bangalore,2024-08-03,8,19.73,33.54,66.4,0
bangalore,2024-08-04,8,17.29,32.03,97.4,0
bangalore,2024-08-05,8,5.37,33.53,83.4,0
bangalore,2024-08-06,8,17.4,35.52,76.4,0
bangalore,2024-08-07,8,23.28,31.62,133.0,0
bangalore,2024-08-08,8,6.69,30.01,103.9,0
bangalore,2024-08-09,8,15.63,33.51,118.5,0
bangalore,2024-08-10,8,2.52,28.77,162.9,0
bangalore,2024-08-11,8,13.2,32.45,45.7,0
bangalore,2024-08-12,8,9.55,32.37,123.6,0
bangalore,2024-08-13,8,16.85,32.42,65.0,0
bangalore,2024-08-14,8,15.69,28.67,45.1,0
bangalore,2024-08-15,8,10.76,28.26,126.3,0
bangalore,2024-08-16,8,9.59,31.4,33.0,0
bangalore,2024-08-17,8,12.07,32.66,131.3,0
bangalore,2024-08-18,8,54.81,31.43,67.7,1
bangalore,2024-08-19,8,35.88,32.33,77.4,0
bangalore,2024-08-20,8,34.19,31.39,95.8,0
bangalore,2024-08-21,8,7.74,32.05,125.2,0
bangalore,2024-08-22,8,53.92,29.07,78.6,1
bangalore,2024-08-23,8,22.59,31.88,91.4,0
bangalore,2024-08-24,8,24.78,30.61,121.5,0
bangalore,2024-08-25,8,21.07,31.96,109.2,0
bangalore,2024-08-26,8,7.95,30.46,67.2,0
bangalore,2024-08-27,8,25.25,31.71,21.3,0
bangalore,2024-08-28,8,5.3,31.74,47.7,0
bangalore,2024-08-29,8,10.64,31.99,135.2,0
bangalore,2024-08-30,8,5.95,35.07,28.2,0
bangalore,2024-08-31,8,11.19,33.46,140.3,0
bangalore,2024-09-01,9,7.87,31.39,88.6,0
bangalore,2024-09-02,9,8.21,30.95,99.8,0
bangalore,2024-09-03,9,17.64,31.84,20.0,0
bangalore,2024-09-04,9,19.34,34.5,80.4,0
bangalore,2024-09-05,9,23.53,32.27,149.1,0
bangalore,2024-09-06,9,31.84,31.27,127.1,0
bangalore,2024-09-07,9,23.24,32.61,156.3,0
bangalore,2024-09-08,9,5.37,35.8,101.7,0
bangalore,2024-09-09,9,8.83,29.45,76.4,0
bangalore,2024-09-10,9,13.02,29.15,121.7,0
bangalore,2024-09-11,9,7.82,33.13,80.8,0
bangalore,2024-09-12,9,7.37,32.33,82.2,0
bangalore,2024-09-13,9,5.52,27.9,118.4,0
bangalore,2024-09-14,9,7.59,33.96,91.3,0
bangalore,2024-09-15,9,18.98,32.58,52.1,0
bangalore,2024-09-16,9,8.03,34.91,70.8,0
bangalore,2024-09-17,9,12.06,30.05,67.8,0
bangalore,2024-09-18,9,16.59,33.75,60.3,0
bangalore,2024-09-19,9,7.93,31.22,129.9,0
bangalore,2024-09-20,9,11.26,31.0,73.4,0
bangalore,2024-09-21,9,5.05,30.66,121.1,0
bangalore,2024-09-22,9,7.87,30.3,69.3,0
bangalore,2024-09-23,9,4.65,30.96,105.3,0
bangalore,2024-09-24,9,4.91,29.74,65.1,0
bangalore,2024-09-25,9,12.76,31.28,100.5,0
bangalore,2024-09-26,9,6.07,33.27,128.1,0
bangalore,2024-09-27,9,19.8,34.32,117.0,0
bangalore,2024-09-28,9,3.61,30.32,99.6,0
bangalore,2024-09-29,9,2.4,31.09,103.9,0
bangalore,2024-09-30,9,6.46,31.95,88.5,0
bangalore,2024-10-01,10,3.29,34.91,150.6,0
bangalore,2024-10-02,10,1.55,29.36,155.7,0
bangalore,2024-10-03,10,1.94,31.72,154.5,0
bangalore,2024-10-04,10,3.15,32.66,94.8,0
bangalore,2024-10-05,10,0.57,33.45,106.1,0
bangalore,2024-10-06,10,1.45,31.31,109.9,0
bangalore,2024-10-07,10,0.6,32.96,145.1,0
bangalore,2024-10-08,10,2.25,32.33,134.1,0
bangalore,2024-10-09,10,1.83,31.46,105.8,0
bangalore,2024-10-10,10,0.55,29.95,107.2,0
bangalore,2024-10-11,10,0.8,30.29,108.8,0
bangalore,2024-10-12,10,4.75,31.67,118.7,0
bangalore,2024-10-13,10,0.69,35.11,86.6,0
bangalore,2024-10-14,10,1.19,28.75,133.9,0
bangalore,2024-10-15,10,0.81,32.82,111.1,0
bangalore,2024-10-16,10,1.67,32.21,185.8,0
bangalore,2024-10-17,10,1.02,28.39,138.0,0
bangalore,2024-10-18,10,1.02,29.64,122.8,0
bangalore,2024-10-19,10,4.03,32.5,136.3,0
bangalore,2024-10-20,10,1.0,30.94,60.2,0
bangalore,2024-10-21,10,2.0,29.9,102.1,0
bangalore,2024-10-22,10,1.61,33.18,115.7,0
bangalore,2024-10-23,10,2.19,34.97,128.7,0
bangalore,2024-10-24,10,2.54,29.25,114.9,0
bangalore,2024-10-25,10,1.11,34.62,99.9,0
bangalore,2024-10-26,10,1.23,33.28,112.6,0
bangalore,2024-10-27,10,1.55,32.48,152.6,0
bangalore,2024-10-28,10,2.64,33.51,146.3,0
bangalore,2024-10-29,10,1.08,33.6,183.9,0
bangalore,2024-10-30,10,0.94,30.91,167.7,0
bangalore,2024-10-31,10,1.66,33.38,129.0,0
bangalore,2024-11-01,11,1.88,31.13,208.3,0
bangalore,2024-11-02,11,1.45,33.53,198.6,0
bangalore,2024-11-03,11,1.55,32.32,162.2,0
bangalore,2024-11-04,11,0.88,28.5,213.9,0
bangalore,2024-11-05,11,1.3,32.42,213.3,0
bangalore,2024-11-06,11,2.13,31.02,172.0,0
bangalore,2024-11-07,11,0.71,30.52,176.0,0
bangalore,2024-11-08,11,0.64,31.09,186.8,0
bangalore,2024-11-09,11,3.72,29.73,196.6,0
bangalore,2024-11-10,11,0.24,29.11,183.0,0
bangalore,2024-11-11,11,3.43,32.53,161.9,0
bangalore,2024-11-12,11,1.89,31.54,174.6,0
bangalore,2024-11-13,11,0.84,33.37,176.6,0
bangalore,2024-11-14,11,1.72,30.73,169.2,0
bangalore,2024-11-15,11,0.38,32.76,173.3,0
bangalore,2024-11-16,11,2.61,26.95,178.5,0
bangalore,2024-11-17,11,1.09,32.21,174.4,0
bangalore,2024-11-18,11,4.75,31.6,202.3,0
bangalore,2024-11-19,11,1.27,37.13,204.8,0
bangalore,2024-11-20,11,0.66,32.62,169.8,0
bangalore,2024-11-21,11,0.58,29.38,126.3,0
bangalore,2024-11-22,11,2.5,31.64,153.6,0
bangalore,2024-11-23,11,1.28,32.05,224.2,0
bangalore,2024-11-24,11,1.69,33.32,105.0,0
bangalore,2024-11-25,11,1.65,29.94,163.4,0
bangalore,2024-11-26,11,0.48,35.11,148.7,0
bangalore,2024-11-27,11,0.32,32.9,219.7,0
bangalore,2024-11-28,11,1.22,32.03,195.9,0
bangalore,2024-11-29,11,3.57,31.67,178.1,0
bangalore,2024-11-30,11,1.42,32.46,136.7,0
bangalore,2024-12-01,12,0.82,20.28,236.1,0
bangalore,2024-12-02,12,0.51,21.69,201.8,0
bangalore,2024-12-03,12,0.36,22.93,219.2,0
bangalore,2024-12-04,12,0.35,23.57,226.6,0
bangalore,2024-12-05,12,0.34,18.71,257.8,0
bangalore,2024-12-06,12,2.44,23.03,243.7,0
bangalore,2024-12-07,12,0.56,24.43,204.0,0
bangalore,2024-12-08,12,2.45,23.85,207.8,0
bangalore,2024-12-09,12,0.4,23.21,196.2,0
bangalore,2024-12-10,12,0.42,22.52,219.8,0
bangalore,2024-12-11,12,3.26,19.83,260.6,0
bangalore,2024-12-12,12,2.34,23.04,201.3,0
bangalore,2024-12-13,12,0.28,18.5,193.8,0
bangalore,2024-12-14,12,2.67,22.74,213.2,0
bangalore,2024-12-15,12,0.16,24.13,166.7,0
bangalore,2024-12-16,12,5.21,25.23,261.2,0
bangalore,2024-12-17,12,0.66,21.53,251.8,0
bangalore,2024-12-18,12,1.6,23.44,205.0,0
bangalore,2024-12-19,12,2.52,23.01,214.1,0
bangalore,2024-12-20,12,1.43,18.52,216.6,0
bangalore,2024-12-21,12,1.14,22.67,255.1,0
bangalore,2024-12-22,12,1.86,21.66,248.0,0
bangalore,2024-12-23,12,0.65,22.71,216.6,0
bangalore,2024-12-24,12,0.74,23.98,166.4,0
bangalore,2024-12-25,12,0.08,20.07,280.7,0
bangalore,2024-12-26,12,1.23,20.96,238.5,0
bangalore,2024-12-27,12,0.76,19.96,299.9,0
bangalore,2024-12-28,12,1.54,23.2,240.2,0
bangalore,2024-12-29,12,2.67,21.83,253.7,0
bangalore,2024-12-30,12,0.84,21.1,250.8,0
bangalore,2024-12-31,12,2.95,28.11,234.1,0
bangalore,2025-01-01,1,0.76,20.95,198.9,0
bangalore,2025-01-02,1,1.75,19.82,245.5,0
bangalore,2025-01-03,1,2.71,19.9,298.0,0
bangalore,2025-01-04,1,1.19,23.13,258.4,0
bangalore,2025-01-05,1,1.16,20.54,227.9,0
bangalore,2025-01-06,1,1.15,23.38,226.2,0
bangalore,2025-01-07,1,2.03,20.8,193.9,0
bangalore,2025-01-08,1,0.4,20.22,235.4,0
bangalore,2025-01-09,1,0.77,23.67,250.4,0
bangalore,2025-01-10,1,2.39,21.13,284.8,0
bangalore,2025-01-11,1,2.87,19.89,258.0,0
bangalore,2025-01-12,1,1.65,21.78,273.2,0
bangalore,2025-01-13,1,2.16,20.8,246.3,0
bangalore,2025-01-14,1,0.62,21.76,316.1,0
bangalore,2025-01-15,1,0.95,19.75,235.2,0
bangalore,2025-01-16,1,0.65,19.34,228.4,0
bangalore,2025-01-17,1,4.25,19.49,263.5,0
bangalore,2025-01-18,1,1.3,20.41,198.9,0
bangalore,2025-01-19,1,0.4,19.22,220.3,0
bangalore,2025-01-20,1,1.34,21.81,230.3,0
bangalore,2025-01-21,1,0.11,20.16,243.4,0
bangalore,2025-01-22,1,0.37,20.17,248.2,0
bangalore,2025-01-23,1,0.47,19.36,244.1,0
bangalore,2025-01-24,1,1.56,20.71,279.2,0
bangalore,2025-01-25,1,1.69,21.35,251.4,0
bangalore,2025-01-26,1,1.7,21.42,256.3,0
bangalore,2025-01-27,1,3.53,21.48,261.7,0
bangalore,2025-01-28,1,0.41,22.94,256.0,0
bangalore,2025-01-29,1,2.02,21.33,243.5,0
bangalore,2025-01-30,1,1.67,21.64,209.3,0
bangalore,2025-01-31,1,0.52,20.94,321.4,0
bangalore,2025-02-01,2,2.18,23.14,87.7,0
bangalore,2025-02-02,2,0.81,23.34,134.0,0
bangalore,2025-02-03,2,2.85,23.94,131.5,0
bangalore,2025-02-04,2,1.51,24.13,50.0,0
bangalore,2025-02-05,2,3.14,24.56,91.6,0
bangalore,2025-02-06,2,1.96,22.56,65.7,0
bangalore,2025-02-07,2,2.14,25.01,64.2,0
bangalore,2025-02-08,2,1.35,25.7,63.4,0
bangalore,2025-02-09,2,4.29,21.57,67.1,0
bangalore,2025-02-10,2,0.19,22.1,120.7,0
bangalore,2025-02-11,2,2.31,22.59,107.5,0
bangalore,2025-02-12,2,1.31,22.83,51.7,0
bangalore,2025-02-13,2,1.17,23.63,83.9,0
bangalore,2025-02-14,2,1.1,21.57,113.5,0
bangalore,2025-02-15,2,0.37,20.86,48.6,0
bangalore,2025-02-16,2,1.69,22.43,120.3,0
bangalore,2025-02-17,2,2.28,23.14,65.0,0
bangalore,2025-02-18,2,0.69,22.48,91.1,0
bangalore,2025-02-19,2,0.67,22.74,70.8,0
bangalore,2025-02-20,2,0.47,21.42,111.3,0
bangalore,2025-02-21,2,1.44,22.31,80.6,0
bangalore,2025-02-22,2,3.39,26.28,80.5,0
bangalore,2025-02-23,2,0.81,23.09,80.9,0
bangalore,2025-02-24,2,2.25,24.24,95.4,0
bangalore,2025-02-25,2,0.9,23.56,55.4,0
bangalore,2025-02-26,2,0.92,24.23,88.9,0
bangalore,2025-02-27,2,3.2,22.38,81.9,0
bangalore,2025-02-28,2,1.62,20.83,39.6,0
bangalore,2025-03-01,3,2.61,31.08,101.1,0
bangalore,2025-03-02,3,1.27,35.1,88.0,0
bangalore,2025-03-03,3,1.61,29.87,78.3,0
bangalore,2025-03-04,3,2.23,29.55,101.4,0
bangalore,2025-03-05,3,0.73,28.72,163.2,0
bangalore,2025-03-06,3,1.94,29.38,121.6,0
bangalore,2025-03-07,3,1.62,31.0,72.7,0
bangalore,2025-03-08,3,0.28,36.15,103.0,0
bangalore,2025-03-09,3,1.2,30.56,55.1,0
bangalore,2025-03-10,3,1.1,32.52,101.3,0
bangalore,2025-03-11,3,0.39,31.3,125.1,0
bangalore,2025-03-12,3,1.36,29.71,92.1,0
bangalore,2025-03-13,3,1.16,28.97,20.0,0
bangalore,2025-03-14,3,0.46,32.7,53.1,0
bangalore,2025-03-15,3,1.49,31.17,96.8,0
bangalore,2025-03-16,3,2.97,31.29,83.6,0
bangalore,2025-03-17,3,2.34,30.46,107.8,0
bangalore,2025-03-18,3,2.91,30.39,136.1,0
bangalore,2025-03-19,3,1.77,33.82,120.3,0
bangalore,2025-03-20,3,1.34,34.61,73.2,0
bangalore,2025-03-21,3,2.49,31.96,115.3,0
bangalore,2025-03-22,3,0.99,27.84,96.0,0
bangalore,2025-03-23,3,2.33,29.44,98.7,0
bangalore,2025-03-24,3,1.67,33.7,138.1,0
bangalore,2025-03-25,3,0.76,30.37,119.1,0
bangalore,2025-03-26,3,3.15,33.51,113.5,0
bangalore,2025-03-27,3,2.94,33.05,98.3,0
bangalore,2025-03-28,3,2.36,29.04,97.3,0
bangalore,2025-03-29,3,0.11,33.43,127.6,0
bangalore,2025-03-30,3,1.16,29.9,110.5,0
bangalore,2025-03-31,3,0.73,34.18,93.5,0
bangalore,2025-04-01,4,0.45,42.44,111.6,1
bangalore,2025-04-02,4,1.22,33.48,95.5,0
bangalore,2025-04-03,4,1.02,37.38,132.8,0
bangalore,2025-04-04,4,1.32,40.56,72.3,0
bangalore,2025-04-05,4,1.6,37.46,59.6,0
bangalore,2025-04-06,4,2.64,37.54,106.7,0
bangalore,2025-04-07,4,2.62,36.91,78.0,0
bangalore,2025-04-08,4,0.39,37.41,160.0,0
bangalore,2025-04-09,4,2.97,44.57,102.7,1
bangalore,2025-04-10,4,0.21,37.97,72.3,0
bangalore,2025-04-11,4,1.14,39.07,32.7,0
bangalore,2025-04-12,4,2.72,35.24,51.6,0
bangalore,2025-04-13,4,0.66,38.9,123.3,0
bangalore,2025-04-14,4,2.15,38.47,104.3,0
bangalore,2025-04-15,4,0.56,40.01,81.2,0
bangalore,2025-04-16,4,2.94,39.18,85.0,0
bangalore,2025-04-17,4,0.53,36.5,93.7,0
bangalore,2025-04-18,4,1.38,35.58,134.8,0
bangalore,2025-04-19,4,0.96,41.4,112.0,0
bangalore,2025-04-20,4,1.31,37.6,88.5,0
bangalore,2025-04-21,4,1.02,37.22,27.1,0
bangalore,2025-04-22,4,1.17,40.59,105.3,0
bangalore,2025-04-23,4,2.08,38.37,79.0,0
bangalore,2025-04-24,4,0.3,42.61,98.0,1
bangalore,2025-04-25,4,3.68,38.24,113.5,0
bangalore,2025-04-26,4,3.08,35.53,105.7,0
bangalore,2025-04-27,4,0.86,37.65,52.5,0
bangalore,2025-04-28,4,0.2,39.37,87.1,0
bangalore,2025-04-29,4,0.23,39.41,46.3,0
bangalore,2025-04-30,4,0.17,34.42,90.5,0
bangalore,2025-05-01,5,0.93,41.74,44.4,0
bangalore,2025-05-02,5,1.27,40.99,125.5,0
bangalore,2025-05-03,5,1.81,45.95,92.5,1
bangalore,2025-05-04,5,3.79,41.96,134.5,0
bangalore,2025-05-05,5,0.85,40.89,69.7,0
bangalore,2025-05-06,5,0.39,41.89,108.1,0
bangalore,2025-05-07,5,1.96,43.25,94.0,1
bangalore,2025-05-08,5,2.72,42.51,67.2,1
bangalore,2025-05-09,5,1.95,43.23,124.1,1
bangalore,2025-05-10,5,2.22,46.62,107.6,1
bangalore,2025-05-11,5,0.23,45.41,117.2,1
bangalore,2025-05-12,5,1.35,42.66,83.6,1
bangalore,2025-05-13,5,0.51,39.59,50.4,0
bangalore,2025-05-14,5,2.27,44.68,75.0,1
bangalore,2025-05-15,5,1.84,38.31,59.5,0
bangalore,2025-05-16,5,1.11,45.12,79.8,1
bangalore,2025-05-17,5,4.25,43.33,67.3,1
bangalore,2025-05-18,5,0.47,42.75,116.2,1
bangalore,2025-05-19,5,1.94,42.16,90.2,1
bangalore,2025-05-20,5,1.15,42.82,109.4,1
bangalore,2025-05-21,5,3.29,43.75,78.8,1
bangalore,2025-05-22,5,3.06,41.64,102.4,0
bangalore,2025-05-23,5,1.5,45.21,182.0,1
bangalore,2025-05-24,5,1.43,43.01,84.4,1
bangalore,2025-05-25,5,0.49,48.99,93.6,1
bangalore,2025-05-26,5,0.79,42.78,107.4,1
bangalore,2025-05-27,5,1.76,43.02,138.3,1
bangalore,2025-05-28,5,0.97,42.7,87.6,1
bangalore,2025-05-29,5,0.75,44.45,37.6,1
bangalore,2025-05-30,5,1.69,42.2,138.1,1
bangalore,2025-05-31,5,2.03,43.93,123.7,1
bangalore,2025-06-01,6,13.19,33.5,129.7,0
bangalore,2025-06-02,6,7.88,36.56,37.8,0
bangalore,2025-06-03,6,2.99,38.33,92.2,0
bangalore,2025-06-04,6,7.81,39.7,60.6,0
bangalore,2025-06-05,6,5.8,40.15,81.5,0
bangalore,2025-06-06,6,34.65,39.83,124.4,0
bangalore,2025-06-07,6,2.94,39.3,111.7,0
bangalore,2025-06-08,6,28.72,38.67,80.2,0
bangalore,2025-06-09,6,12.48,35.06,65.5,0
bangalore,2025-06-10,6,13.73,36.97,65.1,0
bangalore,2025-06-11,6,14.25,44.09,89.3,1
bangalore,2025-06-12,6,16.13,38.48,126.0,0
bangalore,2025-06-13,6,5.6,39.62,113.0,0
bangalore,2025-06-14,6,8.06,37.81,96.0,0
bangalore,2025-06-15,6,9.34,39.8,21.5,0
bangalore,2025-06-16,6,10.55,38.78,112.1,0
bangalore,2025-06-17,6,8.57,40.82,82.9,0
bangalore,2025-06-18,6,25.33,41.12,116.6,0
bangalore,2025-06-19,6,4.65,38.9,88.0,0
bangalore,2025-06-20,6,11.85,38.49,140.3,0
bangalore,2025-06-21,6,10.71,36.11,112.2,0
bangalore,2025-06-22,6,9.64,38.32,84.2,0
bangalore,2025-06-23,6,9.77,36.39,99.9,0
bangalore,2025-06-24,6,18.68,35.74,91.2,0
bangalore,2025-06-25,6,21.41,37.2,83.3,0
bangalore,2025-06-26,6,35.59,36.36,62.6,0
bangalore,2025-06-27,6,9.99,38.94,59.2,0
bangalore,2025-06-28,6,4.22,37.05,21.9,0
bangalore,2025-06-29,6,5.23,34.54,87.4,0
bangalore,2025-06-30,6,41.65,39.73,69.3,0
bangalore,2025-07-01,7,15.99,31.73,68.5,0
bangalore,2025-07-02,7,6.09,32.52,102.4,0
bangalore,2025-07-03,7,20.12,33.15,75.1,0
bangalore,2025-07-04,7,27.7,32.62,131.7,0
bangalore,2025-07-05,7,56.69,36.88,99.0,1
bangalore,2025-07-06,7,9.96,30.34,124.3,0
bangalore,2025-07-07,7,15.39,31.25,97.8,0
bangalore,2025-07-08,7,29.12,30.86,141.0,0
bangalore,2025-07-09,7,32.88,33.58,100.3,0
bangalore,2025-07-10,7,9.63,36.04,91.3,0
bangalore,2025-07-11,7,25.29,29.1,69.7,0
bangalore,2025-07-12,7,2.12,31.2,20.0,0
bangalore,2025-07-13,7,8.07,31.02,100.6,0
bangalore,2025-07-14,7,4.81,30.33,122.0,0
bangalore,2025-07-15,7,16.9,32.08,96.2,0
bangalore,2025-07-16,7,2.4,32.16,136.3,0
bangalore,2025-07-17,7,22.15,26.58,101.4,0
bangalore,2025-07-18,7,17.2,30.07,65.6,0
bangalore,2025-07-19,7,9.49,29.25,154.0,0
bangalore,2025-07-20,7,26.88,29.34,81.5,0
bangalore,2025-07-21,7,13.08,32.15,116.7,0
bangalore,2025-07-22,7,49.99,30.95,46.5,0
bangalore,2025-07-23,7,33.8,31.06,103.5,0
bangalore,2025-07-24,7,5.6,30.1,87.4,0
bangalore,2025-07-25,7,1.37,30.51,80.2,0
bangalore,2025-07-26,7,16.13,28.87,167.6,0
bangalore,2025-07-27,7,24.23,30.96,70.6,0
bangalore,2025-07-28,7,30.16,29.18,92.4,0
bangalore,2025-07-29,7,27.44,34.56,72.1,0
bangalore,2025-07-30,7,24.47,34.77,124.9,0
bangalore,2025-07-31,7,20.39,34.42,47.9,0
bangalore,2025-08-01,8,28.15,29.3,107.7,0
bangalore,2025-08-02,8,2.91,34.53,82.1,0
bangalore,2025-08-03,8,0.91,29.41,130.6,0
bangalore,2025-08-04,8,42.96,27.31,109.7,0
bangalore,2025-08-05,8,18.62,34.04,76.1,0
bangalore,2025-08-06,8,30.42,34.22,96.3,0
bangalore,2025-08-07,8,16.34,29.26,137.8,0
bangalore,2025-08-08,8,14.45,32.57,136.3,0
bangalore,2025-08-09,8,4.87,33.35,94.9,0
bangalore,2025-08-10,8,18.86,31.33,112.8,0
bangalore,2025-08-11,8,7.37,33.41,114.3,0
bangalore,2025-08-12,8,18.16,28.99,69.0,0
bangalore,2025-08-13,8,14.37,35.35,111.8,0
bangalore,2025-08-14,8,33.93,32.19,83.2,0
bangalore,2025-08-15,8,2.47,30.39,136.7,0
bangalore,2025-08-16,8,25.46,33.04,45.5,0
bangalore,2025-08-17,8,18.9,31.99,80.6,0
bangalore,2025-08-18,8,23.41,32.46,105.7,0
bangalore,2025-08-19,8,37.17,28.73,62.4,0
bangalore,2025-08-20,8,12.95,34.22,52.9,0
bangalore,2025-08-21,8,10.62,31.72,150.5,0
bangalore,2025-08-22,8,15.88,31.35,114.0,0
bangalore,2025-08-23,8,21.49,31.34,111.6,0
bangalore,2025-08-24,8,16.59,32.96,83.3,0
bangalore,2025-08-25,8,2.77,32.57,80.8,0
bangalore,2025-08-26,8,27.27,30.78,32.5,0
bangalore,2025-08-27,8,5.77,35.92,99.4,0
bangalore,2025-08-28,8,5.69,32.74,115.3,0
bangalore,2025-08-29,8,6.6,29.69,56.7,0
bangalore,2025-08-30,8,19.14,35.21,123.1,0
bangalore,2025-08-31,8,5.32,31.38,57.3,0
bangalore,2025-09-01,9,0.66,31.47,58.8,0
bangalore,2025-09-02,9,13.55,32.21,111.2,0
bangalore,2025-09-03,9,4.76,32.34,114.1,0
bangalore,2025-09-04,9,22.98,33.32,91.5,0
bangalore,2025-09-05,9,2.65,27.93,73.7,0
bangalore,2025-09-06,9,1.05,31.34,117.5,0
bangalore,2025-09-07,9,1.01,32.0,99.1,0
bangalore,2025-09-08,9,7.68,29.21,52.3,0
bangalore,2025-09-09,9,9.57,29.14,62.8,0
bangalore,2025-09-10,9,11.61,34.15,131.0,0
bangalore,2025-09-11,9,14.06,30.68,95.2,0
bangalore,2025-09-12,9,3.97,32.03,108.1,0
bangalore,2025-09-13,9,8.74,29.38,104.4,0
bangalore,2025-09-14,9,22.02,33.52,100.4,0
bangalore,2025-09-15,9,10.5,34.6,57.4,0
bangalore,2025-09-16,9,2.21,31.99,38.7,0
bangalore,2025-09-17,9,2.07,31.26,87.8,0
bangalore,2025-09-18,9,8.67,32.25,95.4,0
bangalore,2025-09-19,9,11.86,30.79,130.1,0
bangalore,2025-09-20,9,2.28,31.82,99.3,0
bangalore,2025-09-21,9,9.83,30.28,87.8,0
bangalore,2025-09-22,9,7.36,30.9,93.6,0
bangalore,2025-09-23,9,18.61,33.3,117.6,0
bangalore,2025-09-24,9,23.03,37.89,110.1,0
bangalore,2025-09-25,9,10.08,32.91,82.0,0
bangalore,2025-09-26,9,15.85,29.41,43.9,0
bangalore,2025-09-27,9,25.61,33.63,125.3,0
bangalore,2025-09-28,9,2.52,33.43,88.8,0
bangalore,2025-09-29,9,20.88,34.22,73.5,0
bangalore,2025-09-30,9,1.9,32.29,69.1,0
bangalore,2025-10-01,10,0.59,27.96,140.1,0
bangalore,2025-10-02,10,1.1,29.62,165.2,0
bangalore,2025-10-03,10,1.44,32.55,98.9,0
bangalore,2025-10-04,10,4.49,31.06,95.9,0
bangalore,2025-10-05,10,0.86,31.34,116.6,0
bangalore,2025-10-06,10,0.85,29.39,137.1,0
bangalore,2025-10-07,10,1.05,33.96,173.1,0
bangalore,2025-10-08,10,0.95,30.73,149.4,0
bangalore,2025-10-09,10,2.01,32.45,132.7,0
bangalore,2025-10-10,10,2.97,32.81,154.2,0
bangalore,2025-10-11,10,0.72,33.1,191.9,0
bangalore,2025-10-12,10,3.6,32.88,161.4,0
bangalore,2025-10-13,10,0.94,35.65,147.5,0
bangalore,2025-10-14,10,2.76,31.51,126.8,0
bangalore,2025-10-15,10,3.77,33.9,143.2,0
bangalore,2025-10-16,10,0.41,27.14,108.5,0
bangalore,2025-10-17,10,3.71,30.23,139.3,0
bangalore,2025-10-18,10,1.81,33.34,162.3,0
bangalore,2025-10-19,10,1.1,32.98,149.2,0
bangalore,2025-10-20,10,0.91,31.34,157.7,0
bangalore,2025-10-21,10,0.67,30.16,160.5,0
bangalore,2025-10-22,10,1.46,31.91,90.6,0
bangalore,2025-10-23,10,0.55,27.26,129.1,0
bangalore,2025-10-24,10,2.38,33.13,137.8,0
bangalore,2025-10-25,10,0.93,35.08,164.1,0
bangalore,2025-10-26,10,1.83,31.01,117.5,0
bangalore,2025-10-27,10,2.39,31.5,152.5,0
bangalore,2025-10-28,10,2.11,33.34,126.0,0
bangalore,2025-10-29,10,0.88,33.08,106.4,0
bangalore,2025-10-30,10,0.6,32.12,170.4,0
bangalore,2025-10-31,10,1.32,31.85,206.2,0
bangalore,2025-11-01,11,0.7,31.28,122.4,0
bangalore,2025-11-02,11,0.26,34.46,246.1,0
bangalore,2025-11-03,11,3.04,30.45,179.1,0
bangalore,2025-11-04,11,0.72,29.34,165.0,0
bangalore,2025-11-05,11,2.14,33.38,183.6,0
bangalore,2025-11-06,11,0.07,33.72,155.0,0
bangalore,2025-11-07,11,0.6,28.27,193.6,0
bangalore,2025-11-08,11,1.49,35.02,175.4,0
bangalore,2025-11-09,11,0.8,32.35,178.5,0
bangalore,2025-11-10,11,0.79,30.09,133.8,0
bangalore,2025-11-11,11,0.4,33.73,193.4,0
bangalore,2025-11-12,11,0.19,31.52,171.8,0
bangalore,2025-11-13,11,3.06,35.08,159.1,0
bangalore,2025-11-14,11,0.35,32.62,173.6,0
bangalore,2025-11-15,11,1.49,33.35,146.3,0
bangalore,2025-11-16,11,2.24,30.29,238.9,0
bangalore,2025-11-17,11,0.63,29.61,137.9,0
bangalore,2025-11-18,11,1.07,31.15,164.9,0
bangalore,2025-11-19,11,2.3,31.38,179.5,0
bangalore,2025-11-20,11,0.48,28.93,245.5,0
bangalore,2025-11-21,11,0.53,31.68,167.5,0
bangalore,2025-11-22,11,0.99,35.05,203.0,0
bangalore,2025-11-23,11,3.3,29.91,189.3,0
bangalore,2025-11-24,11,1.67,31.56,167.8,0
bangalore,2025-11-25,11,1.84,28.44,184.9,0
bangalore,2025-11-26,11,0.98,29.88,175.9,0
bangalore,2025-11-27,11,1.56,34.71,201.2,0
bangalore,2025-11-28,11,1.24,33.4,183.7,0
bangalore,2025-11-29,11,0.46,29.13,227.8,0
bangalore,2025-11-30,11,1.98,31.63,145.3,0
bangalore,2025-12-01,12,1.81,20.36,219.3,0
bangalore,2025-12-02,12,1.55,22.12,260.1,0
bangalore,2025-12-03,12,1.25,21.51,226.2,0
bangalore,2025-12-04,12,1.49,20.84,228.5,0
bangalore,2025-12-05,12,0.94,24.08,227.8,0
bangalore,2025-12-06,12,0.99,24.18,222.3,0
bangalore,2025-12-07,12,1.25,21.35,241.9,0
bangalore,2025-12-08,12,0.67,20.26,265.0,0
bangalore,2025-12-09,12,2.13,22.44,260.2,0
bangalore,2025-12-10,12,1.25,20.99,179.0,0
bangalore,2025-12-11,12,2.06,23.05,218.7,0
bangalore,2025-12-12,12,0.81,20.68,203.3,0
bangalore,2025-12-13,12,0.96,21.87,214.3,0
bangalore,2025-12-14,12,0.88,21.94,230.0,0
bangalore,2025-12-15,12,0.97,24.72,262.5,0
bangalore,2025-12-16,12,1.56,21.53,180.1,0
bangalore,2025-12-17,12,1.26,22.38,213.2,0
bangalore,2025-12-18,12,1.14,21.57,222.5,0
bangalore,2025-12-19,12,0.46,21.53,219.8,0
bangalore,2025-12-20,12,2.52,20.26,233.0,0
bangalore,2025-12-21,12,1.58,19.08,222.1,0
bangalore,2025-12-22,12,4.41,19.91,190.7,0
bangalore,2025-12-23,12,1.62,21.62,312.8,0
bangalore,2025-12-24,12,0.41,25.24,233.1,0
bangalore,2025-12-25,12,0.25,23.41,245.5,0
bangalore,2025-12-26,12,0.12,25.33,201.1,0
bangalore,2025-12-27,12,1.27,23.91,221.8,0
bangalore,2025-12-28,12,2.74,21.67,214.6,0
bangalore,2025-12-29,12,2.28,23.13,236.6,0
bangalore,2025-12-30,12,4.78,22.84,275.1,0
hyderabad,2023-01-01,1,3.45,24.15,268.8,0
hyderabad,2023-01-02,1,1.68,21.28,247.5,0
hyderabad,2023-01-03,1,0.28,16.13,264.9,0
hyderabad,2023-01-04,1,1.14,20.13,260.8,0
hyderabad,2023-01-05,1,1.28,24.66,248.9,0
hyderabad,2023-01-06,1,1.11,18.87,309.0,0
hyderabad,2023-01-07,1,1.3,21.89,241.2,0
hyderabad,2023-01-08,1,0.31,20.4,297.6,0
hyderabad,2023-01-09,1,0.83,23.19,238.3,0
hyderabad,2023-01-10,1,0.19,23.57,241.2,0
hyderabad,2023-01-11,1,2.39,23.82,263.5,0
hyderabad,2023-01-12,1,1.41,24.03,271.0,0
hyderabad,2023-01-13,1,1.77,20.0,250.3,0
hyderabad,2023-01-14,1,0.56,20.13,248.0,0
hyderabad,2023-01-15,1,1.19,21.8,203.3,0
hyderabad,2023-01-16,1,1.14,21.06,255.0,0
hyderabad,2023-01-17,1,0.66,22.1,266.8,0
hyderabad,2023-01-18,1,2.55,21.2,249.9,0
hyderabad,2023-01-19,1,1.39,19.01,299.6,0
hyderabad,2023-01-20,1,0.06,20.52,263.9,0
hyderabad,2023-01-21,1,2.43,20.09,252.9,0
hyderabad,2023-01-22,1,0.7,23.02,242.0,0
hyderabad,2023-01-23,1,0.45,20.43,267.2,0
hyderabad,2023-01-24,1,0.51,19.26,218.8,0
hyderabad,2023-01-25,1,2.13,27.37,275.5,0
hyderabad,2023-01-26,1,1.01,22.54,300.1,0
hyderabad,2023-01-27,1,0.92,20.57,208.6,0
hyderabad,2023-01-28,1,4.22,18.92,248.3,0
hyderabad,2023-01-29,1,0.52,18.88,250.4,0
hyderabad,2023-01-30,1,2.04,22.79,311.4,0
hyderabad,2023-01-31,1,3.81,17.89,313.2,0
hyderabad,2023-02-01,2,0.9,22.67,95.8,0
hyderabad,2023-02-02,2,0.33,19.94,135.1,0
hyderabad,2023-02-03,2,2.8,22.48,89.0,0
hyderabad,2023-02-04,2,1.52,23.33,77.2,0
hyderabad,2023-02-05,2,0.31,27.42,94.7,0
hyderabad,2023-02-06,2,1.11,19.56,78.0,0
hyderabad,2023-02-07,2,1.7,21.39,98.0,0
hyderabad,2023-02-08,2,1.97,21.87,92.3,0
hyderabad,2023-02-09,2,1.44,24.28,144.5,0
hyderabad,2023-02-10,2,1.59,25.64,109.4,0
hyderabad,2023-02-11,2,2.06,24.49,120.3,0
hyderabad,2023-02-12,2,0.45,17.47,87.4,0
hyderabad,2023-02-13,2,2.71,20.31,101.1,0
hyderabad,2023-02-14,2,1.58,23.44,29.0,0
hyderabad,2023-02-15,2,0.52,24.99,61.2,0
hyderabad,2023-02-16,2,1.39,26.41,79.7,0
hyderabad,2023-02-17,2,5.58,23.09,96.0,0
hyderabad,2023-02-18,2,0.32,26.23,59.5,0
hyderabad,2023-02-19,2,1.04,23.23,64.3,0
hyderabad,2023-02-20,2,1.08,22.26,96.7,0
hyderabad,2023-02-21,2,3.21,22.43,52.9,0
hyderabad,2023-02-22,2,1.67,23.23,106.4,0
hyderabad,2023-02-23,2,0.44,25.57,98.2,0
hyderabad,2023-02-24,2,1.4,21.95,104.4,0
hyderabad,2023-02-25,2,1.41,20.1,47.9,0
hyderabad,2023-02-26,2,2.35,22.72,131.2,0
hyderabad,2023-02-27,2,1.79,20.88,78.3,0
hyderabad,2023-02-28,2,1.35,21.01,72.0,0
hyderabad,2023-03-01,3,1.67,32.72,56.1,0
hyderabad,2023-03-02,3,0.66,36.31,91.1,0
hyderabad,2023-03-03,3,3.96,29.66,126.0,0
hyderabad,2023-03-04,3,0.31,30.44,76.2,0
hyderabad,2023-03-05,3,0.43,28.38,68.2,0
hyderabad,2023-03-06,3,0.75,35.28,74.9,0
hyderabad,2023-03-07,3,1.84,29.09,97.3,0
hyderabad,2023-03-08,3,1.42,32.65,94.6,0
hyderabad,2023-03-09,3,1.79,29.74,96.2,0
hyderabad,2023-03-10,3,1.93,29.45,50.5,0
hyderabad,2023-03-11,3,0.1,33.64,117.2,0
hyderabad,2023-03-12,3,2.24,32.61,26.0,0
hyderabad,2023-03-13,3,0.5,32.34,90.6,0
hyderabad,2023-03-14,3,1.9,32.24,70.8,0
hyderabad,2023-03-15,3,2.46,31.14,109.3,0
hyderabad,2023-03-16,3,0.88,31.92,84.4,0
hyderabad,2023-03-17,3,0.39,33.57,93.7,0
hyderabad,2023-03-18,3,0.74,28.74,36.9,0
hyderabad,2023-03-19,3,1.19,29.57,109.3,0
hyderabad,2023-03-20,3,5.38,31.44,100.6,0
hyderabad,2023-03-21,3,1.35,31.48,118.1,0
hyderabad,2023-03-22,3,0.28,30.96,20.0,0
hyderabad,2023-03-23,3,1.73,31.92,93.2,0
hyderabad,2023-03-24,3,1.9,29.04,23.1,0
hyderabad,2023-03-25,3,0.67,30.75,81.1,0
hyderabad,2023-03-26,3,2.01,33.93,111.6,0
hyderabad,2023-03-27,3,3.02,30.27,128.3,0
hyderabad,2023-03-28,3,0.42,33.66,95.5,0
hyderabad,2023-03-29,3,3.98,33.31,44.2,0
hyderabad,2023-03-30,3,4.63,29.55,116.4,0
hyderabad,2023-03-31,3,1.95,34.06,51.9,0
hyderabad,2023-04-01,4,2.63,40.49,43.9,0
hyderabad,2023-04-02,4,0.26,39.36,64.4,0
hyderabad,2023-04-03,4,1.52,38.88,123.5,0
hyderabad,2023-04-04,4,0.99,40.69,113.7,0
hyderabad,2023-04-05,4,2.18,36.1,80.0,0
hyderabad,2023-04-06,4,1.61,35.84,87.8,0
hyderabad,2023-04-07,4,0.56,39.98,38.9,0
hyderabad,2023-04-08,4,1.84,37.47,103.7,0
hyderabad,2023-04-09,4,1.03,37.22,24.8,0
hyderabad,2023-04-10,4,2.09,38.24,74.2,0
hyderabad,2023-04-11,4,3.42,35.94,99.7,0
hyderabad,2023-04-12,4,1.26,35.18,62.4,0
hyderabad,2023-04-13,4,1.11,36.63,78.8,0
hyderabad,2023-04-14,4,0.69,40.56,60.1,0
hyderabad,2023-04-15,4,0.39,42.25,126.8,1
hyderabad,2023-04-16,4,0.21,37.72,82.4,0
hyderabad,2023-04-17,4,1.1,40.43,122.5,0
hyderabad,2023-04-18,4,1.22,40.01,88.9,0
hyderabad,2023-04-19,4,0.76,39.06,106.0,0
hyderabad,2023-04-20,4,1.75,42.54,115.6,1
hyderabad,2023-04-21,4,4.06,37.14,46.5,0
hyderabad,2023-04-22,4,2.55,41.88,60.7,0
hyderabad,2023-04-23,4,0.35,41.46,137.2,0
hyderabad,2023-04-24,4,0.98,38.88,155.0,0
hyderabad,2023-04-25,4,0.57,38.36,58.0,0
hyderabad,2023-04-26,4,0.93,38.09,102.5,0
hyderabad,2023-04-27,4,1.83,42.74,113.4,1
hyderabad,2023-04-28,4,2.24,43.2,105.9,1
hyderabad,2023-04-29,4,0.51,37.3,76.1,0
hyderabad,2023-04-30,4,1.55,39.8,103.8,0
hyderabad,2023-05-01,5,1.26,41.93,150.0,0
hyderabad,2023-05-02,5,1.82,45.26,78.9,1
hyderabad,2023-05-03,5,0.82,41.7,49.9,0
hyderabad,2023-05-04,5,0.28,41.59,148.3,0
hyderabad,2023-05-05,5,0.86,43.51,133.9,1
hyderabad,2023-05-06,5,3.0,46.32,69.6,1
hyderabad,2023-05-07,5,1.35,43.28,155.0,1
hyderabad,2023-05-08,5,1.36,40.35,43.0,0
hyderabad,2023-05-09,5,1.4,39.5,114.6,0
hyderabad,2023-05-10,5,0.79,41.22,93.2,0
hyderabad,2023-05-11,5,1.91,44.94,85.0,1
hyderabad,2023-05-12,5,6.05,41.99,104.0,0
hyderabad,2023-05-13,5,3.6,43.83,58.5,1
hyderabad,2023-05-14,5,0.55,43.15,129.0,1
hyderabad,2023-05-15,5,1.31,45.31,75.2,1
hyderabad,2023-05-16,5,0.35,45.08,60.4,1
hyderabad,2023-05-17,5,0.54,42.46,108.3,1
hyderabad,2023-05-18,5,1.12,48.8,104.7,1
hyderabad,2023-05-19,5,0.39,44.51,113.8,1
hyderabad,2023-05-20,5,1.51,45.25,36.7,1
hyderabad,2023-05-21,5,1.99,46.02,43.7,1
hyderabad,2023-05-22,5,2.73,44.55,85.1,1
hyderabad,2023-05-23,5,0.68,43.63,62.9,1
hyderabad,2023-05-24,5,0.61,45.83,158.2,1
hyderabad,2023-05-25,5,3.97,43.06,72.4,1
hyderabad,2023-05-26,5,1.81,45.71,123.7,1
hyderabad,2023-05-27,5,4.53,42.74,97.4,1
hyderabad,2023-05-28,5,0.45,43.35,100.1,1
hyderabad,2023-05-29,5,3.72,42.94,115.7,1
hyderabad,2023-05-30,5,1.24,42.91,97.9,1
hyderabad,2023-05-31,5,0.65,41.18,59.9,0
hyderabad,2023-06-01,6,2.94,39.98,116.4,0
hyderabad,2023-06-02,6,54.47,40.48,112.4,1
hyderabad,2023-06-03,6,3.58,38.4,115.6,0
hyderabad,2023-06-04,6,28.91,38.74,117.4,0
hyderabad,2023-06-05,6,12.87,38.22,94.0,0
hyderabad,2023-06-06,6,28.48,38.57,73.3,0
hyderabad,2023-06-07,6,18.21,35.95,103.4,0
hyderabad,2023-06-08,6,43.13,37.82,116.9,0
hyderabad,2023-06-09,6,10.98,38.63,50.6,0
hyderabad,2023-06-10,6,7.64,39.65,113.6,0
hyderabad,2023-06-11,6,6.33,41.02,115.9,0
hyderabad,2023-06-12,6,1.08,40.24,84.9,0
hyderabad,2023-06-13,6,22.48,36.07,29.5,0
hyderabad,2023-06-14,6,12.47,36.8,36.6,0
hyderabad,2023-06-15,6,27.21,37.34,92.9,0
hyderabad,2023-06-16,6,5.61,37.56,92.8,0
hyderabad,2023-06-17,6,23.66,39.36,106.2,0
hyderabad,2023-06-18,6,19.42,38.23,96.2,0
hyderabad,2023-06-19,6,8.35,37.92,113.0,0
hyderabad,2023-06-20,6,10.71,38.47,91.1,0
hyderabad,2023-06-21,6,6.71,38.67,46.6,0
hyderabad,2023-06-22,6,9.74,37.92,94.7,0
hyderabad,2023-06-23,6,6.48,38.64,61.3,0
hyderabad,2023-06-24,6,9.02,38.55,105.1,0
hyderabad,2023-06-25,6,21.5,41.82,117.5,0
hyderabad,2023-06-26,6,18.59,39.85,120.4,0
hyderabad,2023-06-27,6,19.13,36.24,44.9,0
hyderabad,2023-06-28,6,14.08,38.54,76.9,0
hyderabad,2023-06-29,6,2.06,37.43,40.9,0
hyderabad,2023-06-30,6,33.28,35.68,60.9,0
hyderabad,2023-07-01,7,9.27,33.36,98.7,0
hyderabad,2023-07-02,7,68.57,32.81,45.8,1
hyderabad,2023-07-03,7,12.39,34.74,90.5,0
hyderabad,2023-07-04,7,25.08,35.03,102.5,0
hyderabad,2023-07-05,7,15.85,30.34,67.3,0
hyderabad,2023-07-06,7,23.81,36.77,105.9,0
hyderabad,2023-07-07,7,30.34,31.62,72.0,0
hyderabad,2023-07-08,7,8.48,31.02,131.2,0
hyderabad,2023-07-09,7,6.21,30.88,84.7,0
hyderabad,2023-07-10,7,18.43,32.72,20.0,0
hyderabad,2023-07-11,7,9.14,30.06,104.0,0
hyderabad,2023-07-12,7,31.38,33.88,84.6,0
hyderabad,2023-07-13,7,15.47,28.99,119.8,0
hyderabad,2023-07-14,7,14.51,29.51,107.0,0
hyderabad,2023-07-15,7,12.39,31.3,22.4,0
hyderabad,2023-07-16,7,14.34,31.69,100.8,0
hyderabad,2023-07-17,7,15.19,32.43,92.0,0
hyderabad,2023-07-18,7,16.35,32.83,96.6,0
hyderabad,2023-07-19,7,14.58,34.76,106.8,0
hyderabad,2023-07-20,7,29.78,34.45,100.7,0
hyderabad,2023-07-21,7,56.44,31.63,140.3,1
hyderabad,2023-07-22,7,31.74,30.74,52.5,0
hyderabad,2023-07-23,7,27.97,32.56,68.3,0
hyderabad,2023-07-24,7,10.2,34.35,76.2,0
hyderabad,2023-07-25,7,29.0,29.9,60.7,0
hyderabad,2023-07-26,7,16.01,30.46,83.0,0
hyderabad,2023-07-27,7,8.56,36.11,103.8,0
hyderabad,2023-07-28,7,8.77,32.84,111.5,0
hyderabad,2023-07-29,7,21.28,27.92,58.3,0
hyderabad,2023-07-30,7,18.87,32.66,104.0,0
hyderabad,2023-07-31,7,39.01,30.75,81.7,0
hyderabad,2023-08-01,8,29.49,33.82,81.4,0
hyderabad,2023-08-02,8,2.02,30.68,121.2,0
hyderabad,2023-08-03,8,18.87,32.81,95.7,0
hyderabad,2023-08-04,8,1.56,33.87,77.0,0
hyderabad,2023-08-05,8,34.21,31.87,98.7,0
hyderabad,2023-08-06,8,68.63,33.4,62.6,1
hyderabad,2023-08-07,8,16.27,30.37,91.6,0
hyderabad,2023-08-08,8,26.64,30.3,94.5,0
hyderabad,2023-08-09,8,6.87,32.05,94.7,0
hyderabad,2023-08-10,8,18.32,33.39,56.8,0
hyderabad,2023-08-11,8,17.73,34.64,77.9,0
hyderabad,2023-08-12,8,28.52,28.89,120.1,0
hyderabad,2023-08-13,8,3.33,32.8,131.6,0
hyderabad,2023-08-14,8,7.79,36.22,71.3,0
hyderabad,2023-08-15,8,37.65,32.7,96.0,0
hyderabad,2023-08-16,8,17.8,30.81,113.0,0
hyderabad,2023-08-17,8,10.31,30.35,112.8,0
hyderabad,2023-08-18,8,12.2,31.84,101.5,0
hyderabad,2023-08-19,8,29.19,32.24,83.9,0
hyderabad,2023-08-20,8,20.01,32.47,106.0,0
hyderabad,2023-08-21,8,24.18,33.77,85.2,0
hyderabad,2023-08-22,8,5.22,35.34,101.3,0
hyderabad,2023-08-23,8,2.22,32.3,44.5,0
hyderabad,2023-08-24,8,20.33,31.0,56.4,0
hyderabad,2023-08-25,8,17.4,34.56,78.8,0
hyderabad,2023-08-26,8,7.83,33.41,92.5,0
hyderabad,2023-08-27,8,22.43,33.28,116.1,0
hyderabad,2023-08-28,8,43.68,34.42,126.0,0
hyderabad,2023-08-29,8,26.86,32.04,54.6,0
hyderabad,2023-08-30,8,15.54,31.99,70.7,0
hyderabad,2023-08-31,8,31.08,35.06,116.8,0
hyderabad,2023-09-01,9,11.41,28.39,113.7,0
hyderabad,2023-09-02,9,9.48,32.02,91.0,0
hyderabad,2023-09-03,9,5.42,28.74,36.9,0
hyderabad,2023-09-04,9,4.57,30.84,154.1,0
hyderabad,2023-09-05,9,3.33,30.57,108.0,0
hyderabad,2023-09-06,9,3.92,29.67,85.7,0
hyderabad,2023-09-07,9,3.86,31.58,93.1,0
hyderabad,2023-09-08,9,7.43,30.82,138.5,0
hyderabad,2023-09-09,9,4.13,31.52,20.0,0
hyderabad,2023-09-10,9,20.43,33.03,110.5,0
hyderabad,2023-09-11,9,10.77,29.98,62.4,0
hyderabad,2023-09-12,9,22.45,32.63,120.0,0
hyderabad,2023-09-13,9,6.8,31.84,95.0,0
hyderabad,2023-09-14,9,14.02,32.41,57.6,0
hyderabad,2023-09-15,9,9.15,34.86,144.5,0
hyderabad,2023-09-16,9,20.41,33.54,112.2,0
hyderabad,2023-09-17,9,2.97,33.3,92.1,0
hyderabad,2023-09-18,9,4.09,32.07,43.6,0
hyderabad,2023-09-19,9,12.88,33.06,100.9,0
hyderabad,2023-09-20,9,2.67,33.5,33.3,0
hyderabad,2023-09-21,9,14.82,33.58,71.0,0
hyderabad,2023-09-22,9,21.11,30.89,64.0,0
hyderabad,2023-09-23,9,1.1,33.08,124.9,0
hyderabad,2023-09-24,9,8.17,29.39,68.6,0
hyderabad,2023-09-25,9,11.52,26.88,81.2,0
hyderabad,2023-09-26,9,6.01,29.5,41.6,0
hyderabad,2023-09-27,9,4.88,34.11,50.5,0
hyderabad,2023-09-28,9,12.92,27.82,145.5,0
hyderabad,2023-09-29,9,5.05,33.44,151.6,0
hyderabad,2023-09-30,9,18.17,32.78,126.4,0
hyderabad,2023-10-01,10,0.89,35.11,148.8,0
hyderabad,2023-10-02,10,0.81,33.26,86.1,0
hyderabad,2023-10-03,10,3.12,32.95,188.5,0
hyderabad,2023-10-04,10,1.32,33.69,141.9,0
hyderabad,2023-10-05,10,0.23,29.15,124.4,0
hyderabad,2023-10-06,10,1.33,32.45,176.2,0
hyderabad,2023-10-07,10,2.29,30.61,155.9,0
hyderabad,2023-10-08,10,3.28,30.37,115.7,0
hyderabad,2023-10-09,10,2.48,33.32,194.1,0
hyderabad,2023-10-10,10,0.69,33.93,177.7,0
hyderabad,2023-10-11,10,1.51,31.3,106.1,0
hyderabad,2023-10-12,10,1.72,28.96,112.8,0
hyderabad,2023-10-13,10,2.02,30.81,90.8,0
hyderabad,2023-10-14,10,1.62,33.1,117.8,0
hyderabad,2023-10-15,10,0.72,30.76,159.0,0
hyderabad,2023-10-16,10,0.76,33.06,134.3,0
hyderabad,2023-10-17,10,2.21,30.11,135.2,0
hyderabad,2023-10-18,10,0.28,33.18,174.3,0
hyderabad,2023-10-19,10,3.37,31.74,151.9,0
hyderabad,2023-10-20,10,1.67,31.11,176.0,0
hyderabad,2023-10-21,10,1.21,32.32,165.6,0
hyderabad,2023-10-22,10,2.23,33.51,156.7,0
hyderabad,2023-10-23,10,0.41,34.0,132.8,0
hyderabad,2023-10-24,10,0.51,29.99,121.5,0
hyderabad,2023-10-25,10,1.31,33.65,201.6,0
hyderabad,2023-10-26,10,1.93,30.88,108.6,0
hyderabad,2023-10-27,10,1.19,32.46,122.4,0
hyderabad,2023-10-28,10,1.34,26.95,120.1,0
hyderabad,2023-10-29,10,0.42,36.11,192.0,0
hyderabad,2023-10-30,10,1.61,31.17,118.7,0
hyderabad,2023-10-31,10,0.14,32.28,107.3,0
hyderabad,2023-11-01,11,1.34,33.33,181.2,0
hyderabad,2023-11-02,11,0.73,31.68,167.6,0
hyderabad,2023-11-03,11,0.8,31.88,157.5,0
hyderabad,2023-11-04,11,0.35,35.73,159.4,0
hyderabad,2023-11-05,11,2.64,28.82,146.2,0
hyderabad,2023-11-06,11,1.22,31.77,155.4,0
hyderabad,2023-11-07,11,1.73,32.65,199.1,0
hyderabad,2023-11-08,11,0.88,28.31,183.3,0
hyderabad,2023-11-09,11,0.21,31.04,253.2,0
hyderabad,2023-11-10,11,1.65,31.59,227.6,0
hyderabad,2023-11-11,11,2.42,30.2,196.0,0
hyderabad,2023-11-12,11,0.67,31.66,193.3,0
hyderabad,2023-11-13,11,1.42,33.49,182.1,0
hyderabad,2023-11-14,11,6.1,30.1,214.6,0
hyderabad,2023-11-15,11,0.98,35.43,192.7,0
hyderabad,2023-11-16,11,4.89,32.27,207.1,0
hyderabad,2023-11-17,11,1.18,32.6,112.9,0
hyderabad,2023-11-18,11,1.59,34.92,233.5,0
hyderabad,2023-11-19,11,0.93,34.32,179.4,0
hyderabad,2023-11-20,11,0.09,34.35,224.5,0
hyderabad,2023-11-21,11,0.7,30.5,141.4,0
hyderabad,2023-11-22,11,1.76,30.3,218.4,0
hyderabad,2023-11-23,11,3.42,32.47,167.2,0
hyderabad,2023-11-24,11,3.64,34.1,200.0,0
hyderabad,2023-11-25,11,2.02,32.05,184.9,0
hyderabad,2023-11-26,11,1.15,30.05,183.9,0
hyderabad,2023-11-27,11,1.03,30.37,171.9,0
hyderabad,2023-11-28,11,0.57,34.31,202.9,0
hyderabad,2023-11-29,11,4.3,29.32,204.8,0
hyderabad,2023-11-30,11,0.73,33.39,201.2,0
hyderabad,2023-12-01,12,2.43,21.01,258.3,0
hyderabad,2023-12-02,12,0.6,23.1,223.5,0
hyderabad,2023-12-03,12,1.04,17.28,200.6,0
hyderabad,2023-12-04,12,0.76,22.26,204.7,0
hyderabad,2023-12-05,12,3.02,20.18,168.5,0
hyderabad,2023-12-06,12,1.93,22.57,227.8,0
hyderabad,2023-12-07,12,0.9,22.38,233.5,0
hyderabad,2023-12-08,12,4.71,21.45,252.1,0
hyderabad,2023-12-09,12,1.59,16.01,217.2,0
hyderabad,2023-12-10,12,0.71,26.62,264.7,0
hyderabad,2023-12-11,12,1.2,18.14,234.3,0
hyderabad,2023-12-12,12,0.56,25.0,193.9,0
hyderabad,2023-12-13,12,0.63,21.57,238.6,0
hyderabad,2023-12-14,12,0.98,22.69,136.4,0
hyderabad,2023-12-15,12,0.81,22.44,192.5,0
hyderabad,2023-12-16,12,3.28,28.32,206.1,0
hyderabad,2023-12-17,12,1.62,26.04,245.4,0
hyderabad,2023-12-18,12,1.48,20.95,271.6,0
hyderabad,2023-12-19,12,1.29,22.86,196.2,0
hyderabad,2023-12-20,12,1.74,23.97,195.5,0
hyderabad,2023-12-21,12,0.5,21.28,219.6,0
hyderabad,2023-12-22,12,0.53,22.92,251.4,0
hyderabad,2023-12-23,12,1.6,21.86,198.8,0
hyderabad,2023-12-24,12,0.88,25.26,237.8,0
hyderabad,2023-12-25,12,0.72,18.77,234.4,0
hyderabad,2023-12-26,12,0.35,19.88,242.9,0
hyderabad,2023-12-27,12,0.32,20.51,207.6,0
hyderabad,2023-12-28,12,1.8,23.8,218.3,0
hyderabad,2023-12-29,12,1.06,21.57,296.4,0
hyderabad,2023-12-30,12,0.41,23.15,200.7,0
hyderabad,2023-12-31,12,4.14,18.45,207.6,0
hyderabad,2024-01-01,1,0.65,17.46,279.7,0
hyderabad,2024-01-02,1,1.74,19.61,240.7,0
hyderabad,2024-01-03,1,3.1,19.3,197.2,0
hyderabad,2024-01-04,1,3.56,23.22,224.6,0
hyderabad,2024-01-05,1,0.55,21.34,285.5,0
hyderabad,2024-01-06,1,1.8,18.44,262.2,0
hyderabad,2024-01-07,1,0.81,23.61,277.4,0
hyderabad,2024-01-08,1,1.84,22.4,267.6,0
hyderabad,2024-01-09,1,1.0,21.13,242.6,0
hyderabad,2024-01-10,1,1.21,19.59,242.0,0
hyderabad,2024-01-11,1,0.36,22.15,249.7,0
hyderabad,2024-01-12,1,2.4,21.72,259.5,0
hyderabad,2024-01-13,1,1.21,19.95,284.5,0
hyderabad,2024-01-14,1,0.67,17.92,245.9,0
hyderabad,2024-01-15,1,0.49,22.79,248.7,0
hyderabad,2024-01-16,1,1.06,20.64,220.4,0
hyderabad,2024-01-17,1,2.53,21.55,235.2,0
hyderabad,2024-01-18,1,2.02,18.85,246.7,0
hyderabad,2024-01-19,1,0.55,22.22,293.2,0
hyderabad,2024-01-20,1,0.38,15.71,221.7,0
hyderabad,2024-01-21,1,3.16,20.11,249.6,0
hyderabad,2024-01-22,1,1.49,20.42,202.2,0
hyderabad,2024-01-23,1,0.36,18.11,229.9,0
hyderabad,2024-01-24,1,5.01,20.82,254.3,0
hyderabad,2024-01-25,1,0.65,24.08,228.4,0
hyderabad,2024-01-26,1,0.85,21.07,195.0,0
hyderabad,2024-01-27,1,0.8,20.58,268.3,0
hyderabad,2024-01-28,1,3.53,20.67,200.3,0
hyderabad,2024-01-29,1,0.23,19.51,316.3,0
hyderabad,2024-01-30,1,1.02,16.88,262.8,0
hyderabad,2024-01-31,1,3.35,21.08,292.8,0
hyderabad,2024-02-01,2,0.5,21.0,100.9,0
hyderabad,2024-02-02,2,0.7,23.66,20.0,0
hyderabad,2024-02-03,2,1.62,24.64,82.9,0
hyderabad,2024-02-04,2,1.23,22.23,50.4,0
hyderabad,2024-02-05,2,0.16,20.51,85.8,0
hyderabad,2024-02-06,2,1.3,22.6,84.6,0
hyderabad,2024-02-07,2,1.03,21.82,114.5,0
hyderabad,2024-02-08,2,1.34,24.39,127.4,0
hyderabad,2024-02-09,2,0.77,22.79,73.8,0
hyderabad,2024-02-10,2,1.72,24.24,58.7,0
hyderabad,2024-02-11,2,1.46,24.29,124.3,0
hyderabad,2024-02-12,2,1.84,22.96,51.2,0
hyderabad,2024-02-13,2,3.26,19.26,130.5,0
hyderabad,2024-02-14,2,0.63,19.72,41.8,0
hyderabad,2024-02-15,2,0.83,21.53,91.6,0
hyderabad,2024-02-16,2,2.28,22.45,103.2,0
hyderabad,2024-02-17,2,1.09,22.99,84.3,0
hyderabad,2024-02-18,2,1.92,18.77,80.3,0
hyderabad,2024-02-19,2,2.68,21.91,95.5,0
hyderabad,2024-02-20,2,1.55,26.45,50.1,0
hyderabad,2024-02-21,2,1.42,22.68,132.3,0
hyderabad,2024-02-22,2,1.75,21.6,85.6,0
hyderabad,2024-02-23,2,3.74,23.96,113.2,0
hyderabad,2024-02-24,2,3.76,23.72,114.0,0
hyderabad,2024-02-25,2,2.37,24.01,122.2,0
hyderabad,2024-02-26,2,0.69,18.19,78.9,0
hyderabad,2024-02-27,2,1.94,23.3,111.5,0
hyderabad,2024-02-28,2,1.82,21.0,106.5,0
hyderabad,2024-02-29,2,2.09,23.19,121.8,0
hyderabad,2024-03-01,3,0.96,33.48,37.6,0
hyderabad,2024-03-02,3,1.08,32.15,95.3,0
hyderabad,2024-03-03,3,1.14,33.98,104.6,0
hyderabad,2024-03-04,3,2.19,34.93,117.6,0
hyderabad,2024-03-05,3,2.13,30.8,146.0,0
hyderabad,2024-03-06,3,0.96,33.16,150.0,0
hyderabad,2024-03-07,3,1.12,34.03,103.8,0
hyderabad,2024-03-08,3,2.35,32.96,103.8,0
hyderabad,2024-03-09,3,0.68,32.8,84.6,0
hyderabad,2024-03-10,3,2.41,30.36,86.6,0
hyderabad,2024-03-11,3,0.65,33.29,112.1,0
hyderabad,2024-03-12,3,1.54,32.67,122.5,0
hyderabad,2024-03-13,3,0.78,31.7,78.7,0
hyderabad,2024-03-14,3,0.14,27.66,61.3,0
hyderabad,2024-03-15,3,0.72,29.35,92.0,0
hyderabad,2024-03-16,3,1.71,33.32,28.1,0
hyderabad,2024-03-17,3,0.8,32.08,94.3,0
hyderabad,2024-03-18,3,0.65,31.76,76.5,0
hyderabad,2024-03-19,3,0.59,32.55,55.2,0
hyderabad,2024-03-20,3,1.0,28.71,93.9,0
hyderabad,2024-03-21,3,1.1,30.27,114.7,0
hyderabad,2024-03-22,3,1.91,28.79,128.8,0
hyderabad,2024-03-23,3,1.87,30.1,142.9,0
hyderabad,2024-03-24,3,1.02,28.11,45.7,0
hyderabad,2024-03-25,3,1.33,31.42,102.2,0
hyderabad,2024-03-26,3,0.98,33.48,61.9,0
hyderabad,2024-03-27,3,2.62,34.85,65.6,0
hyderabad,2024-03-28,3,2.64,29.07,104.8,0
hyderabad,2024-03-29,3,1.55,31.0,62.3,0
hyderabad,2024-03-30,3,3.74,30.92,121.7,0
hyderabad,2024-03-31,3,0.69,33.61,108.0,0
hyderabad,2024-04-01,4,2.03,40.51,91.3,0
hyderabad,2024-04-02,4,1.57,40.46,57.0,0
hyderabad,2024-04-03,4,1.04,39.25,51.9,0
hyderabad,2024-04-04,4,2.8,37.05,62.5,0
hyderabad,2024-04-05,4,0.72,39.4,133.5,0
hyderabad,2024-04-06,4,0.45,39.27,44.8,0
hyderabad,2024-04-07,4,3.35,39.08,72.6,0
hyderabad,2024-04-08,4,4.24,39.85,35.7,0
hyderabad,2024-04-09,4,1.67,41.86,64.5,0
hyderabad,2024-04-10,4,0.77,41.95,110.7,0
hyderabad,2024-04-11,4,2.53,35.26,98.9,0
hyderabad,2024-04-12,4,0.76,40.32,104.9,0
hyderabad,2024-04-13,4,1.01,38.97,116.1,0
hyderabad,2024-04-14,4,2.12,37.07,72.3,0
hyderabad,2024-04-15,4,3.39,39.54,99.3,0
hyderabad,2024-04-16,4,0.78,37.9,82.8,0
hyderabad,2024-04-17,4,2.25,35.04,119.1,0
hyderabad,2024-04-18,4,0.38,36.38,94.8,0
hyderabad,2024-04-19,4,0.79,37.43,77.2,0
hyderabad,2024-04-20,4,4.37,40.49,67.1,0
hyderabad,2024-04-21,4,0.63,35.07,133.4,0
hyderabad,2024-04-22,4,1.5,36.63,90.9,0
hyderabad,2024-04-23,4,0.51,39.23,127.7,0
hyderabad,2024-04-24,4,1.89,36.61,103.1,0
hyderabad,2024-04-25,4,0.93,38.16,88.4,0
hyderabad,2024-04-26,4,0.58,37.2,92.1,0
hyderabad,2024-04-27,4,0.12,36.77,104.1,0
hyderabad,2024-04-28,4,2.47,39.87,129.9,0
hyderabad,2024-04-29,4,0.86,37.54,144.7,0
hyderabad,2024-04-30,4,0.54,38.08,142.9,0
hyderabad,2024-05-01,5,0.57,40.42,45.8,0
hyderabad,2024-05-02,5,1.1,42.25,71.5,1
hyderabad,2024-05-03,5,2.53,44.61,64.2,1
hyderabad,2024-05-04,5,0.47,45.36,110.8,1
hyderabad,2024-05-05,5,0.09,43.23,103.7,1
hyderabad,2024-05-06,5,1.15,42.19,52.0,1
hyderabad,2024-05-07,5,4.86,44.93,107.5,1
hyderabad,2024-05-08,5,2.03,44.07,108.4,1
hyderabad,2024-05-09,5,0.56,41.37,95.2,0
hyderabad,2024-05-10,5,0.76,40.76,90.4,0
hyderabad,2024-05-11,5,0.31,45.86,61.7,1
hyderabad,2024-05-12,5,0.82,40.91,52.7,0
hyderabad,2024-05-13,5,1.72,45.21,105.1,1
hyderabad,2024-05-14,5,1.4,46.7,118.7,1
hyderabad,2024-05-15,5,0.82,43.54,91.2,1
hyderabad,2024-05-16,5,1.87,43.5,137.9,1
hyderabad,2024-05-17,5,0.66,44.23,83.1,1
hyderabad,2024-05-18,5,0.28,39.93,130.7,0
hyderabad,2024-05-19,5,2.57,42.25,99.8,1
hyderabad,2024-05-20,5,0.75,43.45,125.5,1
hyderabad,2024-05-21,5,0.27,43.04,93.4,1
hyderabad,2024-05-22,5,1.83,44.87,65.5,1
hyderabad,2024-05-23,5,1.39,41.1,111.0,0
hyderabad,2024-05-24,5,3.37,39.94,61.3,0
hyderabad,2024-05-25,5,0.96,44.75,115.8,1
hyderabad,2024-05-26,5,0.52,47.61,55.5,1
hyderabad,2024-05-27,5,1.03,44.82,61.3,1
hyderabad,2024-05-28,5,0.89,41.46,83.4,0
hyderabad,2024-05-29,5,0.34,47.07,110.9,1
hyderabad,2024-05-30,5,0.78,41.92,88.1,0
hyderabad,2024-05-31,5,1.76,45.63,125.2,1
hyderabad,2024-06-01,6,8.43,37.85,64.8,0
hyderabad,2024-06-02,6,13.6,35.15,33.6,0
hyderabad,2024-06-03,6,1.93,41.72,147.3,0
hyderabad,2024-06-04,6,20.1,35.46,99.9,0
hyderabad,2024-06-05,6,18.08,35.72,85.2,0
hyderabad,2024-06-06,6,25.35,36.94,156.2,0
hyderabad,2024-06-07,6,13.75,39.18,66.2,0
hyderabad,2024-06-08,6,31.47,36.88,129.0,0
hyderabad,2024-06-09,6,19.44,36.67,92.5,0
hyderabad,2024-06-10,6,27.39,33.89,76.8,0
hyderabad,2024-06-11,6,27.03,35.63,73.7,0
hyderabad,2024-06-12,6,7.8,37.99,107.9,0
hyderabad,2024-06-13,6,12.01,38.01,98.6,0
hyderabad,2024-06-14,6,13.34,35.64,30.5,0
hyderabad,2024-06-15,6,8.11,35.92,91.2,0
hyderabad,2024-06-16,6,9.69,39.6,162.6,0
hyderabad,2024-06-17,6,12.2,37.59,149.1,0
hyderabad,2024-06-18,6,26.86,38.01,20.0,0
hyderabad,2024-06-19,6,46.13,41.8,115.3,0
hyderabad,2024-06-20,6,19.53,40.82,60.7,0
hyderabad,2024-06-21,6,9.48,40.06,114.1,0
hyderabad,2024-06-22,6,13.5,42.76,64.5,1
hyderabad,2024-06-23,6,9.02,39.39,65.0,0
hyderabad,2024-06-24,6,9.01,42.18,56.0,1
hyderabad,2024-06-25,6,4.27,37.01,107.3,0
hyderabad,2024-06-26,6,23.97,40.84,77.6,0
hyderabad,2024-06-27,6,9.21,40.81,73.5,0
hyderabad,2024-06-28,6,15.39,38.71,62.2,0
hyderabad,2024-06-29,6,3.96,38.95,66.8,0
hyderabad,2024-06-30,6,26.42,35.51,114.3,0
hyderabad,2024-07-01,7,17.44,28.96,139.6,0
hyderabad,2024-07-02,7,24.41,34.72,83.4,0
hyderabad,2024-07-03,7,28.15,35.18,131.6,0
hyderabad,2024-07-04,7,9.88,26.36,73.9,0
hyderabad,2024-07-05,7,21.15,31.5,105.9,0
hyderabad,2024-07-06,7,30.73,33.98,153.4,0
hyderabad,2024-07-07,7,30.08,32.75,101.0,0
hyderabad,2024-07-08,7,21.75,32.83,123.5,0
hyderabad,2024-07-09,7,12.03,32.1,40.6,0
hyderabad,2024-07-10,7,22.86,30.39,110.5,0
hyderabad,2024-07-11,7,26.72,32.97,109.0,0
hyderabad,2024-07-12,7,23.55,32.2,86.0,0
hyderabad,2024-07-13,7,25.76,32.22,58.7,0
hyderabad,2024-07-14,7,36.64,31.71,105.9,0
hyderabad,2024-07-15,7,16.75,34.03,108.8,0
hyderabad,2024-07-16,7,24.94,30.37,99.6,0
hyderabad,2024-07-17,7,10.47,27.68,75.4,0
hyderabad,2024-07-18,7,52.29,32.88,20.0,1
hyderabad,2024-07-19,7,39.15,31.2,115.8,0
hyderabad,2024-07-20,7,30.72,30.27,76.5,0
hyderabad,2024-07-21,7,31.3,31.75,75.3,0
hyderabad,2024-07-22,7,34.36,30.95,128.8,0
hyderabad,2024-07-23,7,14.74,32.42,77.5,0
hyderabad,2024-07-24,7,12.55,32.05,86.2,0
hyderabad,2024-07-25,7,14.4,33.33,95.4,0
hyderabad,2024-07-26,7,33.24,32.0,102.6,0
hyderabad,2024-07-27,7,13.92,27.86,91.2,0
hyderabad,2024-07-28,7,24.22,30.68,36.2,0
hyderabad,2024-07-29,7,23.46,30.58,110.5,0
hyderabad,2024-07-30,7,8.87,30.19,77.7,0
hyderabad,2024-07-31,7,3.69,32.48,99.7,0
hyderabad,2024-08-01,8,3.39,34.32,99.3,0
hyderabad,2024-08-02,8,31.27,32.9,136.7,0
hyderabad,2024-08-03,8,30.9,30.32,109.3,0
hyderabad,2024-08-04,8,22.31,29.23,86.3,0
hyderabad,2024-08-05,8,17.79,31.13,62.0,0
hyderabad,2024-08-06,8,19.53,31.94,96.7,0
hyderabad,2024-08-07,8,36.46,32.95,141.8,0
hyderabad,2024-08-08,8,24.41,34.57,91.4,0
hyderabad,2024-08-09,8,2.18,28.6,103.4,0
hyderabad,2024-08-10,8,32.21,31.67,87.1,0
hyderabad,2024-08-11,8,6.83,31.97,80.4,0
hyderabad,2024-08-12,8,10.2,33.84,86.1,0
hyderabad,2024-08-13,8,29.47,35.08,114.3,0
hyderabad,2024-08-14,8,18.19,33.23,79.2,0
hyderabad,2024-08-15,8,27.22,32.18,107.0,0
hyderabad,2024-08-16,8,13.16,32.33,119.9,0
hyderabad,2024-08-17,8,27.11,32.71,91.8,0
hyderabad,2024-08-18,8,14.77,31.7,56.5,0
hyderabad,2024-08-19,8,34.77,30.94,40.4,0
hyderabad,2024-08-20,8,9.45,30.5,107.6,0
hyderabad,2024-08-21,8,24.35,30.7,78.3,0
hyderabad,2024-08-22,8,14.01,30.9,98.0,0
hyderabad,2024-08-23,8,9.62,31.51,142.5,0
hyderabad,2024-08-24,8,4.61,33.02,113.8,0
hyderabad,2024-08-25,8,34.56,30.35,81.7,0
hyderabad,2024-08-26,8,8.95,38.28,85.5,0
hyderabad,2024-08-27,8,29.75,29.52,61.3,0
hyderabad,2024-08-28,8,16.87,31.72,23.2,0
hyderabad,2024-08-29,8,14.16,33.64,128.5,0
hyderabad,2024-08-30,8,11.99,28.68,92.7,0
hyderabad,2024-08-31,8,4.1,31.83,148.3,0
hyderabad,2024-09-01,9,17.69,30.97,89.6,0
hyderabad,2024-09-02,9,9.45,31.44,93.4,0
hyderabad,2024-09-03,9,4.38,29.45,75.4,0
hyderabad,2024-09-04,9,8.3,33.51,85.3,0
hyderabad,2024-09-05,9,27.14,31.99,113.9,0
hyderabad,2024-09-06,9,16.0,31.89,74.9,0
hyderabad,2024-09-07,9,4.86,32.56,87.1,0
hyderabad,2024-09-08,9,13.4,32.2,84.0,0
hyderabad,2024-09-09,9,8.45,37.4,57.2,0
hyderabad,2024-09-10,9,15.27,34.59,81.3,0
hyderabad,2024-09-11,9,17.17,31.33,101.6,0
hyderabad,2024-09-12,9,3.67,29.61,80.4,0
hyderabad,2024-09-13,9,2.09,37.65,114.3,0
hyderabad,2024-09-14,9,3.05,33.7,80.5,0
hyderabad,2024-09-15,9,20.45,33.83,85.9,0
hyderabad,2024-09-16,9,9.12,34.47,129.4,0
hyderabad,2024-09-17,9,3.83,31.69,125.6,0
hyderabad,2024-09-18,9,8.94,30.51,64.6,0
hyderabad,2024-09-19,9,19.14,31.07,93.3,0
hyderabad,2024-09-20,9,7.22,33.85,124.4,0
hyderabad,2024-09-21,9,14.83,33.89,77.0,0
hyderabad,2024-09-22,9,2.04,33.37,94.0,0
hyderabad,2024-09-23,9,19.99,29.72,61.3,0
hyderabad,2024-09-24,9,10.46,32.19,112.2,0
hyderabad,2024-09-25,9,7.02,33.1,137.8,0
hyderabad,2024-09-26,9,4.29,30.01,126.7,0
hyderabad,2024-09-27,9,8.62,29.33,80.5,0
hyderabad,2024-09-28,9,6.08,28.61,64.6,0
hyderabad,2024-09-29,9,9.65,31.99,96.6,0
hyderabad,2024-09-30,9,13.78,31.76,117.8,0
hyderabad,2024-10-01,10,0.53,31.55,75.8,0
hyderabad,2024-10-02,10,0.71,35.82,106.9,0
hyderabad,2024-10-03,10,3.5,32.08,110.8,0
hyderabad,2024-10-04,10,1.54,33.33,158.2,0
hyderabad,2024-10-05,10,0.93,31.04,160.5,0
hyderabad,2024-10-06,10,0.39,32.61,112.0,0
hyderabad,2024-10-07,10,0.22,34.08,107.4,0
hyderabad,2024-10-08,10,0.35,32.07,139.1,0
hyderabad,2024-10-09,10,0.07,32.03,89.5,0
hyderabad,2024-10-10,10,0.37,30.37,117.9,0
hyderabad,2024-10-11,10,2.79,32.39,156.0,0
hyderabad,2024-10-12,10,1.41,33.37,96.4,0
hyderabad,2024-10-13,10,3.29,29.16,91.2,0
hyderabad,2024-10-14,10,2.15,33.2,190.9,0
hyderabad,2024-10-15,10,1.05,31.49,136.3,0
hyderabad,2024-10-16,10,2.22,31.36,118.8,0
hyderabad,2024-10-17,10,0.55,30.74,155.0,0
hyderabad,2024-10-18,10,0.39,29.94,139.4,0
hyderabad,2024-10-19,10,1.92,33.26,115.5,0
hyderabad,2024-10-20,10,1.09,32.9,143.0,0
hyderabad,2024-10-21,10,1.02,28.88,146.8,0
hyderabad,2024-10-22,10,0.09,32.72,188.4,0
hyderabad,2024-10-23,10,0.8,33.55,154.0,0
hyderabad,2024-10-24,10,1.88,33.15,104.7,0
hyderabad,2024-10-25,10,0.21,32.62,149.2,0
hyderabad,2024-10-26,10,0.15,35.02,122.7,0
hyderabad,2024-10-27,10,1.91,31.8,157.6,0
hyderabad,2024-10-28,10,2.98,29.81,135.6,0
hyderabad,2024-10-29,10,0.95,33.79,122.3,0
hyderabad,2024-10-30,10,0.83,30.32,119.7,0
hyderabad,2024-10-31,10,4.57,29.75,120.1,0
hyderabad,2024-11-01,11,2.08,28.22,261.5,0
hyderabad,2024-11-02,11,0.16,36.41,199.0,0
hyderabad,2024-11-03,11,1.38,33.01,129.3,0
hyderabad,2024-11-04,11,0.58,31.22,151.0,0
hyderabad,2024-11-05,11,1.0,31.48,202.8,0
hyderabad,2024-11-06,11,2.86,32.53,179.9,0
hyderabad,2024-11-07,11,0.48,27.64,162.6,0
hyderabad,2024-11-08,11,1.33,32.93,177.5,0
hyderabad,2024-11-09,11,3.7,34.47,199.1,0
hyderabad,2024-11-10,11,2.93,32.75,198.2,0
hyderabad,2024-11-11,11,1.79,32.91,179.8,0
hyderabad,2024-11-12,11,0.41,33.87,165.9,0
hyderabad,2024-11-13,11,2.18,33.88,206.4,0
hyderabad,2024-11-14,11,0.57,30.23,165.4,0
hyderabad,2024-11-15,11,1.47,33.76,135.4,0
hyderabad,2024-11-16,11,1.5,32.62,177.7,0
hyderabad,2024-11-17,11,1.85,31.95,156.3,0
hyderabad,2024-11-18,11,1.33,33.71,185.8,0
hyderabad,2024-11-19,11,4.96,32.32,216.3,0
hyderabad,2024-11-20,11,1.2,33.18,198.7,0
hyderabad,2024-11-21,11,1.84,29.8,232.6,0
hyderabad,2024-11-22,11,2.23,31.65,158.2,0
hyderabad,2024-11-23,11,1.63,32.67,170.8,0
hyderabad,2024-11-24,11,2.04,33.84,212.0,0
hyderabad,2024-11-25,11,0.44,28.94,177.2,0
hyderabad,2024-11-26,11,1.21,34.43,152.3,0
hyderabad,2024-11-27,11,1.57,35.67,130.3,0
hyderabad,2024-11-28,11,1.96,31.62,181.0,0
hyderabad,2024-11-29,11,1.35,33.83,175.7,0
hyderabad,2024-11-30,11,2.5,29.37,114.4,0
hyderabad,2024-12-01,12,1.43,22.88,265.5,0
hyderabad,2024-12-02,12,1.74,19.89,181.0,0
hyderabad,2024-12-03,12,1.25,25.98,253.5,0
hyderabad,2024-12-04,12,2.09,21.5,202.0,0
hyderabad,2024-12-05,12,0.11,22.6,225.4,0
hyderabad,2024-12-06,12,0.71,17.54,257.6,0
hyderabad,2024-12-07,12,1.83,21.84,240.6,0
hyderabad,2024-12-08,12,1.48,16.21,211.6,0
hyderabad,2024-12-09,12,1.23,22.01,238.9,0
hyderabad,2024-12-10,12,1.43,21.16,167.5,0
hyderabad,2024-12-11,12,3.36,21.91,226.1,0
hyderabad,2024-12-12,12,2.52,21.47,208.2,0
hyderabad,2024-12-13,12,0.91,19.4,183.4,0
hyderabad,2024-12-14,12,1.35,25.43,182.2,0
hyderabad,2024-12-15,12,0.13,20.09,219.3,0
hyderabad,2024-12-16,12,1.14,21.68,218.4,0
hyderabad,2024-12-17,12,2.73,21.02,256.5,0
hyderabad,2024-12-18,12,1.6,21.92,252.7,0
hyderabad,2024-12-19,12,0.26,19.11,186.5,0
hyderabad,2024-12-20,12,0.44,23.84,212.8,0
hyderabad,2024-12-21,12,0.61,21.7,226.4,0
hyderabad,2024-12-22,12,0.35,21.26,254.0,0
hyderabad,2024-12-23,12,0.31,21.32,220.3,0
hyderabad,2024-12-24,12,2.2,21.93,188.5,0
hyderabad,2024-12-25,12,0.35,25.49,236.7,0
hyderabad,2024-12-26,12,3.82,24.71,259.5,0
hyderabad,2024-12-27,12,2.02,20.14,201.0,0
hyderabad,2024-12-28,12,3.75,24.18,251.3,0
hyderabad,2024-12-29,12,0.27,23.99,267.9,0
hyderabad,2024-12-30,12,1.51,24.09,214.5,0
hyderabad,2024-12-31,12,1.27,21.1,199.9,0
hyderabad,2025-01-01,1,2.43,21.05,274.6,0
hyderabad,2025-01-02,1,0.35,24.5,268.6,0
hyderabad,2025-01-03,1,3.25,20.5,282.5,0
hyderabad,2025-01-04,1,1.24,22.33,254.8,0
hyderabad,2025-01-05,1,1.1,19.13,242.3,0
hyderabad,2025-01-06,1,0.97,20.09,243.7,0
hyderabad,2025-01-07,1,2.23,21.14,228.7,0
hyderabad,2025-01-08,1,1.7,20.77,297.2,0
hyderabad,2025-01-09,1,1.03,19.26,255.4,0
hyderabad,2025-01-10,1,0.41,19.47,301.7,0
hyderabad,2025-01-11,1,1.19,21.24,240.4,0
hyderabad,2025-01-12,1,3.41,21.67,243.7,0
hyderabad,2025-01-13,1,1.0,20.21,192.3,0
hyderabad,2025-01-14,1,2.39,22.99,254.1,0
hyderabad,2025-01-15,1,0.7,20.3,277.0,0
hyderabad,2025-01-16,1,2.27,24.08,292.7,0
hyderabad,2025-01-17,1,0.68,17.7,275.3,0
hyderabad,2025-01-18,1,1.91,21.97,197.5,0
hyderabad,2025-01-19,1,1.46,19.62,225.6,0
hyderabad,2025-01-20,1,1.86,18.8,222.2,0
hyderabad,2025-01-21,1,3.92,20.83,278.5,0
hyderabad,2025-01-22,1,3.55,17.43,244.2,0
hyderabad,2025-01-23,1,0.5,21.66,243.6,0
hyderabad,2025-01-24,1,0.27,26.55,261.0,0
hyderabad,2025-01-25,1,2.79,20.47,195.3,0
hyderabad,2025-01-26,1,0.47,22.39,236.3,0
hyderabad,2025-01-27,1,4.11,20.63,284.7,0
hyderabad,2025-01-28,1,3.65,23.4,250.5,0
hyderabad,2025-01-29,1,1.2,21.58,276.6,0
hyderabad,2025-01-30,1,2.49,24.17,304.7,0
hyderabad,2025-01-31,1,0.73,19.85,272.6,0
hyderabad,2025-02-01,2,2.05,23.42,20.0,0
hyderabad,2025-02-02,2,1.47,22.26,122.9,0
hyderabad,2025-02-03,2,1.15,22.0,107.1,0
hyderabad,2025-02-04,2,0.43,24.25,45.7,0
hyderabad,2025-02-05,2,0.94,26.93,97.2,0
hyderabad,2025-02-06,2,1.31,21.52,20.7,0
hyderabad,2025-02-07,2,1.35,21.46,87.2,0
hyderabad,2025-02-08,2,0.49,21.27,83.4,0
hyderabad,2025-02-09,2,0.2,23.66,40.4,0
hyderabad,2025-02-10,2,0.86,24.47,124.7,0
hyderabad,2025-02-11,2,1.11,23.03,20.0,0
hyderabad,2025-02-12,2,4.19,23.61,52.0,0
hyderabad,2025-02-13,2,0.19,18.44,144.0,0
hyderabad,2025-02-14,2,1.6,24.36,100.7,0
hyderabad,2025-02-15,2,1.35,23.26,71.7,0
hyderabad,2025-02-16,2,1.21,23.59,155.1,0
hyderabad,2025-02-17,2,1.58,22.43,107.5,0
hyderabad,2025-02-18,2,0.46,20.09,97.0,0
hyderabad,2025-02-19,2,0.94,23.4,145.5,0
hyderabad,2025-02-20,2,1.68,18.21,66.9,0
hyderabad,2025-02-21,2,1.49,27.33,133.2,0
hyderabad,2025-02-22,2,0.66,22.79,62.8,0
hyderabad,2025-02-23,2,1.52,21.6,89.9,0
hyderabad,2025-02-24,2,2.87,23.9,101.8,0
hyderabad,2025-02-25,2,0.96,28.09,79.2,0
hyderabad,2025-02-26,2,2.2,21.55,91.5,0
hyderabad,2025-02-27,2,1.05,22.43,107.6,0
hyderabad,2025-02-28,2,0.16,23.9,84.1,0
hyderabad,2025-03-01,3,1.92,26.98,88.8,0
hyderabad,2025-03-02,3,1.27,33.45,54.6,0
hyderabad,2025-03-03,3,2.27,32.4,104.4,0
hyderabad,2025-03-04,3,0.79,33.56,91.2,0
hyderabad,2025-03-05,3,0.39,32.05,95.7,0
hyderabad,2025-03-06,3,1.8,32.77,63.8,0
hyderabad,2025-03-07,3,0.26,32.1,67.9,0
hyderabad,2025-03-08,3,2.28,30.68,119.6,0
hyderabad,2025-03-09,3,2.36,33.49,117.0,0
hyderabad,2025-03-10,3,2.05,27.79,134.6,0
hyderabad,2025-03-11,3,2.3,30.22,31.5,0
hyderabad,2025-03-12,3,0.66,30.92,86.6,0
hyderabad,2025-03-13,3,0.08,30.46,106.3,0
hyderabad,2025-03-14,3,2.03,36.76,104.2,0
hyderabad,2025-03-15,3,3.43,30.76,98.8,0
hyderabad,2025-03-16,3,1.59,30.97,111.1,0
hyderabad,2025-03-17,3,1.47,31.42,83.8,0
hyderabad,2025-03-18,3,1.12,30.33,111.3,0
hyderabad,2025-03-19,3,1.67,30.1,92.2,0
hyderabad,2025-03-20,3,0.56,34.78,76.5,0
hyderabad,2025-03-21,3,2.42,29.55,49.3,0
hyderabad,2025-03-22,3,3.51,33.09,106.4,0
hyderabad,2025-03-23,3,1.36,33.82,65.3,0
hyderabad,2025-03-24,3,2.19,30.25,114.9,0
hyderabad,2025-03-25,3,0.53,29.9,76.6,0
hyderabad,2025-03-26,3,1.41,30.3,82.4,0
hyderabad,2025-03-27,3,2.92,30.44,74.7,0
hyderabad,2025-03-28,3,0.33,35.15,136.4,0
hyderabad,2025-03-29,3,1.72,32.63,195.4,0
hyderabad,2025-03-30,3,1.61,33.23,98.7,0
hyderabad,2025-03-31,3,0.57,33.87,57.8,0
hyderabad,2025-04-01,4,2.78,40.55,94.4,0
hyderabad,2025-04-02,4,1.81,39.13,80.7,0
hyderabad,2025-04-03,4,1.07,38.24,119.6,0
hyderabad,2025-04-04,4,0.87,40.19,84.8,0
hyderabad,2025-04-05,4,2.36,41.42,103.0,0
hyderabad,2025-04-06,4,1.23,36.62,74.3,0
hyderabad,2025-04-07,4,0.19,36.79,107.6,0
hyderabad,2025-04-08,4,2.99,35.95,100.6,0
hyderabad,2025-04-09,4,0.72,37.51,87.5,0
hyderabad,2025-04-10,4,0.9,36.77,98.1,0
hyderabad,2025-04-11,4,1.73,35.53,106.5,0
hyderabad,2025-04-12,4,0.41,36.09,100.8,0
hyderabad,2025-04-13,4,4.39,37.79,83.5,0
hyderabad,2025-04-14,4,0.97,38.86,69.6,0
hyderabad,2025-04-15,4,1.08,35.45,103.3,0
hyderabad,2025-04-16,4,1.98,36.88,80.9,0
hyderabad,2025-04-17,4,1.11,36.42,71.8,0
hyderabad,2025-04-18,4,2.32,38.47,102.2,0
hyderabad,2025-04-19,4,3.32,37.34,77.9,0
hyderabad,2025-04-20,4,1.51,39.65,137.0,0
hyderabad,2025-04-21,4,1.76,38.13,113.6,0
hyderabad,2025-04-22,4,2.39,35.64,44.2,0
hyderabad,2025-04-23,4,3.94,42.25,80.8,1
hyderabad,2025-04-24,4,1.22,41.26,131.3,0
hyderabad,2025-04-25,4,0.89,38.54,147.9,0
hyderabad,2025-04-26,4,2.11,37.11,46.2,0
hyderabad,2025-04-27,4,1.37,37.06,224.4,0
hyderabad,2025-04-28,4,2.52,40.12,142.8,0
hyderabad,2025-04-29,4,0.41,42.07,45.6,1
hyderabad,2025-04-30,4,0.45,36.39,104.3,0
hyderabad,2025-05-01,5,2.54,47.01,89.8,1
hyderabad,2025-05-02,5,4.26,46.18,65.7,1
hyderabad,2025-05-03,5,1.18,43.61,92.7,1
hyderabad,2025-05-04,5,1.31,44.25,107.4,1
hyderabad,2025-05-05,5,0.55,45.11,53.3,1
hyderabad,2025-05-06,5,1.0,42.96,77.9,1
hyderabad,2025-05-07,5,1.09,41.76,73.3,0
hyderabad,2025-05-08,5,0.68,45.38,89.1,1
hyderabad,2025-05-09,5,0.36,45.42,140.1,1
hyderabad,2025-05-10,5,2.53,43.17,49.4,1
hyderabad,2025-05-11,5,2.13,47.68,65.6,1
hyderabad,2025-05-12,5,0.61,41.11,94.6,0
hyderabad,2025-05-13,5,1.66,40.44,65.8,0
hyderabad,2025-05-14,5,3.09,42.79,79.6,1
hyderabad,2025-05-15,5,0.49,41.26,73.0,0
hyderabad,2025-05-16,5,1.45,44.22,89.9,1
hyderabad,2025-05-17,5,1.77,42.03,70.5,1
hyderabad,2025-05-18,5,1.38,42.1,55.7,1
hyderabad,2025-05-19,5,3.29,41.28,92.5,0
hyderabad,2025-05-20,5,1.11,41.98,117.8,0
hyderabad,2025-05-21,5,0.68,40.68,102.0,0
hyderabad,2025-05-22,5,0.67,40.76,129.5,0
hyderabad,2025-05-23,5,0.69,44.3,78.2,1
hyderabad,2025-05-24,5,2.74,44.09,46.3,1
hyderabad,2025-05-25,5,0.9,43.72,90.6,1
hyderabad,2025-05-26,5,0.59,45.56,67.1,1
hyderabad,2025-05-27,5,2.4,42.18,115.0,1
hyderabad,2025-05-28,5,2.36,41.86,105.2,0
hyderabad,2025-05-29,5,3.05,40.05,94.6,0
hyderabad,2025-05-30,5,0.87,45.64,124.3,1
hyderabad,2025-05-31,5,0.89,47.32,58.0,1
hyderabad,2025-06-01,6,15.55,43.9,92.0,1
hyderabad,2025-06-02,6,26.67,34.99,124.0,0
hyderabad,2025-06-03,6,1.41,37.57,100.5,0
hyderabad,2025-06-04,6,6.91,40.16,118.3,0
hyderabad,2025-06-05,6,8.62,38.95,84.5,0
hyderabad,2025-06-06,6,3.91,39.67,74.8,0
hyderabad,2025-06-07,6,2.68,39.71,107.0,0
hyderabad,2025-06-08,6,23.09,38.48,104.6,0
hyderabad,2025-06-09,6,6.25,37.43,114.1,0
hyderabad,2025-06-10,6,9.59,38.62,64.5,0
hyderabad,2025-06-11,6,31.72,40.91,94.3,0
hyderabad,2025-06-12,6,4.35,36.76,85.6,0
hyderabad,2025-06-13,6,17.62,39.81,119.8,0
hyderabad,2025-06-14,6,12.67,43.35,82.5,1
hyderabad,2025-06-15,6,16.67,39.07,75.3,0
hyderabad,2025-06-16,6,36.72,41.33,126.6,0
hyderabad,2025-06-17,6,20.51,37.27,123.7,0
hyderabad,2025-06-18,6,17.68,38.5,76.1,0
hyderabad,2025-06-19,6,2.14,38.78,121.0,0
hyderabad,2025-06-20,6,5.74,37.87,36.0,0
hyderabad,2025-06-21,6,15.09,39.75,44.5,0
hyderabad,2025-06-22,6,29.53,38.09,57.9,0
hyderabad,2025-06-23,6,16.54,37.33,85.9,0
hyderabad,2025-06-24,6,12.53,38.0,61.9,0
hyderabad,2025-06-25,6,9.82,41.23,152.6,0
hyderabad,2025-06-26,6,32.46,40.25,73.5,0
hyderabad,2025-06-27,6,2.01,39.57,129.6,0
hyderabad,2025-06-28,6,2.9,38.68,113.5,0
hyderabad,2025-06-29,6,20.16,37.56,60.2,0
hyderabad,2025-06-30,6,10.96,39.18,122.3,0
hyderabad,2025-07-01,7,8.19,34.56,71.1,0
hyderabad,2025-07-02,7,49.17,32.29,113.7,0
hyderabad,2025-07-03,7,4.23,31.15,90.9,0
hyderabad,2025-07-04,7,73.45,33.23,71.7,1
hyderabad,2025-07-05,7,7.63,28.63,123.6,0
hyderabad,2025-07-06,7,37.98,37.9,84.7,0
hyderabad,2025-07-07,7,29.22,32.68,122.5,0
hyderabad,2025-07-08,7,3.61,33.67,71.6,0
hyderabad,2025-07-09,7,8.22,29.79,110.0,0
hyderabad,2025-07-10,7,9.84,32.54,114.7,0
hyderabad,2025-07-11,7,16.89,32.15,97.1,0
hyderabad,2025-07-12,7,34.49,34.99,94.3,0
hyderabad,2025-07-13,7,5.74,34.19,20.0,0
hyderabad,2025-07-14,7,12.66,30.21,104.8,0
hyderabad,2025-07-15,7,13.04,31.37,60.4,0
hyderabad,2025-07-16,7,14.24,31.49,130.3,0
hyderabad,2025-07-17,7,13.41,29.46,103.5,0
hyderabad,2025-07-18,7,32.38,31.13,88.4,0
hyderabad,2025-07-19,7,36.43,29.75,51.9,0
hyderabad,2025-07-20,7,28.99,33.39,94.6,0
hyderabad,2025-07-21,7,9.29,31.8,104.5,0
hyderabad,2025-07-22,7,17.61,31.33,75.6,0
hyderabad,2025-07-23,7,0.37,26.59,74.6,0
hyderabad,2025-07-24,7,31.6,34.69,70.2,0
hyderabad,2025-07-25,7,8.49,34.29,138.9,0
hyderabad,2025-07-26,7,2.99,30.38,89.9,0
hyderabad,2025-07-27,7,24.09,31.02,100.8,0
hyderabad,2025-07-28,7,26.78,33.1,89.8,0
hyderabad,2025-07-29,7,28.08,28.61,142.1,0
hyderabad,2025-07-30,7,12.49,29.27,83.8,0
hyderabad,2025-07-31,7,10.66,33.47,129.0,0
hyderabad,2025-08-01,8,15.31,31.33,65.9,0
hyderabad,2025-08-02,8,73.03,27.93,131.7,1
hyderabad,2025-08-03,8,9.7,34.79,132.9,0
hyderabad,2025-08-04,8,16.97,35.58,112.3,0
hyderabad,2025-08-05,8,4.74,29.19,65.9,0
hyderabad,2025-08-06,8,21.04,33.23,94.0,0
hyderabad,2025-08-07,8,35.13,33.02,144.6,0
hyderabad,2025-08-08,8,14.34,30.63,55.6,0
hyderabad,2025-08-09,8,11.84,29.0,53.8,0
hyderabad,2025-08-10,8,3.4,37.87,128.2,0
hyderabad,2025-08-11,8,14.25,34.28,85.8,0
hyderabad,2025-08-12,8,15.37,31.95,136.9,0
hyderabad,2025-08-13,8,7.07,32.5,82.0,0
hyderabad,2025-08-14,8,4.23,34.81,97.4,0
hyderabad,2025-08-15,8,24.99,31.27,69.9,0
hyderabad,2025-08-16,8,14.04,32.75,120.8,0
hyderabad,2025-08-17,8,14.54,30.22,136.8,0
hyderabad,2025-08-18,8,26.87,32.94,81.1,0
hyderabad,2025-08-19,8,5.97,33.78,79.2,0
hyderabad,2025-08-20,8,11.73,30.67,103.4,0
hyderabad,2025-08-21,8,10.46,33.85,135.1,0
hyderabad,2025-08-22,8,4.37,34.96,115.5,0
hyderabad,2025-08-23,8,22.49,28.69,87.4,0
hyderabad,2025-08-24,8,21.36,30.51,69.4,0
hyderabad,2025-08-25,8,5.79,36.42,68.6,0
hyderabad,2025-08-26,8,8.12,31.6,42.0,0
hyderabad,2025-08-27,8,24.11,31.23,59.7,0
hyderabad,2025-08-28,8,11.95,30.04,69.9,0
hyderabad,2025-08-29,8,3.21,28.53,100.1,0
hyderabad,2025-08-30,8,33.99,38.46,95.2,0
hyderabad,2025-08-31,8,33.98,29.09,65.8,0
hyderabad,2025-09-01,9,15.46,32.59,115.0,0
hyderabad,2025-09-02,9,7.16,35.01,20.0,0
hyderabad,2025-09-03,9,9.12,33.83,110.9,0
hyderabad,2025-09-04,9,0.2,31.03,99.1,0
hyderabad,2025-09-05,9,19.62,31.2,76.6,0
hyderabad,2025-09-06,9,16.25,32.73,106.2,0
hyderabad,2025-09-07,9,13.2,32.01,20.0,0
hyderabad,2025-09-08,9,2.12,27.22,141.0,0
hyderabad,2025-09-09,9,11.33,31.35,61.2,0
hyderabad,2025-09-10,9,5.15,33.92,87.9,0
hyderabad,2025-09-11,9,1.35,33.01,52.4,0
hyderabad,2025-09-12,9,8.47,28.42,127.9,0
hyderabad,2025-09-13,9,7.93,30.27,52.0,0
hyderabad,2025-09-14,9,4.72,32.94,122.9,0
hyderabad,2025-09-15,9,10.02,30.33,67.9,0
hyderabad,2025-09-16,9,0.77,33.61,122.5,0
hyderabad,2025-09-17,9,8.37,29.77,102.7,0
hyderabad,2025-09-18,9,6.43,33.07,129.0,0
hyderabad,2025-09-19,9,18.06,30.09,84.5,0
hyderabad,2025-09-20,9,12.81,33.19,162.6,0
hyderabad,2025-09-21,9,10.52,28.44,97.7,0
hyderabad,2025-09-22,9,13.8,31.59,129.8,0
hyderabad,2025-09-23,9,3.56,31.29,32.8,0
hyderabad,2025-09-24,9,7.1,36.76,96.8,0
hyderabad,2025-09-25,9,13.31,28.79,92.9,0
hyderabad,2025-09-26,9,16.89,30.07,110.0,0
hyderabad,2025-09-27,9,1.46,30.05,104.3,0
hyderabad,2025-09-28,9,21.96,31.26,110.7,0
hyderabad,2025-09-29,9,9.52,28.99,110.1,0
hyderabad,2025-09-30,9,2.05,32.61,20.0,0
hyderabad,2025-10-01,10,2.53,31.82,122.6,0
hyderabad,2025-10-02,10,0.21,36.26,139.4,0
hyderabad,2025-10-03,10,0.66,32.22,129.3,0
hyderabad,2025-10-04,10,1.7,30.36,101.8,0
hyderabad,2025-10-05,10,3.01,33.29,127.8,0
hyderabad,2025-10-06,10,2.39,30.03,150.6,0
hyderabad,2025-10-07,10,1.11,32.5,135.6,0
hyderabad,2025-10-08,10,0.28,32.31,100.3,0
hyderabad,2025-10-09,10,2.1,32.86,153.8,0
hyderabad,2025-10-10,10,2.75,32.67,116.3,0
hyderabad,2025-10-11,10,1.25,31.26,168.5,0
hyderabad,2025-10-12,10,2.43,29.92,158.3,0
hyderabad,2025-10-13,10,1.86,31.54,120.7,0
hyderabad,2025-10-14,10,1.16,33.7,92.3,0
hyderabad,2025-10-15,10,3.96,34.29,104.9,0
hyderabad,2025-10-16,10,0.89,34.22,149.9,0
hyderabad,2025-10-17,10,2.08,33.14,107.9,0
hyderabad,2025-10-18,10,2.39,30.93,117.2,0
hyderabad,2025-10-19,10,1.63,36.58,144.3,0
hyderabad,2025-10-20,10,1.39,33.79,122.4,0
hyderabad,2025-10-21,10,2.19,32.03,130.7,0
hyderabad,2025-10-22,10,3.98,33.04,135.1,0
hyderabad,2025-10-23,10,0.47,33.67,108.0,0
hyderabad,2025-10-24,10,0.31,31.41,151.5,0
hyderabad,2025-10-25,10,1.57,31.65,146.8,0
hyderabad,2025-10-26,10,0.81,35.94,151.6,0
hyderabad,2025-10-27,10,4.19,31.86,99.7,0
hyderabad,2025-10-28,10,1.11,31.06,78.0,0
hyderabad,2025-10-29,10,3.27,31.23,141.8,0
hyderabad,2025-10-30,10,0.34,32.83,104.7,0
hyderabad,2025-10-31,10,2.78,31.27,116.4,0
hyderabad,2025-11-01,11,0.54,30.49,191.2,0
hyderabad,2025-11-02,11,1.1,32.91,134.2,0
hyderabad,2025-11-03,11,1.38,31.21,216.1,0
hyderabad,2025-11-04,11,0.28,33.12,205.7,0
hyderabad,2025-11-05,11,0.84,32.07,138.4,0
hyderabad,2025-11-06,11,1.98,30.56,199.2,0
hyderabad,2025-11-07,11,0.75,34.76,135.4,0
hyderabad,2025-11-08,11,1.45,36.9,147.4,0
hyderabad,2025-11-09,11,1.86,32.12,166.2,0
hyderabad,2025-11-10,11,2.31,28.44,172.9,0
hyderabad,2025-11-11,11,3.1,28.66,137.9,0
hyderabad,2025-11-12,11,2.96,30.03,189.0,0
hyderabad,2025-11-13,11,1.2,31.81,202.4,0
hyderabad,2025-11-14,11,0.4,33.67,176.2,0
hyderabad,2025-11-15,11,0.71,33.98,163.9,0
hyderabad,2025-11-16,11,1.05,31.8,212.6,0
hyderabad,2025-11-17,11,2.86,34.4,175.7,0
hyderabad,2025-11-18,11,0.32,31.93,159.2,0
hyderabad,2025-11-19,11,3.17,34.08,231.9,0
hyderabad,2025-11-20,11,0.23,32.77,154.1,0
hyderabad,2025-11-21,11,0.39,32.16,161.4,0
hyderabad,2025-11-22,11,1.46,31.5,146.1,0
hyderabad,2025-11-23,11,0.73,33.76,136.7,0
hyderabad,2025-11-24,11,0.84,33.01,193.5,0
hyderabad,2025-11-25,11,0.87,33.88,200.6,0
hyderabad,2025-11-26,11,0.61,31.93,171.5,0
hyderabad,2025-11-27,11,3.05,33.97,182.4,0
hyderabad,2025-11-28,11,1.59,35.79,221.1,0
hyderabad,2025-11-29,11,0.56,35.19,192.5,0
hyderabad,2025-11-30,11,1.45,29.85,201.2,0
hyderabad,2025-12-01,12,5.39,25.13,206.7,0
hyderabad,2025-12-02,12,1.69,21.44,166.1,0
hyderabad,2025-12-03,12,1.72,21.72,228.2,0
hyderabad,2025-12-04,12,1.97,20.97,274.7,0
hyderabad,2025-12-05,12,0.6,21.46,220.3,0
hyderabad,2025-12-06,12,0.96,22.46,187.6,0
hyderabad,2025-12-07,12,1.08,23.26,302.9,0
hyderabad,2025-12-08,12,0.44,22.96,218.0,0
hyderabad,2025-12-09,12,2.21,24.28,226.8,0
hyderabad,2025-12-10,12,0.97,19.65,237.2,0
hyderabad,2025-12-11,12,1.53,21.3,272.5,0
hyderabad,2025-12-12,12,0.2,23.27,261.6,0
hyderabad,2025-12-13,12,1.6,20.99,256.5,0
hyderabad,2025-12-14,12,0.61,20.12,249.4,0
hyderabad,2025-12-15,12,1.19,23.6,234.0,0
hyderabad,2025-12-16,12,0.63,22.89,212.5,0
hyderabad,2025-12-17,12,1.99,24.12,199.9,0
hyderabad,2025-12-18,12,0.25,22.37,158.7,0
hyderabad,2025-12-19,12,0.85,21.46,228.3,0
hyderabad,2025-12-20,12,0.47,21.9,203.1,0
hyderabad,2025-12-21,12,1.34,18.84,215.7,0
hyderabad,2025-12-22,12,0.56,21.87,253.6,0
hyderabad,2025-12-23,12,0.8,22.92,226.1,0
hyderabad,2025-12-24,12,1.75,23.38,190.8,0
hyderabad,2025-12-25,12,3.83,24.49,291.3,0
hyderabad,2025-12-26,12,2.7,21.05,198.6,0
hyderabad,2025-12-27,12,2.16,25.49,240.5,0
hyderabad,2025-12-28,12,1.02,20.76,218.6,0
hyderabad,2025-12-29,12,0.46,19.95,206.5,0
hyderabad,2025-12-30,12,2.26,19.37,166.3,0
pune,2023-01-01,1,1.36,15.55,267.0,0
pune,2023-01-02,1,1.84,20.23,258.8,0
pune,2023-01-03,1,1.47,23.4,294.0,0
pune,2023-01-04,1,1.95,21.81,232.5,0
pune,2023-01-05,1,0.57,20.05,261.6,0
pune,2023-01-06,1,1.16,21.79,253.0,0
pune,2023-01-07,1,1.28,22.65,209.7,0
pune,2023-01-08,1,0.83,20.83,315.6,0
pune,2023-01-09,1,2.95,23.0,253.5,0
pune,2023-01-10,1,0.71,22.44,314.6,0
pune,2023-01-11,1,0.23,22.26,258.2,0
pune,2023-01-12,1,2.82,21.66,257.3,0
pune,2023-01-13,1,0.7,19.18,233.9,0
pune,2023-01-14,1,3.39,21.12,283.2,0
pune,2023-01-15,1,0.41,18.21,191.7,0
pune,2023-01-16,1,0.79,22.21,285.3,0
pune,2023-01-17,1,1.52,17.09,313.0,0
pune,2023-01-18,1,2.23,22.33,290.6,0
pune,2023-01-19,1,0.99,21.14,187.6,0
pune,2023-01-20,1,2.49,20.81,246.7,0
pune,2023-01-21,1,2.07,19.16,262.0,0
pune,2023-01-22,1,1.59,21.57,221.3,0
pune,2023-01-23,1,1.5,24.34,253.9,0
pune,2023-01-24,1,0.56,21.23,255.5,0
pune,2023-01-25,1,2.1,20.24,279.4,0
pune,2023-01-26,1,2.34,23.69,258.4,0
pune,2023-01-27,1,1.18,17.94,265.7,0
pune,2023-01-28,1,0.79,21.37,209.2,0
pune,2023-01-29,1,2.14,20.48,185.1,0
pune,2023-01-30,1,1.01,21.45,201.0,0
pune,2023-01-31,1,0.75,22.76,229.0,0
pune,2023-02-01,2,1.21,21.64,196.7,0
pune,2023-02-02,2,1.89,22.47,80.5,0
pune,2023-02-03,2,2.41,22.0,99.0,0
pune,2023-02-04,2,1.81,24.89,100.4,0
pune,2023-02-05,2,0.55,24.75,118.8,0
pune,2023-02-06,2,2.78,24.46,101.3,0
pune,2023-02-07,2,1.05,25.79,65.9,0
pune,2023-02-08,2,0.91,22.92,98.9,0
pune,2023-02-09,2,1.34,19.02,92.2,0
pune,2023-02-10,2,0.91,19.63,97.4,0
pune,2023-02-11,2,0.85,23.37,108.3,0
pune,2023-02-12,2,1.59,21.56,116.4,0
pune,2023-02-13,2,2.62,22.47,108.4,0
pune,2023-02-14,2,1.4,22.7,74.3,0
pune,2023-02-15,2,2.1,25.2,127.3,0
pune,2023-02-16,2,0.79,22.71,77.2,0
pune,2023-02-17,2,0.46,20.2,87.5,0
pune,2023-02-18,2,1.44,21.16,122.3,0
pune,2023-02-19,2,1.58,22.15,128.1,0
pune,2023-02-20,2,0.95,22.32,73.5,0
pune,2023-02-21,2,1.3,24.2,114.4,0
pune,2023-02-22,2,2.72,22.97,116.3,0
pune,2023-02-23,2,1.89,24.34,146.5,0
pune,2023-02-24,2,2.37,19.19,38.6,0
pune,2023-02-25,2,0.85,24.78,76.8,0
pune,2023-02-26,2,3.14,21.7,61.0,0
pune,2023-02-27,2,1.08,25.93,137.4,0
pune,2023-02-28,2,1.13,20.08,76.3,0
pune,2023-03-01,3,1.41,30.73,160.5,0
pune,2023-03-02,3,3.98,28.5,95.6,0
pune,2023-03-03,3,1.97,29.86,95.5,0
pune,2023-03-04,3,1.26,31.92,52.3,0
pune,2023-03-05,3,1.6,32.29,72.5,0
pune,2023-03-06,3,4.34,33.39,79.8,0
pune,2023-03-07,3,1.43,31.92,127.6,0
pune,2023-03-08,3,0.77,33.92,105.4,0
pune,2023-03-09,3,1.51,32.68,102.5,0
pune,2023-03-10,3,0.47,29.26,89.5,0
pune,2023-03-11,3,0.94,32.84,78.9,0
pune,2023-03-12,3,4.21,34.05,95.2,0
pune,2023-03-13,3,1.4,33.84,117.3,0
pune,2023-03-14,3,0.98,30.95,80.3,0
pune,2023-03-15,3,1.76,29.15,105.9,0
pune,2023-03-16,3,1.24,31.16,96.7,0
pune,2023-03-17,3,2.75,34.71,81.8,0
pune,2023-03-18,3,1.42,30.69,104.5,0
pune,2023-03-19,3,0.52,31.09,94.9,0
pune,2023-03-20,3,1.69,31.28,23.5,0
pune,2023-03-21,3,3.59,34.03,113.7,0
pune,2023-03-22,3,0.98,35.05,84.4,0
pune,2023-03-23,3,1.4,31.36,74.6,0
pune,2023-03-24,3,0.49,32.2,99.3,0
pune,2023-03-25,3,1.69,31.61,65.3,0
pune,2023-03-26,3,0.3,32.04,104.6,0
pune,2023-03-27,3,0.99,33.51,82.9,0
pune,2023-03-28,3,2.08,32.78,97.4,0
pune,2023-03-29,3,0.95,28.19,74.6,0
pune,2023-03-30,3,3.05,30.67,62.6,0
pune,2023-03-31,3,0.9,30.02,74.6,0
pune,2023-04-01,4,0.81,41.2,111.2,0
pune,2023-04-02,4,1.51,38.37,98.5,0
pune,2023-04-03,4,1.3,39.36,126.0,0
pune,2023-04-04,4,0.37,36.83,43.1,0
pune,2023-04-05,4,1.74,36.54,85.9,0
pune,2023-04-06,4,3.49,39.15,103.6,0
pune,2023-04-07,4,1.86,39.27,86.1,0
pune,2023-04-08,4,1.9,33.63,99.3,0
pune,2023-04-09,4,1.31,37.43,131.7,0
pune,2023-04-10,4,1.17,37.85,89.1,0
pune,2023-04-11,4,1.63,38.43,109.8,0
pune,2023-04-12,4,1.04,42.57,130.1,1
pune,2023-04-13,4,3.99,39.09,66.3,0
pune,2023-04-14,4,1.62,37.41,91.2,0
pune,2023-04-15,4,1.46,39.26,48.5,0
pune,2023-04-16,4,4.23,36.72,76.7,0
pune,2023-04-17,4,0.69,36.12,127.7,0
pune,2023-04-18,4,4.29,37.25,124.7,0
pune,2023-04-19,4,1.1,37.7,152.9,0
pune,2023-04-20,4,1.57,36.81,56.1,0
pune,2023-04-21,4,0.32,35.01,46.7,0
pune,2023-04-22,4,0.93,40.37,68.0,0
pune,2023-04-23,4,1.03,40.61,91.4,0
pune,2023-04-24,4,0.69,38.57,79.5,0
pune,2023-04-25,4,2.59,36.67,102.8,0
pune,2023-04-26,4,0.7,39.02,66.1,0
pune,2023-04-27,4,1.62,43.26,98.1,1
pune,2023-04-28,4,1.26,38.24,59.5,0
pune,2023-04-29,4,1.65,35.95,62.3,0
pune,2023-04-30,4,1.18,38.88,73.4,0
pune,2023-05-01,5,1.36,40.85,96.1,0
pune,2023-05-02,5,2.03,47.07,66.1,1
pune,2023-05-03,5,2.14,44.04,127.2,1
pune,2023-05-04,5,2.26,43.4,64.3,1
pune,2023-05-05,5,1.75,42.48,120.9,1
pune,2023-05-06,5,3.01,41.71,53.6,0
pune,2023-05-07,5,1.66,45.86,73.6,1
pune,2023-05-08,5,3.91,43.4,95.1,1
pune,2023-05-09,5,0.43,42.81,66.2,1
pune,2023-05-10,5,1.18,42.91,88.0,1
pune,2023-05-11,5,1.21,45.05,108.3,1
pune,2023-05-12,5,1.61,45.34,112.5,1
pune,2023-05-13,5,1.2,40.25,109.6,0
pune,2023-05-14,5,1.75,44.31,109.4,1
pune,2023-05-15,5,3.01,41.08,92.6,0
pune,2023-05-16,5,2.12,44.63,147.5,1
pune,2023-05-17,5,1.58,45.27,53.7,1
pune,2023-05-18,5,1.57,45.52,121.8,1
pune,2023-05-19,5,0.28,42.37,133.8,1
pune,2023-05-20,5,1.04,40.99,113.6,0
pune,2023-05-21,5,1.65,43.37,114.7,1
pune,2023-05-22,5,1.57,42.65,80.3,1
pune,2023-05-23,5,3.91,40.03,103.6,0
pune,2023-05-24,5,1.05,40.76,29.9,0
pune,2023-05-25,5,2.51,45.72,36.4,1
pune,2023-05-26,5,0.51,47.03,77.1,1
pune,2023-05-27,5,2.24,44.64,133.5,1
pune,2023-05-28,5,1.14,47.56,78.3,1
pune,2023-05-29,5,1.39,44.93,74.8,1
pune,2023-05-30,5,1.33,45.95,99.1,1
pune,2023-05-31,5,1.85,43.05,74.6,1
pune,2023-06-01,6,34.24,37.14,117.9,0
pune,2023-06-02,6,12.95,36.55,93.8,0
pune,2023-06-03,6,7.49,38.78,145.1,0
pune,2023-06-04,6,9.21,36.21,114.8,0
pune,2023-06-05,6,31.1,41.69,74.7,0
pune,2023-06-06,6,10.76,38.0,71.5,0
pune,2023-06-07,6,20.56,38.73,113.7,0
pune,2023-06-08,6,7.0,36.57,146.0,0
pune,2023-06-09,6,2.65,35.8,72.9,0
pune,2023-06-10,6,27.01,40.34,103.9,0
pune,2023-06-11,6,16.52,37.41,64.3,0
pune,2023-06-12,6,9.65,39.17,78.6,0
pune,2023-06-13,6,22.09,40.74,84.6,0
pune,2023-06-14,6,21.23,37.78,29.5,0
pune,2023-06-15,6,15.81,36.6,153.1,0
pune,2023-06-16,6,12.33,40.17,131.1,0
pune,2023-06-17,6,9.06,39.72,77.4,0
pune,2023-06-18,6,34.88,41.74,61.0,0
pune,2023-06-19,6,26.95,37.85,97.0,0
pune,2023-06-20,6,8.88,38.84,91.1,0
pune,2023-06-21,6,6.68,37.54,57.0,0
pune,2023-06-22,6,11.56,39.89,80.9,0
pune,2023-06-23,6,20.05,39.25,101.8,0
pune,2023-06-24,6,20.65,39.86,20.0,0
pune,2023-06-25,6,12.66,38.07,65.6,0
pune,2023-06-26,6,2.89,35.92,73.5,0
pune,2023-06-27,6,8.36,38.44,115.1,0
pune,2023-06-28,6,6.06,37.42,88.2,0
pune,2023-06-29,6,14.43,41.14,105.1,0
pune,2023-06-30,6,47.0,36.93,106.1,0
pune,2023-07-01,7,48.45,30.06,81.9,0
pune,2023-07-02,7,4.18,32.21,75.9,0
pune,2023-07-03,7,4.27,28.19,100.6,0
pune,2023-07-04,7,3.63,31.88,108.5,0
pune,2023-07-05,7,37.95,27.78,81.5,0
pune,2023-07-06,7,24.98,32.72,47.3,0
pune,2023-07-07,7,6.31,33.64,67.2,0
pune,2023-07-08,7,7.79,30.41,99.8,0
pune,2023-07-09,7,45.77,29.21,74.4,0
pune,2023-07-10,7,19.22,33.51,167.6,0
pune,2023-07-11,7,1.96,31.6,106.3,0
pune,2023-07-12,7,21.56,33.7,64.0,0
pune,2023-07-13,7,18.73,30.96,105.3,0
pune,2023-07-14,7,22.04,29.94,92.1,0
pune,2023-07-15,7,2.47,29.82,114.8,0
pune,2023-07-16,7,20.66,30.91,104.8,0
pune,2023-07-17,7,10.25,33.65,118.5,0
pune,2023-07-18,7,27.36,34.48,99.6,0
pune,2023-07-19,7,45.47,33.82,64.3,0
pune,2023-07-20,7,13.62,29.69,99.0,0
pune,2023-07-21,7,59.07,33.35,59.2,1
pune,2023-07-22,7,14.45,36.4,115.9,0
pune,2023-07-23,7,25.97,34.7,28.1,0
pune,2023-07-24,7,31.93,31.59,100.9,0
pune,2023-07-25,7,21.54,33.43,103.4,0
pune,2023-07-26,7,7.55,31.47,57.5,0
pune,2023-07-27,7,16.6,32.97,70.3,0
pune,2023-07-28,7,7.39,33.31,116.9,0
pune,2023-07-29,7,9.43,30.53,133.2,0
pune,2023-07-30,7,32.86,31.12,91.3,0
pune,2023-07-31,7,18.54,30.19,99.2,0
pune,2023-08-01,8,18.84,32.02,75.2,0
pune,2023-08-02,8,43.08,31.71,46.9,0
pune,2023-08-03,8,21.27,29.68,150.2,0
pune,2023-08-04,8,31.52,31.2,102.0,0
pune,2023-08-05,8,37.48,31.08,81.1,0
pune,2023-08-06,8,27.45,36.12,74.1,0
pune,2023-08-07,8,12.58,29.77,78.5,0
pune,2023-08-08,8,17.7,31.02,99.0,0
pune,2023-08-09,8,5.56,31.64,117.0,0
pune,2023-08-10,8,2.36,32.26,96.4,0
pune,2023-08-11,8,10.61,35.99,73.2,0
pune,2023-08-12,8,15.19,34.21,89.0,0
pune,2023-08-13,8,18.12,32.66,105.7,0
pune,2023-08-14,8,10.96,27.46,42.3,0
pune,2023-08-15,8,8.76,30.88,20.0,0
pune,2023-08-16,8,37.79,26.75,85.1,0
pune,2023-08-17,8,15.31,32.48,91.5,0
pune,2023-08-18,8,8.7,29.92,65.6,0
pune,2023-08-19,8,24.29,36.03,133.8,0
pune,2023-08-20,8,16.14,32.38,118.2,0
pune,2023-08-21,8,22.78,37.49,95.2,0
pune,2023-08-22,8,21.42,35.1,134.6,0
pune,2023-08-23,8,1.78,31.99,78.2,0
pune,2023-08-24,8,14.74,33.41,79.0,0
pune,2023-08-25,8,5.9,36.44,103.0,0
pune,2023-08-26,8,17.67,33.09,63.0,0
pune,2023-08-27,8,8.69,28.69,102.6,0
pune,2023-08-28,8,21.62,32.44,86.6,0
pune,2023-08-29,8,16.89,32.13,103.8,0
pune,2023-08-30,8,20.59,34.46,49.9,0
pune,2023-08-31,8,39.65,32.73,126.5,0
pune,2023-09-01,9,11.16,31.25,45.8,0
pune,2023-09-02,9,3.41,33.13,128.5,0
pune,2023-09-03,9,5.7,34.38,130.0,0
pune,2023-09-04,9,9.17,32.52,98.5,0
pune,2023-09-05,9,13.28,32.76,107.0,0
pune,2023-09-06,9,24.67,30.79,65.9,0
pune,2023-09-07,9,1.3,32.99,80.2,0
pune,2023-09-08,9,19.96,28.98,71.8,0
pune,2023-09-09,9,12.31,27.84,66.1,0
pune,2023-09-10,9,17.09,31.89,70.0,0
pune,2023-09-11,9,13.61,30.07,86.8,0
pune,2023-09-12,9,4.74,28.91,96.4,0
pune,2023-09-13,9,5.17,34.44,111.6,0
pune,2023-09-14,9,10.67,29.54,135.8,0
pune,2023-09-15,9,22.47,34.48,59.0,0
pune,2023-09-16,9,6.4,32.86,98.5,0
pune,2023-09-17,9,10.48,31.84,110.6,0
pune,2023-09-18,9,2.97,35.21,137.7,0
pune,2023-09-19,9,5.76,33.17,112.5,0
pune,2023-09-20,9,8.6,31.7,129.5,0
pune,2023-09-21,9,7.23,32.69,108.7,0
pune,2023-09-22,9,23.31,32.66,44.4,0
pune,2023-09-23,9,6.23,36.04,105.8,0
pune,2023-09-24,9,3.61,29.66,82.5,0
pune,2023-09-25,9,27.53,34.85,104.6,0
pune,2023-09-26,9,9.12,31.65,53.5,0
pune,2023-09-27,9,18.67,32.35,90.0,0
pune,2023-09-28,9,1.87,31.89,107.3,0
pune,2023-09-29,9,14.74,33.82,68.4,0
pune,2023-09-30,9,10.95,32.13,90.5,0
pune,2023-10-01,10,0.31,28.81,135.9,0
pune,2023-10-02,10,0.4,33.73,202.3,0
pune,2023-10-03,10,1.32,31.23,140.0,0
pune,2023-10-04,10,1.55,32.64,129.5,0
pune,2023-10-05,10,1.86,30.82,146.9,0
pune,2023-10-06,10,0.67,31.29,91.9,0
pune,2023-10-07,10,1.52,30.49,191.9,0
pune,2023-10-08,10,1.21,30.59,148.3,0
pune,2023-10-09,10,2.03,30.68,104.5,0
pune,2023-10-10,10,1.14,29.98,186.0,0
pune,2023-10-11,10,1.35,31.19,150.0,0
pune,2023-10-12,10,1.79,32.66,141.0,0
pune,2023-10-13,10,1.19,33.0,83.8,0
pune,2023-10-14,10,1.01,26.89,163.2,0
pune,2023-10-15,10,0.42,30.89,156.9,0
pune,2023-10-16,10,2.32,31.68,121.3,0
pune,2023-10-17,10,0.9,32.73,143.4,0
pune,2023-10-18,10,1.73,32.56,130.1,0
pune,2023-10-19,10,2.03,32.4,123.1,0
pune,2023-10-20,10,0.77,34.68,99.8,0
pune,2023-10-21,10,0.82,32.52,90.3,0
pune,2023-10-22,10,0.61,30.3,176.6,0
pune,2023-10-23,10,0.2,27.96,151.3,0
pune,2023-10-24,10,2.28,33.09,127.5,0
pune,2023-10-25,10,0.82,29.58,131.6,0
pune,2023-10-26,10,0.29,31.6,136.5,0
pune,2023-10-27,10,0.87,30.64,143.7,0
pune,2023-10-28,10,2.62,35.18,163.5,0
pune,2023-10-29,10,1.07,28.7,105.5,0
pune,2023-10-30,10,1.38,32.17,166.6,0
pune,2023-10-31,10,2.23,32.68,140.8,0
pune,2023-11-01,11,1.3,33.33,180.7,0
pune,2023-11-02,11,1.01,27.59,147.6,0
pune,2023-11-03,11,1.04,33.35,180.0,0
pune,2023-11-04,11,2.38,33.58,209.8,0
pune,2023-11-05,11,0.69,31.4,168.0,0
pune,2023-11-06,11,0.68,32.87,183.9,0
pune,2023-11-07,11,1.79,32.43,162.0,0
pune,2023-11-08,11,3.5,31.54,179.3,0
pune,2023-11-09,11,0.71,33.82,182.4,0
pune,2023-11-10,11,3.16,32.17,205.5,0
pune,2023-11-11,11,0.17,32.06,172.8,0
pune,2023-11-12,11,3.16,31.88,152.7,0
pune,2023-11-13,11,4.58,31.04,180.8,0
pune,2023-11-14,11,0.43,32.97,153.9,0
pune,2023-11-15,11,3.31,33.12,184.7,0
pune,2023-11-16,11,1.89,33.65,153.8,0
pune,2023-11-17,11,0.83,34.69,159.3,0
pune,2023-11-18,11,1.53,30.61,188.5,0
pune,2023-11-19,11,2.71,32.9,200.0,0
pune,2023-11-20,11,0.86,34.79,117.7,0
pune,2023-11-21,11,2.19,28.92,199.8,0
pune,2023-11-22,11,2.8,32.73,150.0,0
pune,2023-11-23,11,0.39,31.63,160.6,0
pune,2023-11-24,11,0.96,32.85,224.7,0
pune,2023-11-25,11,1.11,32.26,227.8,0
pune,2023-11-26,11,2.48,33.71,218.8,0
pune,2023-11-27,11,1.54,30.83,184.7,0
pune,2023-11-28,11,4.3,30.57,185.7,0
pune,2023-11-29,11,2.4,34.05,190.4,0
pune,2023-11-30,11,0.6,30.43,203.6,0
pune,2023-12-01,12,0.43,24.46,199.6,0
pune,2023-12-02,12,1.55,23.78,207.3,0
pune,2023-12-03,12,2.13,21.85,220.3,0
pune,2023-12-04,12,0.67,21.54,266.0,0
pune,2023-12-05,12,2.34,25.65,221.6,0
pune,2023-12-06,12,2.03,22.02,212.7,0
pune,2023-12-07,12,0.71,18.72,288.5,0
pune,2023-12-08,12,1.2,21.38,230.8,0
pune,2023-12-09,12,2.35,22.96,216.3,0
pune,2023-12-10,12,1.48,24.09,172.8,0
pune,2023-12-11,12,2.45,19.59,235.7,0
pune,2023-12-12,12,2.43,24.26,211.9,0
pune,2023-12-13,12,2.09,17.83,185.5,0
pune,2023-12-14,12,0.53,21.0,197.3,0
pune,2023-12-15,12,1.1,21.66,227.8,0
pune,2023-12-16,12,1.78,23.32,260.0,0
pune,2023-12-17,12,0.91,19.88,272.3,0
pune,2023-12-18,12,2.06,21.17,250.4,0
pune,2023-12-19,12,2.47,23.97,205.5,0
pune,2023-12-20,12,2.17,24.82,213.8,0
pune,2023-12-21,12,1.64,20.79,215.9,0
pune,2023-12-22,12,0.63,20.79,248.9,0
pune,2023-12-23,12,0.35,22.6,276.9,0
pune,2023-12-24,12,1.37,23.26,218.9,0
pune,2023-12-25,12,2.03,22.18,170.1,0
pune,2023-12-26,12,1.49,21.43,204.9,0
pune,2023-12-27,12,0.96,25.25,263.6,0
pune,2023-12-28,12,2.25,20.59,203.2,0
pune,2023-12-29,12,3.06,21.17,213.4,0
pune,2023-12-30,12,0.83,21.85,192.3,0
pune,2023-12-31,12,1.37,21.99,199.8,0
pune,2024-01-01,1,1.4,22.43,266.7,0
pune,2024-01-02,1,0.15,21.69,176.5,0
pune,2024-01-03,1,1.58,19.1,276.0,0
pune,2024-01-04,1,3.74,22.35,274.1,0
pune,2024-01-05,1,1.02,20.03,243.3,0
pune,2024-01-06,1,6.46,22.96,233.5,0
pune,2024-01-07,1,1.44,19.39,254.2,0
pune,2024-01-08,1,0.51,24.0,251.9,0
pune,2024-01-09,1,3.52,25.98,256.3,0
pune,2024-01-10,1,1.9,23.6,287.4,0
pune,2024-01-11,1,0.17,18.58,198.6,0
pune,2024-01-12,1,1.3,23.32,251.2,0
pune,2024-01-13,1,0.92,24.29,234.9,0
pune,2024-01-14,1,0.16,16.44,277.5,0
pune,2024-01-15,1,0.61,24.09,219.0,0
pune,2024-01-16,1,1.77,21.88,225.9,0
pune,2024-01-17,1,0.96,25.02,267.7,0
pune,2024-01-18,1,2.38,23.51,219.2,0
pune,2024-01-19,1,0.84,20.26,233.3,0
pune,2024-01-20,1,2.23,21.33,234.5,0
pune,2024-01-21,1,0.91,20.9,265.9,0
pune,2024-01-22,1,1.67,20.07,243.7,0
pune,2024-01-23,1,1.75,22.77,252.4,0
pune,2024-01-24,1,1.47,22.89,262.1,0
pune,2024-01-25,1,1.18,20.27,296.2,0
pune,2024-01-26,1,2.68,14.13,290.5,0
pune,2024-01-27,1,0.5,19.78,282.3,0
pune,2024-01-28,1,0.74,22.43,259.6,0
pune,2024-01-29,1,1.7,18.62,279.9,0
pune,2024-01-30,1,0.58,19.77,279.3,0
pune,2024-01-31,1,0.43,22.95,322.2,0
pune,2024-02-01,2,0.57,22.32,78.6,0
pune,2024-02-02,2,1.45,21.65,140.4,0
pune,2024-02-03,2,0.98,21.24,67.0,0
pune,2024-02-04,2,0.34,22.03,111.6,0
pune,2024-02-05,2,3.3,22.3,156.8,0
pune,2024-02-06,2,1.1,23.71,63.7,0
pune,2024-02-07,2,2.09,27.09,87.0,0
pune,2024-02-08,2,0.87,21.75,89.9,0
pune,2024-02-09,2,0.14,22.63,157.2,0
pune,2024-02-10,2,0.18,21.24,69.3,0
pune,2024-02-11,2,0.69,21.94,87.6,0
pune,2024-02-12,2,0.38,23.75,125.5,0
pune,2024-02-13,2,0.82,26.55,80.1,0
pune,2024-02-14,2,3.14,22.41,93.5,0
pune,2024-02-15,2,2.04,23.59,116.9,0
pune,2024-02-16,2,1.21,22.79,117.1,0
pune,2024-02-17,2,1.66,21.28,87.1,0
pune,2024-02-18,2,0.52,21.99,100.1,0
pune,2024-02-19,2,0.68,21.81,91.0,0
pune,2024-02-20,2,2.62,25.8,98.8,0
pune,2024-02-21,2,1.92,21.54,41.2,0
pune,2024-02-22,2,1.52,23.39,116.3,0
pune,2024-02-23,2,1.16,20.93,121.8,0
pune,2024-02-24,2,1.03,25.37,97.2,0
pune,2024-02-25,2,1.22,24.7,75.4,0
pune,2024-02-26,2,1.01,21.43,144.9,0
pune,2024-02-27,2,4.75,22.33,73.8,0
pune,2024-02-28,2,1.55,25.25,129.2,0
pune,2024-02-29,2,0.2,23.99,57.5,0
pune,2024-03-01,3,1.0,31.52,81.3,0
pune,2024-03-02,3,1.83,34.08,35.6,0
pune,2024-03-03,3,0.31,32.15,141.3,0
pune,2024-03-04,3,2.86,31.33,69.6,0
pune,2024-03-05,3,1.27,32.34,97.4,0
pune,2024-03-06,3,0.81,32.88,67.6,0
pune,2024-03-07,3,0.47,33.81,29.6,0
pune,2024-03-08,3,0.21,31.0,44.6,0
pune,2024-03-09,3,1.66,32.12,82.6,0
pune,2024-03-10,3,1.9,30.26,65.3,0
pune,2024-03-11,3,1.33,30.39,95.0,0
pune,2024-03-12,3,1.41,34.35,89.8,0
pune,2024-03-13,3,1.58,30.48,116.1,0
pune,2024-03-14,3,2.13,33.02,69.9,0
pune,2024-03-15,3,0.27,29.45,89.0,0
pune,2024-03-16,3,2.02,26.05,92.2,0
pune,2024-03-17,3,3.03,34.19,108.0,0
pune,2024-03-18,3,2.64,29.27,110.2,0
pune,2024-03-19,3,1.01,35.44,109.2,0
pune,2024-03-20,3,6.53,31.06,86.0,0
pune,2024-03-21,3,0.66,32.25,92.9,0
pune,2024-03-22,3,1.29,30.7,91.1,0
pune,2024-03-23,3,1.22,35.52,64.8,0
pune,2024-03-24,3,0.91,30.35,95.9,0
pune,2024-03-25,3,1.31,32.48,123.1,0
pune,2024-03-26,3,1.79,30.21,125.9,0
pune,2024-03-27,3,2.36,33.14,110.3,0
pune,2024-03-28,3,1.93,30.46,133.4,0
pune,2024-03-29,3,0.96,33.0,116.3,0
pune,2024-03-30,3,1.59,33.9,80.2,0
pune,2024-03-31,3,0.81,31.53,141.9,0
pune,2024-04-01,4,3.47,36.39,60.9,0
pune,2024-04-02,4,0.14,36.74,128.2,0
pune,2024-04-03,4,2.05,38.15,113.2,0
pune,2024-04-04,4,1.55,42.01,134.9,1
pune,2024-04-05,4,1.14,40.15,112.1,0
pune,2024-04-06,4,0.14,40.26,89.4,0
pune,2024-04-07,4,0.08,38.47,50.9,0
pune,2024-04-08,4,0.3,39.37,88.1,0
pune,2024-04-09,4,2.39,38.29,62.5,0
pune,2024-04-10,4,0.27,42.11,66.9,1
pune,2024-04-11,4,0.65,39.16,114.5,0
pune,2024-04-12,4,1.68,38.16,146.8,0
pune,2024-04-13,4,1.22,39.09,61.7,0
pune,2024-04-14,4,0.3,39.62,56.0,0
pune,2024-04-15,4,0.26,38.53,80.1,0
pune,2024-04-16,4,2.55,40.97,53.9,0
pune,2024-04-17,4,1.16,39.2,58.8,0
pune,2024-04-18,4,0.56,38.32,101.6,0
pune,2024-04-19,4,0.76,35.44,62.4,0
pune,2024-04-20,4,1.29,37.63,137.1,0
pune,2024-04-21,4,0.65,38.83,101.9,0
pune,2024-04-22,4,0.13,37.37,84.3,0
pune,2024-04-23,4,5.62,38.67,88.6,0
pune,2024-04-24,4,1.19,34.75,100.9,0
pune,2024-04-25,4,2.0,37.61,108.9,0
pune,2024-04-26,4,1.24,37.33,140.7,0
pune,2024-04-27,4,0.6,38.97,27.0,0
pune,2024-04-28,4,0.12,39.47,110.2,0
pune,2024-04-29,4,0.74,38.0,125.1,0
pune,2024-04-30,4,2.55,42.66,67.7,1
pune,2024-05-01,5,0.42,43.46,108.8,1
pune,2024-05-02,5,1.31,43.27,101.5,1
pune,2024-05-03,5,0.68,42.0,78.1,1
pune,2024-05-04,5,1.21,42.26,99.6,1
pune,2024-05-05,5,0.19,42.74,84.9,1
pune,2024-05-06,5,0.36,45.77,91.6,1
pune,2024-05-07,5,0.75,40.56,20.0,0
pune,2024-05-08,5,2.05,45.22,100.2,1
pune,2024-05-09,5,0.26,43.4,87.1,1
pune,2024-05-10,5,4.75,37.72,101.6,0
pune,2024-05-11,5,1.07,39.54,56.3,0
pune,2024-05-12,5,0.7,43.13,70.7,1
pune,2024-05-13,5,1.35,42.79,96.2,1
pune,2024-05-14,5,1.17,47.07,105.2,1
pune,2024-05-15,5,1.57,42.34,113.3,1
pune,2024-05-16,5,1.15,43.64,81.3,1
pune,2024-05-17,5,6.8,41.87,68.3,0
pune,2024-05-18,5,0.5,41.03,104.7,0
pune,2024-05-19,5,1.8,42.57,30.3,1
pune,2024-05-20,5,2.97,40.86,37.5,0
pune,2024-05-21,5,0.97,44.59,110.9,1
pune,2024-05-22,5,2.14,45.64,79.5,1
pune,2024-05-23,5,0.19,43.34,74.6,1
pune,2024-05-24,5,0.9,43.48,111.1,1
pune,2024-05-25,5,0.93,43.99,67.2,1
pune,2024-05-26,5,1.26,42.82,87.6,1
pune,2024-05-27,5,0.92,42.88,67.0,1
pune,2024-05-28,5,0.64,42.56,120.5,1
pune,2024-05-29,5,0.94,44.86,120.8,1
pune,2024-05-30,5,0.25,40.93,112.4,0
pune,2024-05-31,5,0.51,45.83,145.6,1
pune,2024-06-01,6,18.93,39.43,113.3,0
pune,2024-06-02,6,7.73,42.38,52.5,1
pune,2024-06-03,6,13.74,41.58,70.2,0
pune,2024-06-04,6,17.9,37.46,135.0,0
pune,2024-06-05,6,9.74,36.57,43.6,0
pune,2024-06-06,6,22.0,35.11,107.2,0
pune,2024-06-07,6,35.63,36.32,68.8,0
pune,2024-06-08,6,16.25,33.54,68.3,0
pune,2024-06-09,6,19.16,35.81,59.5,0
pune,2024-06-10,6,24.77,39.6,105.3,0
pune,2024-06-11,6,15.94,39.79,123.8,0
pune,2024-06-12,6,6.76,38.17,88.5,0
pune,2024-06-13,6,11.43,40.62,55.8,0
pune,2024-06-14,6,9.75,40.89,74.6,0
pune,2024-06-15,6,24.12,40.28,72.3,0
pune,2024-06-16,6,8.29,40.33,87.1,0
pune,2024-06-17,6,8.12,37.24,115.7,0
pune,2024-06-18,6,30.37,37.06,119.1,0
pune,2024-06-19,6,10.45,36.28,67.5,0
pune,2024-06-20,6,3.33,37.85,132.3,0
pune,2024-06-21,6,18.1,41.73,117.8,0
pune,2024-06-22,6,27.14,41.47,119.6,0
pune,2024-06-23,6,24.4,37.79,80.2,0
pune,2024-06-24,6,21.93,35.07,130.3,0
pune,2024-06-25,6,9.95,40.98,59.9,0
pune,2024-06-26,6,7.12,41.65,123.2,0
pune,2024-06-27,6,14.66,38.47,84.9,0
pune,2024-06-28,6,9.07,42.32,170.2,1
pune,2024-06-29,6,34.56,39.36,53.4,0
pune,2024-06-30,6,6.2,42.7,144.2,1
pune,2024-07-01,7,28.28,30.08,88.2,0
pune,2024-07-02,7,13.37,27.69,98.6,0
pune,2024-07-03,7,7.99,30.38,88.4,0
pune,2024-07-04,7,16.35,31.93,87.5,0
pune,2024-07-05,7,2.29,35.04,115.9,0
pune,2024-07-06,7,9.59,31.34,86.7,0
pune,2024-07-07,7,43.49,32.54,86.2,0
pune,2024-07-08,7,43.84,36.92,91.4,0
pune,2024-07-09,7,10.33,36.1,78.4,0
pune,2024-07-10,7,3.69,31.93,122.1,0
pune,2024-07-11,7,6.27,33.33,35.4,0
pune,2024-07-12,7,20.71,33.62,72.9,0
pune,2024-07-13,7,35.2,32.67,128.3,0
pune,2024-07-14,7,8.2,30.93,56.0,0
pune,2024-07-15,7,27.33,29.1,59.9,0
pune,2024-07-16,7,9.57,28.12,55.9,0
pune,2024-07-17,7,26.41,29.46,69.7,0
pune,2024-07-18,7,16.04,31.9,100.3,0
pune,2024-07-19,7,7.19,36.33,87.5,0
pune,2024-07-20,7,8.31,32.1,81.5,0
pune,2024-07-21,7,13.36,32.74,67.6,0
pune,2024-07-22,7,29.84,29.2,42.3,0
pune,2024-07-23,7,20.8,33.88,108.3,0
pune,2024-07-24,7,17.27,31.51,56.9,0
pune,2024-07-25,7,18.59,31.16,89.3,0
pune,2024-07-26,7,9.16,28.21,61.0,0
pune,2024-07-27,7,16.74,32.18,53.2,0
pune,2024-07-28,7,11.42,28.66,76.6,0
pune,2024-07-29,7,11.12,30.24,91.9,0
pune,2024-07-30,7,26.51,31.24,95.0,0
pune,2024-07-31,7,30.77,33.68,77.7,0
pune,2024-08-01,8,17.36,31.22,63.7,0
pune,2024-08-02,8,14.63,33.39,88.6,0
pune,2024-08-03,8,6.73,30.65,96.3,0
pune,2024-08-04,8,9.22,30.52,98.1,0
pune,2024-08-05,8,11.83,31.81,77.1,0
pune,2024-08-06,8,17.74,31.17,63.4,0
pune,2024-08-07,8,23.11,31.31,39.6,0
pune,2024-08-08,8,24.74,33.53,85.7,0
pune,2024-08-09,8,17.71,35.06,133.1,0
pune,2024-08-10,8,16.01,30.97,112.7,0
pune,2024-08-11,8,22.58,30.33,114.9,0
pune,2024-08-12,8,21.29,31.92,69.6,0
pune,2024-08-13,8,8.39,32.26,106.2,0
pune,2024-08-14,8,28.78,29.2,56.1,0
pune,2024-08-15,8,18.53,31.34,88.6,0
pune,2024-08-16,8,17.86,32.04,73.4,0
pune,2024-08-17,8,18.69,35.83,133.9,0
pune,2024-08-18,8,21.8,34.65,87.0,0
pune,2024-08-19,8,26.56,31.33,56.0,0
pune,2024-08-20,8,3.41,32.99,133.4,0
pune,2024-08-21,8,21.19,30.24,95.1,0
pune,2024-08-22,8,12.54,33.01,91.0,0
pune,2024-08-23,8,10.68,32.34,96.9,0
pune,2024-08-24,8,15.49,32.69,20.0,0
pune,2024-08-25,8,19.58,33.19,95.6,0
pune,2024-08-26,8,30.15,32.57,25.3,0
pune,2024-08-27,8,17.8,30.37,86.8,0
pune,2024-08-28,8,15.72,31.55,116.9,0
pune,2024-08-29,8,48.56,30.3,85.6,0
pune,2024-08-30,8,47.73,30.46,76.2,0
pune,2024-08-31,8,19.38,36.71,72.4,0
pune,2024-09-01,9,9.31,30.11,154.3,0
pune,2024-09-02,9,26.51,30.13,115.2,0
pune,2024-09-03,9,9.55,33.91,97.0,0
pune,2024-09-04,9,7.01,33.55,77.3,0
pune,2024-09-05,9,2.56,31.92,55.6,0
pune,2024-09-06,9,16.5,31.14,51.5,0
pune,2024-09-07,9,5.85,31.06,99.3,0
pune,2024-09-08,9,7.56,28.55,20.0,0
pune,2024-09-09,9,2.07,31.04,157.7,0
pune,2024-09-10,9,32.89,34.72,63.4,0
pune,2024-09-11,9,12.03,32.17,132.1,0
pune,2024-09-12,9,19.28,28.22,111.1,0
pune,2024-09-13,9,28.39,29.51,98.7,0
pune,2024-09-14,9,8.17,31.22,77.2,0
pune,2024-09-15,9,7.79,32.08,83.5,0
pune,2024-09-16,9,2.94,29.53,85.5,0
pune,2024-09-17,9,4.52,29.32,143.8,0
pune,2024-09-18,9,21.1,28.93,37.8,0
pune,2024-09-19,9,13.46,28.14,130.1,0
pune,2024-09-20,9,6.14,32.22,161.8,0
pune,2024-09-21,9,17.5,30.14,151.9,0
pune,2024-09-22,9,6.66,32.15,98.2,0
pune,2024-09-23,9,1.96,32.31,139.7,0
pune,2024-09-24,9,9.8,31.75,152.1,0
pune,2024-09-25,9,1.39,30.96,129.0,0
pune,2024-09-26,9,2.34,32.53,69.6,0
pune,2024-09-27,9,0.64,34.96,130.6,0
pune,2024-09-28,9,5.93,31.35,94.5,0
pune,2024-09-29,9,2.88,33.52,107.9,0
pune,2024-09-30,9,4.77,35.17,121.7,0
pune,2024-10-01,10,0.96,28.92,171.0,0
pune,2024-10-02,10,1.88,31.34,180.0,0
pune,2024-10-03,10,0.81,35.96,151.1,0
pune,2024-10-04,10,0.52,31.07,147.2,0
pune,2024-10-05,10,0.53,33.69,171.2,0
pune,2024-10-06,10,1.37,31.06,151.2,0
pune,2024-10-07,10,0.92,32.23,169.9,0
pune,2024-10-08,10,1.53,32.35,145.4,0
pune,2024-10-09,10,0.3,32.85,103.9,0
pune,2024-10-10,10,2.13,36.17,66.3,0
pune,2024-10-11,10,2.17,33.43,164.9,0
pune,2024-10-12,10,2.9,31.63,102.2,0
pune,2024-10-13,10,2.08,30.87,133.0,0
pune,2024-10-14,10,1.62,30.4,165.9,0
pune,2024-10-15,10,1.4,34.76,136.9,0
pune,2024-10-16,10,0.19,33.72,155.8,0
pune,2024-10-17,10,0.32,33.17,147.2,0
pune,2024-10-18,10,2.01,30.06,199.0,0
pune,2024-10-19,10,1.36,29.55,132.8,0
pune,2024-10-20,10,0.56,31.77,118.9,0
pune,2024-10-21,10,1.8,30.96,163.5,0
pune,2024-10-22,10,0.72,31.36,101.0,0
pune,2024-10-23,10,0.85,32.11,171.0,0
pune,2024-10-24,10,2.46,32.78,72.2,0
pune,2024-10-25,10,3.4,30.27,141.8,0
pune,2024-10-26,10,0.71,33.81,125.6,0
pune,2024-10-27,10,0.96,32.69,185.9,0
pune,2024-10-28,10,0.86,26.95,138.8,0
pune,2024-10-29,10,1.15,32.34,163.6,0
pune,2024-10-30,10,0.93,32.93,124.3,0
pune,2024-10-31,10,1.89,30.66,137.6,0
pune,2024-11-01,11,1.56,32.59,173.6,0
pune,2024-11-02,11,2.27,32.79,190.4,0
pune,2024-11-03,11,1.55,34.85,142.4,0
pune,2024-11-04,11,0.48,30.44,177.4,0
pune,2024-11-05,11,0.29,30.93,213.8,0
pune,2024-11-06,11,1.39,32.69,178.7,0
pune,2024-11-07,11,1.82,36.12,166.6,0
pune,2024-11-08,11,4.35,30.05,160.3,0
pune,2024-11-09,11,2.95,32.58,160.5,0
pune,2024-11-10,11,2.39,30.69,195.2,0
pune,2024-11-11,11,1.45,29.31,208.5,0
pune,2024-11-12,11,0.76,31.99,216.0,0
pune,2024-11-13,11,1.01,34.01,187.0,0
pune,2024-11-14,11,2.67,29.88,163.2,0
pune,2024-11-15,11,0.43,31.74,172.6,0
pune,2024-11-16,11,0.41,27.84,171.2,0
pune,2024-11-17,11,2.05,30.57,180.2,0
pune,2024-11-18,11,2.27,31.54,148.9,0
pune,2024-11-19,11,2.62,34.45,186.2,0
pune,2024-11-20,11,3.82,29.3,162.0,0
pune,2024-11-21,11,1.88,35.37,180.4,0
pune,2024-11-22,11,0.47,31.97,278.9,0
pune,2024-11-23,11,0.31,31.78,208.5,0
pune,2024-11-24,11,2.49,26.18,184.3,0
pune,2024-11-25,11,1.72,36.49,196.7,0
pune,2024-11-26,11,2.65,35.61,177.8,0
pune,2024-11-27,11,1.06,33.31,172.6,0
pune,2024-11-28,11,0.34,31.84,179.2,0
pune,2024-11-29,11,1.12,30.43,173.3,0
pune,2024-11-30,11,1.23,28.14,217.4,0
pune,2024-12-01,12,1.13,23.72,178.2,0
pune,2024-12-02,12,2.51,21.58,232.5,0
pune,2024-12-03,12,0.62,20.94,208.3,0
pune,2024-12-04,12,1.68,20.12,198.8,0
pune,2024-12-05,12,1.09,23.06,226.7,0
pune,2024-12-06,12,1.94,22.59,225.0,0
pune,2024-12-07,12,2.41,21.71,240.6,0
pune,2024-12-08,12,0.8,19.1,256.8,0
pune,2024-12-09,12,2.09,21.47,245.2,0
pune,2024-12-10,12,0.75,20.42,237.4,0
pune,2024-12-11,12,1.82,23.68,178.3,0
pune,2024-12-12,12,0.76,21.75,237.4,0
pune,2024-12-13,12,0.58,21.72,233.8,0
pune,2024-12-14,12,1.73,23.64,273.2,0
pune,2024-12-15,12,0.79,24.81,241.0,0
pune,2024-12-16,12,0.5,22.12,203.7,0
pune,2024-12-17,12,0.31,24.81,211.3,0
pune,2024-12-18,12,1.02,22.44,219.0,0
pune,2024-12-19,12,0.18,24.11,238.4,0
pune,2024-12-20,12,0.76,22.48,226.0,0
pune,2024-12-21,12,0.5,22.51,229.8,0
pune,2024-12-22,12,0.52,20.8,248.9,0
pune,2024-12-23,12,2.6,23.07,228.1,0
pune,2024-12-24,12,0.23,23.9,241.6,0
pune,2024-12-25,12,0.62,21.47,212.7,0
pune,2024-12-26,12,0.69,20.0,273.9,0
pune,2024-12-27,12,0.72,23.52,196.4,0
pune,2024-12-28,12,0.41,22.51,257.0,0
pune,2024-12-29,12,2.36,23.25,284.1,0
pune,2024-12-30,12,2.93,25.81,205.7,0
pune,2024-12-31,12,0.6,25.39,216.2,0
pune,2025-01-01,1,0.48,19.97,273.0,0
pune,2025-01-02,1,0.59,19.47,301.8,0
pune,2025-01-03,1,2.27,21.59,258.9,0
pune,2025-01-04,1,3.33,22.37,243.3,0
pune,2025-01-05,1,1.38,19.57,279.0,0
pune,2025-01-06,1,1.01,17.73,272.1,0
pune,2025-01-07,1,0.06,19.47,255.1,0
pune,2025-01-08,1,0.54,18.25,286.0,0
pune,2025-01-09,1,0.74,20.61,238.6,0
pune,2025-01-10,1,1.26,21.49,266.0,0
pune,2025-01-11,1,0.65,21.65,264.1,0
pune,2025-01-12,1,3.31,18.93,227.7,0
pune,2025-01-13,1,1.59,22.69,280.1,0
pune,2025-01-14,1,0.91,26.37,281.5,0
pune,2025-01-15,1,0.42,19.27,251.1,0
pune,2025-01-16,1,0.52,20.9,223.2,0
pune,2025-01-17,1,3.46,21.8,269.4,0
pune,2025-01-18,1,2.24,21.89,242.5,0
pune,2025-01-19,1,1.12,20.54,252.5,0
pune,2025-01-20,1,0.57,22.06,286.8,0
pune,2025-01-21,1,0.69,20.97,264.7,0
pune,2025-01-22,1,2.34,23.41,221.7,0
pune,2025-01-23,1,1.52,24.19,311.6,0
pune,2025-01-24,1,1.99,22.52,249.5,0
pune,2025-01-25,1,0.23,19.04,260.4,0
pune,2025-01-26,1,1.19,24.69,262.5,0
pune,2025-01-27,1,1.87,20.74,262.0,0
pune,2025-01-28,1,1.29,19.99,339.6,0
pune,2025-01-29,1,1.43,23.94,262.4,0
pune,2025-01-30,1,0.67,17.91,269.0,0
pune,2025-01-31,1,2.21,21.76,253.0,0
pune,2025-02-01,2,1.66,22.8,87.3,0
pune,2025-02-02,2,0.16,26.08,111.9,0
pune,2025-02-03,2,1.48,21.57,82.2,0
pune,2025-02-04,2,2.34,21.54,64.6,0
pune,2025-02-05,2,0.29,21.17,93.3,0
pune,2025-02-06,2,6.61,19.67,107.7,0
pune,2025-02-07,2,1.28,27.27,106.4,0
pune,2025-02-08,2,2.17,20.09,95.7,0
pune,2025-02-09,2,1.13,22.35,96.3,0
pune,2025-02-10,2,1.99,23.88,92.8,0
pune,2025-02-11,2,0.71,23.05,67.2,0
pune,2025-02-12,2,0.41,23.11,117.5,0
pune,2025-02-13,2,0.83,23.43,118.2,0
pune,2025-02-14,2,1.46,23.41,96.8,0
pune,2025-02-15,2,0.68,26.98,47.2,0
pune,2025-02-16,2,0.98,21.95,118.5,0
pune,2025-02-17,2,3.23,23.58,132.0,0
pune,2025-02-18,2,1.02,20.13,108.3,0
pune,2025-02-19,2,5.29,22.78,72.3,0
pune,2025-02-20,2,2.79,20.22,68.7,0
pune,2025-02-21,2,5.4,22.7,101.8,0
pune,2025-02-22,2,0.52,23.1,137.7,0
pune,2025-02-23,2,0.85,19.65,104.3,0
pune,2025-02-24,2,2.19,22.6,41.9,0
pune,2025-02-25,2,1.35,22.05,125.0,0
pune,2025-02-26,2,2.97,20.25,101.6,0
pune,2025-02-27,2,3.45,22.95,124.4,0
pune,2025-02-28,2,2.06,27.53,81.1,0
pune,2025-03-01,3,2.2,29.13,83.5,0
pune,2025-03-02,3,2.38,31.99,83.5,0
pune,2025-03-03,3,1.49,31.19,92.6,0
pune,2025-03-04,3,1.77,32.28,114.0,0
pune,2025-03-05,3,1.41,31.13,157.8,0
pune,2025-03-06,3,2.86,29.05,91.2,0
pune,2025-03-07,3,0.15,33.79,74.4,0
pune,2025-03-08,3,2.52,32.12,41.9,0
pune,2025-03-09,3,0.71,33.34,89.1,0
pune,2025-03-10,3,4.16,33.39,86.6,0
pune,2025-03-11,3,0.43,33.75,80.3,0
pune,2025-03-12,3,1.54,30.17,73.0,0
pune,2025-03-13,3,0.74,35.97,161.8,0
pune,2025-03-14,3,2.14,32.14,97.9,0
pune,2025-03-15,3,1.12,35.46,65.3,0
pune,2025-03-16,3,0.55,31.53,106.6,0
pune,2025-03-17,3,2.18,29.6,64.9,0
pune,2025-03-18,3,1.14,30.89,85.8,0
pune,2025-03-19,3,3.11,31.76,126.3,0
pune,2025-03-20,3,1.16,34.99,150.4,0
pune,2025-03-21,3,1.56,33.9,32.7,0
pune,2025-03-22,3,0.71,30.82,79.1,0
pune,2025-03-23,3,1.19,33.1,107.1,0
pune,2025-03-24,3,0.72,31.42,90.5,0
pune,2025-03-25,3,0.12,31.38,50.7,0
pune,2025-03-26,3,3.38,33.44,49.9,0
pune,2025-03-27,3,2.91,33.45,110.3,0
pune,2025-03-28,3,1.23,33.91,72.2,0
pune,2025-03-29,3,1.62,32.14,111.5,0
pune,2025-03-30,3,2.11,30.68,114.4,0
pune,2025-03-31,3,1.07,29.99,158.6,0
pune,2025-04-01,4,1.26,37.81,60.4,0
pune,2025-04-02,4,0.97,36.04,70.6,0
pune,2025-04-03,4,0.35,36.93,68.2,0
pune,2025-04-04,4,2.79,36.17,96.4,0
pune,2025-04-05,4,1.83,38.64,73.4,0
pune,2025-04-06,4,0.18,38.89,140.5,0
pune,2025-04-07,4,1.99,35.93,97.6,0
pune,2025-04-08,4,1.61,36.42,29.7,0
pune,2025-04-09,4,0.59,39.48,89.0,0
pune,2025-04-10,4,2.96,36.82,178.6,0
pune,2025-04-11,4,1.79,34.83,83.2,0
pune,2025-04-12,4,2.51,39.89,75.8,0
pune,2025-04-13,4,1.16,39.42,130.3,0
pune,2025-04-14,4,0.71,36.79,71.2,0
pune,2025-04-15,4,0.46,35.4,160.2,0
pune,2025-04-16,4,1.09,38.91,101.1,0
pune,2025-04-17,4,0.47,41.88,80.2,0
pune,2025-04-18,4,1.01,38.86,94.3,0
pune,2025-04-19,4,2.17,37.65,72.6,0
pune,2025-04-20,4,1.28,36.48,80.4,0
pune,2025-04-21,4,0.3,41.89,106.7,0
pune,2025-04-22,4,1.14,37.07,65.4,0
pune,2025-04-23,4,2.09,32.65,68.1,0
pune,2025-04-24,4,2.08,40.28,86.3,0
pune,2025-04-25,4,2.05,40.57,78.5,0
pune,2025-04-26,4,0.58,36.39,70.0,0
pune,2025-04-27,4,0.68,39.83,99.8,0
pune,2025-04-28,4,2.43,39.43,32.3,0
pune,2025-04-29,4,1.94,42.47,77.6,1
pune,2025-04-30,4,2.86,37.46,118.8,0
pune,2025-05-01,5,0.34,45.95,101.4,1
pune,2025-05-02,5,3.75,39.96,101.9,0
pune,2025-05-03,5,2.13,40.22,70.4,0
pune,2025-05-04,5,0.14,46.32,147.6,1
pune,2025-05-05,5,1.1,42.03,58.6,1
pune,2025-05-06,5,1.83,43.06,136.1,1
pune,2025-05-07,5,0.41,47.63,96.1,1
pune,2025-05-08,5,1.4,42.53,53.4,1
pune,2025-05-09,5,0.75,46.95,63.2,1
pune,2025-05-10,5,1.17,42.3,134.2,1
pune,2025-05-11,5,0.25,44.66,85.7,1
pune,2025-05-12,5,2.33,43.5,85.2,1
pune,2025-05-13,5,0.84,42.5,87.8,1
pune,2025-05-14,5,0.47,41.79,65.5,0
pune,2025-05-15,5,2.22,39.96,55.5,0
pune,2025-05-16,5,0.29,44.35,116.3,1
pune,2025-05-17,5,2.18,45.42,41.6,1
pune,2025-05-18,5,1.63,44.1,74.1,1
pune,2025-05-19,5,0.66,44.32,135.0,1
pune,2025-05-20,5,0.87,43.47,63.6,1
pune,2025-05-21,5,2.12,44.56,124.5,1
pune,2025-05-22,5,1.33,45.85,80.2,1
pune,2025-05-23,5,1.02,42.88,59.7,1
pune,2025-05-24,5,2.03,37.41,125.8,0
pune,2025-05-25,5,3.92,41.98,67.4,0
pune,2025-05-26,5,1.13,40.56,116.0,0
pune,2025-05-27,5,1.92,45.32,105.0,1
pune,2025-05-28,5,1.17,39.71,111.3,0
pune,2025-05-29,5,0.16,41.62,61.6,0
pune,2025-05-30,5,1.98,43.4,105.4,1
pune,2025-05-31,5,2.9,42.29,67.7,1
pune,2025-06-01,6,7.16,39.0,83.6,0
pune,2025-06-02,6,15.71,36.61,42.2,0
pune,2025-06-03,6,32.31,41.88,113.5,0
pune,2025-06-04,6,26.1,41.23,157.6,0
pune,2025-06-05,6,15.9,40.39,143.2,0
pune,2025-06-06,6,8.86,37.4,93.6,0
pune,2025-06-07,6,14.5,37.44,80.9,0
pune,2025-06-08,6,14.26,37.94,124.9,0
pune,2025-06-09,6,5.91,36.09,55.2,0
pune,2025-06-10,6,12.8,34.25,28.2,0
pune,2025-06-11,6,5.85,41.71,123.4,0
pune,2025-06-12,6,7.23,36.26,80.7,0
pune,2025-06-13,6,8.14,39.09,66.7,0
pune,2025-06-14,6,21.21,38.93,72.0,0
pune,2025-06-15,6,10.06,38.52,92.6,0
pune,2025-06-16,6,15.21,41.93,55.1,0
pune,2025-06-17,6,10.94,38.16,88.2,0
pune,2025-06-18,6,15.41,36.48,116.6,0
pune,2025-06-19,6,5.46,38.71,113.0,0
pune,2025-06-20,6,20.76,39.98,83.4,0
pune,2025-06-21,6,1.53,37.92,33.7,0
pune,2025-06-22,6,37.68,37.85,46.9,0
pune,2025-06-23,6,59.26,37.63,79.9,1
pune,2025-06-24,6,10.89,41.29,62.3,0
pune,2025-06-25,6,19.44,34.24,44.1,0
pune,2025-06-26,6,16.32,38.46,77.9,0
pune,2025-06-27,6,2.38,40.26,90.1,0
pune,2025-06-28,6,11.92,40.75,86.0,0
pune,2025-06-29,6,13.42,40.0,100.9,0
pune,2025-06-30,6,12.57,38.81,75.1,0
pune,2025-07-01,7,7.25,30.84,117.0,0
pune,2025-07-02,7,15.47,29.4,185.0,0
pune,2025-07-03,7,9.48,31.73,149.4,0
pune,2025-07-04,7,25.24,33.06,92.4,0
pune,2025-07-05,7,14.46,28.71,79.1,0
pune,2025-07-06,7,11.14,30.43,145.5,0
pune,2025-07-07,7,7.49,31.71,74.8,0
pune,2025-07-08,7,16.6,34.33,36.3,0
pune,2025-07-09,7,17.04,32.71,146.8,0
pune,2025-07-10,7,42.78,33.17,20.0,0
pune,2025-07-11,7,27.52,31.47,56.5,0
pune,2025-07-12,7,5.41,29.34,81.4,0
pune,2025-07-13,7,13.21,31.7,96.1,0
pune,2025-07-14,7,2.86,30.47,57.4,0
pune,2025-07-15,7,19.57,31.96,133.3,0
pune,2025-07-16,7,4.05,34.26,64.2,0
pune,2025-07-17,7,6.2,32.7,58.6,0
pune,2025-07-18,7,36.8,28.8,94.1,0
pune,2025-07-19,7,31.97,32.99,73.5,0
pune,2025-07-20,7,6.18,34.93,101.9,0
pune,2025-07-21,7,37.73,34.53,83.5,0
pune,2025-07-22,7,9.51,31.48,42.5,0
pune,2025-07-23,7,5.62,31.63,97.8,0
pune,2025-07-24,7,30.54,32.62,80.3,0
pune,2025-07-25,7,37.35,34.92,61.4,0
pune,2025-07-26,7,12.07,32.77,75.1,0
pune,2025-07-27,7,24.74,27.41,88.8,0
pune,2025-07-28,7,5.23,34.54,63.0,0
pune,2025-07-29,7,35.37,33.06,106.1,0
pune,2025-07-30,7,12.99,32.57,57.4,0
pune,2025-07-31,7,21.48,33.41,53.0,0
pune,2025-08-01,8,6.69,35.1,66.5,0
pune,2025-08-02,8,20.1,30.8,88.7,0
pune,2025-08-03,8,2.39,29.01,96.7,0
pune,2025-08-04,8,7.15,34.11,150.1,0
pune,2025-08-05,8,11.19,31.4,58.8,0
pune,2025-08-06,8,45.57,31.1,93.7,0
pune,2025-08-07,8,32.91,35.17,92.5,0
pune,2025-08-08,8,11.31,32.13,59.0,0
pune,2025-08-09,8,7.06,35.1,97.4,0
pune,2025-08-10,8,5.0,27.86,113.0,0
pune,2025-08-11,8,12.49,30.76,76.4,0
pune,2025-08-12,8,20.82,30.97,102.8,0
pune,2025-08-13,8,14.44,30.36,108.1,0
pune,2025-08-14,8,8.16,34.41,136.0,0
pune,2025-08-15,8,39.62,30.93,96.0,0
pune,2025-08-16,8,51.2,30.95,67.5,1
pune,2025-08-17,8,10.76,35.35,96.5,0
pune,2025-08-18,8,28.54,31.4,77.0,0
pune,2025-08-19,8,6.85,30.18,100.4,0
pune,2025-08-20,8,21.28,33.21,107.2,0
pune,2025-08-21,8,4.68,32.96,54.8,0
pune,2025-08-22,8,60.17,33.67,85.1,1
pune,2025-08-23,8,11.29,31.58,82.7,0
pune,2025-08-24,8,7.45,32.44,90.6,0
pune,2025-08-25,8,9.04,29.43,134.9,0
pune,2025-08-26,8,24.13,33.3,48.9,0
pune,2025-08-27,8,4.4,32.3,99.7,0
pune,2025-08-28,8,14.1,33.06,99.6,0
pune,2025-08-29,8,20.29,32.53,139.1,0
pune,2025-08-30,8,11.54,31.0,59.4,0
pune,2025-08-31,8,5.15,30.27,125.1,0
pune,2025-09-01,9,8.65,28.4,60.6,0
pune,2025-09-02,9,8.86,31.71,86.8,0
pune,2025-09-03,9,12.82,30.03,58.1,0
pune,2025-09-04,9,14.04,32.06,81.0,0
pune,2025-09-05,9,20.85,29.96,65.5,0
pune,2025-09-06,9,5.9,34.0,102.9,0
pune,2025-09-07,9,7.47,33.61,114.0,0
pune,2025-09-08,9,0.56,31.69,85.9,0
pune,2025-09-09,9,4.76,32.35,55.9,0
pune,2025-09-10,9,3.06,33.45,90.8,0
pune,2025-09-11,9,15.42,34.51,142.3,0
pune,2025-09-12,9,6.45,28.68,97.5,0
pune,2025-09-13,9,15.35,30.23,91.7,0
pune,2025-09-14,9,19.95,31.7,82.0,0
pune,2025-09-15,9,4.84,30.46,77.7,0
pune,2025-09-16,9,14.83,29.76,108.0,0
pune,2025-09-17,9,32.0,32.28,40.6,0
pune,2025-09-18,9,7.98,31.23,72.8,0
pune,2025-09-19,9,4.38,31.59,72.8,0
pune,2025-09-20,9,30.23,30.93,107.5,0
pune,2025-09-21,9,2.34,32.45,91.8,0
pune,2025-09-22,9,7.47,30.18,132.3,0
pune,2025-09-23,9,4.54,32.8,95.4,0
pune,2025-09-24,9,6.92,31.89,99.5,0
pune,2025-09-25,9,12.5,31.56,95.4,0
pune,2025-09-26,9,16.61,30.58,89.3,0
pune,2025-09-27,9,12.83,33.39,90.5,0
pune,2025-09-28,9,2.2,30.96,89.8,0
pune,2025-09-29,9,18.52,29.82,94.0,0
pune,2025-09-30,9,22.89,33.54,85.5,0
pune,2025-10-01,10,2.09,31.71,103.7,0
pune,2025-10-02,10,0.7,30.15,159.6,0
pune,2025-10-03,10,0.14,34.49,150.0,0
pune,2025-10-04,10,0.45,28.84,123.2,0
pune,2025-10-05,10,0.99,34.3,185.5,0
pune,2025-10-06,10,1.04,32.22,158.4,0
pune,2025-10-07,10,0.63,30.98,126.8,0
pune,2025-10-08,10,0.87,31.44,148.5,0
pune,2025-10-09,10,1.29,30.86,120.6,0
pune,2025-10-10,10,0.86,31.04,216.1,0
pune,2025-10-11,10,3.13,31.42,193.0,0
pune,2025-10-12,10,0.41,30.27,119.1,0
pune,2025-10-13,10,0.21,33.18,106.6,0
pune,2025-10-14,10,3.1,31.09,143.2,0
pune,2025-10-15,10,0.35,34.52,185.3,0
pune,2025-10-16,10,0.55,33.88,154.2,0
pune,2025-10-17,10,0.84,34.34,152.1,0
pune,2025-10-18,10,1.56,33.02,145.3,0
pune,2025-10-19,10,2.52,31.72,142.1,0
pune,2025-10-20,10,1.33,28.78,197.3,0
pune,2025-10-21,10,0.61,34.34,147.0,0
pune,2025-10-22,10,1.88,30.17,77.6,0
pune,2025-10-23,10,0.77,30.77,166.8,0
pune,2025-10-24,10,0.33,29.6,165.0,0
pune,2025-10-25,10,2.12,34.49,162.6,0
pune,2025-10-26,10,0.78,31.43,168.8,0
pune,2025-10-27,10,3.06,32.53,173.6,0
pune,2025-10-28,10,2.13,28.99,123.5,0
pune,2025-10-29,10,1.53,33.14,162.7,0
pune,2025-10-30,10,1.35,31.46,99.6,0
pune,2025-10-31,10,2.01,27.9,173.0,0
pune,2025-11-01,11,1.79,32.73,198.3,0
pune,2025-11-02,11,4.36,32.59,128.1,0
pune,2025-11-03,11,1.63,31.2,171.9,0
pune,2025-11-04,11,0.69,27.12,162.3,0
pune,2025-11-05,11,0.68,33.11,162.9,0
pune,2025-11-06,11,0.07,33.11,170.7,0
pune,2025-11-07,11,2.26,28.39,198.7,0
pune,2025-11-08,11,2.03,34.32,211.0,0
pune,2025-11-09,11,4.45,34.53,187.2,0
pune,2025-11-10,11,0.76,34.21,174.3,0
pune,2025-11-11,11,2.31,29.54,185.8,0
pune,2025-11-12,11,1.29,28.62,203.5,0
pune,2025-11-13,11,2.35,32.91,122.4,0
pune,2025-11-14,11,0.82,31.53,212.3,0
pune,2025-11-15,11,2.58,28.7,183.5,0
pune,2025-11-16,11,0.27,31.51,176.6,0
pune,2025-11-17,11,3.06,32.18,196.0,0
pune,2025-11-18,11,0.32,33.38,175.6,0
pune,2025-11-19,11,1.17,32.23,165.4,0
pune,2025-11-20,11,0.82,34.76,240.2,0
pune,2025-11-21,11,3.51,29.35,177.2,0
pune,2025-11-22,11,0.96,32.27,95.7,0
pune,2025-11-23,11,0.76,34.81,189.1,0
pune,2025-11-24,11,1.55,33.87,164.0,0
pune,2025-11-25,11,1.04,30.87,165.7,0
pune,2025-11-26,11,0.85,33.29,194.5,0
pune,2025-11-27,11,2.05,30.46,148.0,0
pune,2025-11-28,11,0.74,29.49,171.7,0
pune,2025-11-29,11,3.48,30.99,161.0,0
pune,2025-11-30,11,0.44,33.32,243.9,0
pune,2025-12-01,12,0.04,19.93,268.6,0
pune,2025-12-02,12,3.14,24.06,255.5,0
pune,2025-12-03,12,4.05,20.66,218.1,0
pune,2025-12-04,12,1.31,22.23,205.8,0
pune,2025-12-05,12,2.26,23.71,182.9,0
pune,2025-12-06,12,1.07,25.06,147.9,0
pune,2025-12-07,12,0.92,22.94,253.4,0
pune,2025-12-08,12,1.34,25.11,241.6,0
pune,2025-12-09,12,1.53,24.85,195.3,0
pune,2025-12-10,12,0.43,23.44,222.2,0
pune,2025-12-11,12,1.97,23.94,267.4,0
pune,2025-12-12,12,1.02,21.1,209.1,0
pune,2025-12-13,12,5.38,22.34,227.7,0
pune,2025-12-14,12,0.6,20.95,255.0,0
pune,2025-12-15,12,1.02,23.99,217.1,0
pune,2025-12-16,12,0.62,23.89,224.8,0
pune,2025-12-17,12,2.23,21.89,213.0,0
pune,2025-12-18,12,2.01,26.08,213.3,0
pune,2025-12-19,12,0.08,23.36,255.4,0
pune,2025-12-20,12,1.53,20.51,216.0,0
pune,2025-12-21,12,3.29,20.96,262.8,0
pune,2025-12-22,12,1.26,19.44,229.7,0
pune,2025-12-23,12,2.86,19.68,177.3,0
pune,2025-12-24,12,2.04,23.26,205.4,0
pune,2025-12-25,12,1.48,22.54,257.9,0
pune,2025-12-26,12,3.64,22.84,195.3,0
pune,2025-12-27,12,0.94,20.29,273.9,0
pune,2025-12-28,12,1.07,20.55,224.9,0
pune,2025-12-29,12,1.98,22.05,259.0,0
pune,2025-12-30,12,0.61,21.98,248.0,0
chennai,2023-01-01,1,5.45,20.49,256.3,0
chennai,2023-01-02,1,1.74,23.59,257.1,0
chennai,2023-01-03,1,1.59,21.59,270.7,0
chennai,2023-01-04,1,1.72,18.18,248.2,0
chennai,2023-01-05,1,4.66,19.96,293.6,0
chennai,2023-01-06,1,7.5,20.82,259.7,0
chennai,2023-01-07,1,2.97,20.29,270.0,0
chennai,2023-01-08,1,1.83,23.93,237.5,0
chennai,2023-01-09,1,1.21,19.98,274.2,0
chennai,2023-01-10,1,4.26,21.92,271.0,0
chennai,2023-01-11,1,1.12,15.42,243.8,0
chennai,2023-01-12,1,1.88,22.14,267.8,0
chennai,2023-01-13,1,2.17,18.64,259.8,0
chennai,2023-01-14,1,4.21,17.85,253.1,0
chennai,2023-01-15,1,1.41,20.8,227.1,0
chennai,2023-01-16,1,1.96,20.97,288.1,0
chennai,2023-01-17,1,2.77,18.22,239.6,0
chennai,2023-01-18,1,2.97,22.18,262.8,0
chennai,2023-01-19,1,0.93,21.22,184.9,0
chennai,2023-01-20,1,2.22,20.17,236.3,0
chennai,2023-01-21,1,2.97,21.57,278.7,0
chennai,2023-01-22,1,5.03,21.25,246.8,0
chennai,2023-01-23,1,0.98,21.81,267.4,0
chennai,2023-01-24,1,2.86,24.14,284.1,0
chennai,2023-01-25,1,1.14,15.71,250.6,0
chennai,2023-01-26,1,8.77,20.27,255.1,0
chennai,2023-01-27,1,1.43,23.38,201.5,0
chennai,2023-01-28,1,3.29,23.37,281.7,0
chennai,2023-01-29,1,5.65,20.48,203.9,0
chennai,2023-01-30,1,1.66,18.46,272.3,0
chennai,2023-01-31,1,2.16,20.18,234.9,0
chennai,2023-02-01,2,0.3,24.26,94.9,0
chennai,2023-02-02,2,0.05,26.62,72.6,0
chennai,2023-02-03,2,3.05,26.69,62.8,0
chennai,2023-02-04,2,1.46,21.58,20.0,0
chennai,2023-02-05,2,4.76,23.8,92.5,0
chennai,2023-02-06,2,0.94,27.89,103.3,0
chennai,2023-02-07,2,5.11,23.2,99.8,0
chennai,2023-02-08,2,6.05,21.15,89.4,0
chennai,2023-02-09,2,1.74,26.09,89.8,0
chennai,2023-02-10,2,2.89,22.97,85.6,0
chennai,2023-02-11,2,1.06,20.56,68.2,0
chennai,2023-02-12,2,0.85,26.06,111.3,0
chennai,2023-02-13,2,3.85,19.86,154.3,0
chennai,2023-02-14,2,1.26,22.52,118.8,0
chennai,2023-02-15,2,0.26,25.47,53.3,0
chennai,2023-02-16,2,2.58,24.08,126.6,0
chennai,2023-02-17,2,9.19,21.13,34.3,0
chennai,2023-02-18,2,3.48,27.94,92.2,0
chennai,2023-02-19,2,1.43,25.26,51.9,0
chennai,2023-02-20,2,1.51,21.32,69.1,0
chennai,2023-02-21,2,2.73,22.15,71.1,0
chennai,2023-02-22,2,0.94,22.84,104.1,0
chennai,2023-02-23,2,1.41,23.02,91.7,0
chennai,2023-02-24,2,2.11,20.45,127.3,0
chennai,2023-02-25,2,7.23,21.82,96.8,0
chennai,2023-02-26,2,4.07,21.14,115.8,0
chennai,2023-02-27,2,2.29,26.11,49.2,0
chennai,2023-02-28,2,1.47,25.72,134.4,0
chennai,2023-03-01,3,1.68,30.73,74.3,0
chennai,2023-03-02,3,1.57,31.59,69.2,0
chennai,2023-03-03,3,0.41,30.83,54.5,0
chennai,2023-03-04,3,3.49,34.41,125.0,0
chennai,2023-03-05,3,3.76,33.02,104.4,0
chennai,2023-03-06,3,1.52,32.44,77.9,0
chennai,2023-03-07,3,4.99,34.42,99.7,0
chennai,2023-03-08,3,2.46,30.89,139.9,0
chennai,2023-03-09,3,4.86,31.28,75.0,0
chennai,2023-03-10,3,1.99,32.08,54.8,0
chennai,2023-03-11,3,3.81,28.62,97.2,0
chennai,2023-03-12,3,4.16,31.84,79.1,0
chennai,2023-03-13,3,2.43,29.58,70.1,0
chennai,2023-03-14,3,1.23,33.05,34.2,0
chennai,2023-03-15,3,1.17,29.86,41.3,0
chennai,2023-03-16,3,2.63,32.37,113.5,0
chennai,2023-03-17,3,7.86,30.05,93.8,0
chennai,2023-03-18,3,3.45,33.41,71.8,0
chennai,2023-03-19,3,1.1,29.77,90.7,0
chennai,2023-03-20,3,0.76,31.15,113.0,0
chennai,2023-03-21,3,3.12,30.99,92.1,0
chennai,2023-03-22,3,2.71,31.0,86.7,0
chennai,2023-03-23,3,5.53,30.97,69.5,0
chennai,2023-03-24,3,2.83,31.25,101.3,0
chennai,2023-03-25,3,0.87,29.17,99.1,0
chennai,2023-03-26,3,3.65,30.84,76.9,0
chennai,2023-03-27,3,7.23,32.13,103.5,0
chennai,2023-03-28,3,1.83,29.98,83.6,0
chennai,2023-03-29,3,2.75,30.53,109.8,0
chennai,2023-03-30,3,6.52,33.51,121.1,0
chennai,2023-03-31,3,4.58,33.67,79.9,0
chennai,2023-04-01,4,2.5,37.56,102.5,0
chennai,2023-04-02,4,4.44,39.83,102.7,0
chennai,2023-04-03,4,1.98,38.51,67.7,0
chennai,2023-04-04,4,5.75,40.61,88.2,0
chennai,2023-04-05,4,1.59,37.87,92.5,0
chennai,2023-04-06,4,0.28,38.89,101.9,0
chennai,2023-04-07,4,2.66,39.43,86.0,0
chennai,2023-04-08,4,0.27,38.03,110.3,0
chennai,2023-04-09,4,6.34,37.31,121.7,0
chennai,2023-04-10,4,2.84,41.59,58.9,0
chennai,2023-04-11,4,2.2,36.45,69.2,0
chennai,2023-04-12,4,0.93,36.52,69.3,0
chennai,2023-04-13,4,7.87,39.25,130.8,0
chennai,2023-04-14,4,1.45,37.26,93.9,0
chennai,2023-04-15,4,1.23,38.06,57.9,0
chennai,2023-04-16,4,0.13,42.01,80.7,1
chennai,2023-04-17,4,3.89,34.15,126.7,0
chennai,2023-04-18,4,0.47,39.32,140.9,0
chennai,2023-04-19,4,1.84,41.13,56.6,0
chennai,2023-04-20,4,3.65,37.78,92.5,0
chennai,2023-04-21,4,0.66,38.52,35.6,0
chennai,2023-04-22,4,1.59,39.02,103.6,0
chennai,2023-04-23,4,2.92,38.49,58.6,0
chennai,2023-04-24,4,0.32,37.31,68.8,0
chennai,2023-04-25,4,2.15,39.17,81.9,0
chennai,2023-04-26,4,3.98,42.36,127.5,1
chennai,2023-04-27,4,3.79,38.1,110.4,0
chennai,2023-04-28,4,0.79,37.78,67.6,0
chennai,2023-04-29,4,3.82,42.41,127.9,1
chennai,2023-04-30,4,2.59,39.42,125.7,0
chennai,2023-05-01,5,2.8,45.35,126.5,1
chennai,2023-05-02,5,0.16,42.0,86.3,1
chennai,2023-05-03,5,0.89,47.54,108.5,1
chennai,2023-05-04,5,2.47,43.93,152.1,1
chennai,2023-05-05,5,4.26,43.65,58.6,1
chennai,2023-05-06,5,5.29,42.31,80.5,1
chennai,2023-05-07,5,0.86,41.03,62.8,0
chennai,2023-05-08,5,2.49,46.28,28.9,1
chennai,2023-05-09,5,8.56,44.79,123.5,1
chennai,2023-05-10,5,2.18,43.37,70.4,1
chennai,2023-05-11,5,2.46,43.35,66.5,1
chennai,2023-05-12,5,3.09,42.74,80.9,1
chennai,2023-05-13,5,3.47,39.47,129.4,0
chennai,2023-05-14,5,1.54,43.88,67.0,1
chennai,2023-05-15,5,6.5,43.26,146.6,1
chennai,2023-05-16,5,6.23,44.44,89.1,1
chennai,2023-05-17,5,1.6,43.8,81.0,1
chennai,2023-05-18,5,0.67,45.61,160.7,1
chennai,2023-05-19,5,2.23,42.14,83.5,1
chennai,2023-05-20,5,2.07,41.84,78.1,0
chennai,2023-05-21,5,1.1,42.91,108.6,1
chennai,2023-05-22,5,0.43,43.15,83.2,1
chennai,2023-05-23,5,0.85,43.0,85.2,1
chennai,2023-05-24,5,0.36,45.22,100.1,1
chennai,2023-05-25,5,1.46,41.04,76.6,0
chennai,2023-05-26,5,5.62,44.13,84.7,1
chennai,2023-05-27,5,1.6,42.18,130.6,1
chennai,2023-05-28,5,2.35,45.95,118.9,1
chennai,2023-05-29,5,2.71,45.76,96.4,1
chennai,2023-05-30,5,4.38,41.06,113.7,0
chennai,2023-05-31,5,3.12,43.78,65.8,1
chennai,2023-06-01,6,21.71,39.62,106.8,0
chennai,2023-06-02,6,42.58,38.87,108.0,0
chennai,2023-06-03,6,21.51,41.32,80.1,0
chennai,2023-06-04,6,39.16,38.4,34.0,0
chennai,2023-06-05,6,16.42,39.11,91.8,0
chennai,2023-06-06,6,11.6,39.29,68.9,0
chennai,2023-06-07,6,22.17,37.22,50.3,0
chennai,2023-06-08,6,27.25,38.79,111.2,0
chennai,2023-06-09,6,9.99,40.88,96.8,0
chennai,2023-06-10,6,4.16,42.03,101.0,1
chennai,2023-06-11,6,11.98,39.43,95.1,0
chennai,2023-06-12,6,14.69,38.83,142.6,0
chennai,2023-06-13,6,25.32,39.55,109.8,0
chennai,2023-06-14,6,4.49,37.54,87.4,0
chennai,2023-06-15,6,47.21,37.69,104.3,0
chennai,2023-06-16,6,45.01,40.33,135.2,0
chennai,2023-06-17,6,16.14,35.36,62.7,0
chennai,2023-06-18,6,4.85,38.07,102.8,0
chennai,2023-06-19,6,40.0,38.02,52.2,0
chennai,2023-06-20,6,27.3,35.18,101.6,0
chennai,2023-06-21,6,21.56,38.09,93.5,0
chennai,2023-06-22,6,15.12,38.62,135.3,0
chennai,2023-06-23,6,29.33,38.2,31.5,0
chennai,2023-06-24,6,31.29,36.67,93.3,0
chennai,2023-06-25,6,50.38,41.26,82.0,1
chennai,2023-06-26,6,14.36,39.21,65.2,0
chennai,2023-06-27,6,19.64,37.48,109.4,0
chennai,2023-06-28,6,51.23,38.74,145.6,1
chennai,2023-06-29,6,5.02,41.79,85.0,0
chennai,2023-06-30,6,20.31,39.37,121.3,0
chennai,2023-07-01,7,42.39,30.92,22.3,0
chennai,2023-07-02,7,35.1,31.44,72.7,0
chennai,2023-07-03,7,57.43,34.56,99.6,1
chennai,2023-07-04,7,15.42,34.06,77.9,0
chennai,2023-07-05,7,17.15,35.27,112.0,0
chennai,2023-07-06,7,46.06,31.79,81.2,0
chennai,2023-07-07,7,35.51,34.85,94.1,0
chennai,2023-07-08,7,76.45,34.09,91.3,1
chennai,2023-07-09,7,15.27,30.25,79.8,0
chennai,2023-07-10,7,68.87,31.36,111.8,1
chennai,2023-07-11,7,29.63,31.86,92.8,0
chennai,2023-07-12,7,12.58,28.99,52.5,0
chennai,2023-07-13,7,45.87,31.55,40.2,0
chennai,2023-07-14,7,21.87,28.62,41.8,0
chennai,2023-07-15,7,24.97,32.63,142.0,0
chennai,2023-07-16,7,70.55,29.72,71.2,1
chennai,2023-07-17,7,43.63,32.24,84.5,0
chennai,2023-07-18,7,44.34,33.96,119.3,0
chennai,2023-07-19,7,19.96,32.05,112.5,0
chennai,2023-07-20,7,3.57,34.04,119.6,0
chennai,2023-07-21,7,51.17,30.52,73.4,1
chennai,2023-07-22,7,37.54,26.82,123.6,0
chennai,2023-07-23,7,44.82,29.37,47.6,0
chennai,2023-07-24,7,16.56,34.0,83.6,0
chennai,2023-07-25,7,19.12,32.05,145.2,0
chennai,2023-07-26,7,20.55,31.24,90.8,0
chennai,2023-07-27,7,35.8,32.63,84.2,0
chennai,2023-07-28,7,41.77,33.14,112.7,0
chennai,2023-07-29,7,18.64,30.15,97.6,0
chennai,2023-07-30,7,90.16,29.22,75.7,1
chennai,2023-07-31,7,44.25,32.52,145.0,0
chennai,2023-08-01,8,37.77,33.59,105.2,0
chennai,2023-08-02,8,75.06,31.38,72.1,1
chennai,2023-08-03,8,16.62,34.58,129.8,0
chennai,2023-08-04,8,22.47,31.21,66.3,0
chennai,2023-08-05,8,4.33,31.77,103.0,0
chennai,2023-08-06,8,79.24,32.4,109.6,1
chennai,2023-08-07,8,17.2,29.15,46.6,0
chennai,2023-08-08,8,13.01,34.03,70.0,0
chennai,2023-08-09,8,6.55,35.4,85.5,0
chennai,2023-08-10,8,13.29,32.05,81.8,0
chennai,2023-08-11,8,28.95,29.64,75.0,0
chennai,2023-08-12,8,28.96,33.38,63.2,0
chennai,2023-08-13,8,68.63,33.37,52.2,1
chennai,2023-08-14,8,15.74,30.81,106.4,0
chennai,2023-08-15,8,46.93,31.39,54.4,0
chennai,2023-08-16,8,7.21,31.24,113.6,0
chennai,2023-08-17,8,26.6,30.0,65.4,0
chennai,2023-08-18,8,58.33,30.15,38.3,1
chennai,2023-08-19,8,47.76,31.54,92.0,0
chennai,2023-08-20,8,36.39,31.9,106.2,0
chennai,2023-08-21,8,13.06,33.17,62.3,0
chennai,2023-08-22,8,17.69,32.1,60.7,0
chennai,2023-08-23,8,34.52,29.88,97.6,0
chennai,2023-08-24,8,106.48,33.08,116.6,1
chennai,2023-08-25,8,15.75,30.75,65.3,0
chennai,2023-08-26,8,19.13,32.74,54.5,0
chennai,2023-08-27,8,58.8,29.89,85.3,1
chennai,2023-08-28,8,29.36,33.72,76.6,0
chennai,2023-08-29,8,19.46,32.17,123.8,0
chennai,2023-08-30,8,24.58,31.94,157.2,0
chennai,2023-08-31,8,23.62,29.65,70.4,0
chennai,2023-09-01,9,25.42,34.06,95.1,0
chennai,2023-09-02,9,9.04,34.49,82.6,0
chennai,2023-09-03,9,0.79,32.16,99.0,0
chennai,2023-09-04,9,34.84,30.12,146.2,0
chennai,2023-09-05,9,40.43,33.32,136.9,0
chennai,2023-09-06,9,19.71,32.59,71.4,0
chennai,2023-09-07,9,19.07,32.59,105.5,0
chennai,2023-09-08,9,27.35,30.66,106.5,0
chennai,2023-09-09,9,9.4,29.2,61.8,0
chennai,2023-09-10,9,9.84,31.96,78.2,0
chennai,2023-09-11,9,21.83,32.77,137.6,0
chennai,2023-09-12,9,9.26,32.31,78.2,0
chennai,2023-09-13,9,32.32,33.11,95.3,0
chennai,2023-09-14,9,13.08,33.17,109.7,0
chennai,2023-09-15,9,10.43,31.58,83.7,0
chennai,2023-09-16,9,11.48,34.57,56.4,0
chennai,2023-09-17,9,18.34,31.34,130.5,0
chennai,2023-09-18,9,6.41,32.93,66.7,0
chennai,2023-09-19,9,28.27,34.73,123.2,0
chennai,2023-09-20,9,24.8,32.38,97.6,0
chennai,2023-09-21,9,24.14,35.5,101.5,0
chennai,2023-09-22,9,10.81,29.81,151.5,0
chennai,2023-09-23,9,10.13,26.68,91.4,0
chennai,2023-09-24,9,6.21,29.45,91.6,0
chennai,2023-09-25,9,3.47,32.61,61.8,0
chennai,2023-09-26,9,5.81,30.98,82.0,0
chennai,2023-09-27,9,48.94,31.99,84.8,0
chennai,2023-09-28,9,10.1,29.2,61.2,0
chennai,2023-09-29,9,27.38,32.6,71.1,0
chennai,2023-09-30,9,20.7,31.28,77.8,0
chennai,2023-10-01,10,1.74,30.68,171.1,0
chennai,2023-10-02,10,0.3,33.12,157.9,0
chennai,2023-10-03,10,7.28,33.52,126.2,0
chennai,2023-10-04,10,1.68,31.43,168.0,0
chennai,2023-10-05,10,0.7,29.28,131.2,0
chennai,2023-10-06,10,4.92,32.14,136.9,0
chennai,2023-10-07,10,2.07,32.74,99.4,0
chennai,2023-10-08,10,1.12,35.13,142.4,0
chennai,2023-10-09,10,3.1,31.04,134.9,0
chennai,2023-10-10,10,2.8,27.8,154.3,0
chennai,2023-10-11,10,1.26,28.79,152.0,0
chennai,2023-10-12,10,0.6,31.3,126.4,0
chennai,2023-10-13,10,2.17,29.32,131.3,0
chennai,2023-10-14,10,0.38,35.2,136.2,0
chennai,2023-10-15,10,3.52,32.44,139.0,0
chennai,2023-10-16,10,3.38,31.02,87.2,0
chennai,2023-10-17,10,1.0,29.2,179.9,0
chennai,2023-10-18,10,1.28,33.97,202.8,0
chennai,2023-10-19,10,6.01,34.67,129.5,0
chennai,2023-10-20,10,3.71,28.47,165.6,0
chennai,2023-10-21,10,1.73,30.79,160.9,0
chennai,2023-10-22,10,1.06,33.77,104.5,0
chennai,2023-10-23,10,5.38,33.16,131.2,0
chennai,2023-10-24,10,0.94,30.89,171.8,0
chennai,2023-10-25,10,4.63,31.29,154.3,0
chennai,2023-10-26,10,6.46,31.41,115.0,0
chennai,2023-10-27,10,1.76,27.56,116.3,0
chennai,2023-10-28,10,3.79,33.37,127.7,0
chennai,2023-10-29,10,1.79,31.98,182.5,0
chennai,2023-10-30,10,0.65,33.37,134.1,0
chennai,2023-10-31,10,6.4,30.64,121.6,0
chennai,2023-11-01,11,1.6,31.69,131.9,0
chennai,2023-11-02,11,3.2,28.97,210.1,0
chennai,2023-11-03,11,0.43,32.55,164.1,0
chennai,2023-11-04,11,1.15,31.28,198.8,0
chennai,2023-11-05,11,1.44,32.1,152.0,0
chennai,2023-11-06,11,6.24,33.21,228.4,0
chennai,2023-11-07,11,2.24,31.59,164.9,0
chennai,2023-11-08,11,3.55,29.47,145.5,0
chennai,2023-11-09,11,3.49,32.95,207.2,0
chennai,2023-11-10,11,2.53,29.6,191.7,0
chennai,2023-11-11,11,0.56,32.22,145.9,0
chennai,2023-11-12,11,5.86,30.6,148.1,0
chennai,2023-11-13,11,7.92,31.1,206.9,0
chennai,2023-11-14,11,2.91,32.28,134.8,0
chennai,2023-11-15,11,1.27,34.26,217.4,0
chennai,2023-11-16,11,4.92,31.51,201.5,0
chennai,2023-11-17,11,0.48,32.06,148.2,0
chennai,2023-11-18,11,0.71,29.44,192.7,0
chennai,2023-11-19,11,0.76,31.89,168.6,0
chennai,2023-11-20,11,0.67,31.4,168.2,0
chennai,2023-11-21,11,2.38,31.03,124.2,0
chennai,2023-11-22,11,4.46,30.13,152.4,0
chennai,2023-11-23,11,3.92,34.83,179.9,0
chennai,2023-11-24,11,0.95,30.08,190.3,0
chennai,2023-11-25,11,0.88,30.32,167.3,0
chennai,2023-11-26,11,3.79,29.71,159.7,0
chennai,2023-11-27,11,1.39,33.75,174.2,0
chennai,2023-11-28,11,1.61,29.36,189.0,0
chennai,2023-11-29,11,9.66,31.9,152.4,0
chennai,2023-11-30,11,0.31,32.35,233.9,0
chennai,2023-12-01,12,6.75,23.12,152.3,0
chennai,2023-12-02,12,3.86,21.24,223.7,0
chennai,2023-12-03,12,2.22,22.6,180.4,0
chennai,2023-12-04,12,1.9,20.21,220.6,0
chennai,2023-12-05,12,1.31,23.54,182.6,0
chennai,2023-12-06,12,6.99,24.81,197.4,0
chennai,2023-12-07,12,1.26,18.4,211.2,0
chennai,2023-12-08,12,2.02,22.59,233.5,0
chennai,2023-12-09,12,1.62,19.41,190.9,0
chennai,2023-12-10,12,3.21,20.08,216.5,0
chennai,2023-12-11,12,1.77,20.29,221.0,0
chennai,2023-12-12,12,1.24,20.68,208.6,0
chennai,2023-12-13,12,0.25,21.38,218.8,0
chennai,2023-12-14,12,2.0,22.79,214.0,0
chennai,2023-12-15,12,0.2,24.07,239.3,0
chennai,2023-12-16,12,0.94,20.78,240.8,0
chennai,2023-12-17,12,0.78,22.93,296.1,0
chennai,2023-12-18,12,2.84,20.78,206.5,0
chennai,2023-12-19,12,0.75,20.97,233.9,0
chennai,2023-12-20,12,1.44,24.34,253.7,0
chennai,2023-12-21,12,1.0,19.27,234.4,0
chennai,2023-12-22,12,1.27,19.59,263.0,0
chennai,2023-12-23,12,0.81,20.1,203.3,0
chennai,2023-12-24,12,1.65,22.26,272.5,0
chennai,2023-12-25,12,6.71,21.51,271.6,0
chennai,2023-12-26,12,2.61,26.45,269.3,0
chennai,2023-12-27,12,3.62,21.17,219.9,0
chennai,2023-12-28,12,1.04,21.65,225.1,0
chennai,2023-12-29,12,4.61,22.87,194.9,0
chennai,2023-12-30,12,7.61,22.53,216.0,0
chennai,2023-12-31,12,2.15,23.97,220.7,0
chennai,2024-01-01,1,0.74,24.14,264.4,0
chennai,2024-01-02,1,1.98,17.94,256.7,0
chennai,2024-01-03,1,1.55,21.81,239.2,0
chennai,2024-01-04,1,1.64,24.13,288.9,0
chennai,2024-01-05,1,0.01,23.11,198.4,0
chennai,2024-01-06,1,1.65,19.44,218.2,0
chennai,2024-01-07,1,0.88,21.45,253.5,0
chennai,2024-01-08,1,3.36,20.67,272.2,0
chennai,2024-01-09,1,0.9,18.47,231.4,0
chennai,2024-01-10,1,1.68,22.15,255.4,0
chennai,2024-01-11,1,1.07,24.57,196.9,0
chennai,2024-01-12,1,0.88,18.64,268.8,0
chennai,2024-01-13,1,1.84,22.18,234.3,0
chennai,2024-01-14,1,1.72,17.35,238.1,0
chennai,2024-01-15,1,1.15,19.89,284.6,0
chennai,2024-01-16,1,1.56,16.57,228.1,0
chennai,2024-01-17,1,4.93,23.82,228.8,0
chennai,2024-01-18,1,1.47,19.39,257.4,0
chennai,2024-01-19,1,4.34,20.61,223.6,0
chennai,2024-01-20,1,7.12,17.87,265.9,0
chennai,2024-01-21,1,4.29,20.53,267.9,0
chennai,2024-01-22,1,6.94,20.67,260.7,0
chennai,2024-01-23,1,0.78,22.93,248.4,0
chennai,2024-01-24,1,0.44,22.84,228.2,0
chennai,2024-01-25,1,1.95,20.44,259.6,0
chennai,2024-01-26,1,3.07,20.67,252.6,0
chennai,2024-01-27,1,0.93,22.87,275.6,0
chennai,2024-01-28,1,0.67,20.46,287.6,0
chennai,2024-01-29,1,6.4,19.86,228.2,0
chennai,2024-01-30,1,1.51,23.66,326.3,0
chennai,2024-01-31,1,0.76,20.35,265.0,0
chennai,2024-02-01,2,1.16,23.68,64.8,0
chennai,2024-02-02,2,3.79,27.09,98.1,0
chennai,2024-02-03,2,1.6,22.44,89.4,0
chennai,2024-02-04,2,5.81,22.76,104.7,0
chennai,2024-02-05,2,1.46,21.5,33.9,0
chennai,2024-02-06,2,2.23,25.28,110.5,0
chennai,2024-02-07,2,0.99,24.36,48.1,0
chennai,2024-02-08,2,2.61,18.99,99.5,0
chennai,2024-02-09,2,1.13,25.23,175.4,0
chennai,2024-02-10,2,3.03,15.73,75.4,0
chennai,2024-02-11,2,0.6,21.44,77.0,0
chennai,2024-02-12,2,1.95,23.56,122.3,0
chennai,2024-02-13,2,3.55,24.19,51.3,0
chennai,2024-02-14,2,2.62,19.23,121.7,0
chennai,2024-02-15,2,2.12,28.91,64.3,0
chennai,2024-02-16,2,3.51,23.76,91.0,0
chennai,2024-02-17,2,1.76,25.39,81.9,0
chennai,2024-02-18,2,1.01,22.45,160.4,0
chennai,2024-02-19,2,3.18,22.03,102.3,0
chennai,2024-02-20,2,4.98,20.83,163.6,0
chennai,2024-02-21,2,1.5,27.31,116.1,0
chennai,2024-02-22,2,1.49,24.98,75.1,0
chennai,2024-02-23,2,0.65,22.94,112.6,0
chennai,2024-02-24,2,3.05,21.22,101.8,0
chennai,2024-02-25,2,1.82,21.64,102.7,0
chennai,2024-02-26,2,6.01,25.79,95.8,0
chennai,2024-02-27,2,3.3,22.44,81.4,0
chennai,2024-02-28,2,4.98,19.63,172.3,0
chennai,2024-02-29,2,1.73,25.67,98.0,0
chennai,2024-03-01,3,1.15,31.6,98.6,0
chennai,2024-03-02,3,0.68,35.98,105.0,0
chennai,2024-03-03,3,3.64,33.9,99.7,0
chennai,2024-03-04,3,1.62,34.13,125.4,0
chennai,2024-03-05,3,1.84,31.77,92.1,0
chennai,2024-03-06,3,5.13,36.39,105.4,0
chennai,2024-03-07,3,2.69,33.18,74.8,0
chennai,2024-03-08,3,2.8,30.17,90.5,0
chennai,2024-03-09,3,5.79,32.83,87.5,0
chennai,2024-03-10,3,2.93,29.32,110.8,0
chennai,2024-03-11,3,1.19,32.0,100.2,0
chennai,2024-03-12,3,1.43,32.04,94.6,0
chennai,2024-03-13,3,0.67,35.62,58.0,0
chennai,2024-03-14,3,0.98,32.88,81.7,0
chennai,2024-03-15,3,5.75,29.94,69.9,0
chennai,2024-03-16,3,1.76,30.14,95.1,0
chennai,2024-03-17,3,1.24,32.43,47.3,0
chennai,2024-03-18,3,3.01,31.24,111.2,0
chennai,2024-03-19,3,3.4,30.33,129.7,0
chennai,2024-03-20,3,1.12,32.71,38.5,0
chennai,2024-03-21,3,1.4,28.6,20.0,0
chennai,2024-03-22,3,1.04,34.75,113.2,0
chennai,2024-03-23,3,3.72,31.25,76.1,0
chennai,2024-03-24,3,0.63,30.1,76.7,0
chennai,2024-03-25,3,3.18,32.2,20.9,0
chennai,2024-03-26,3,4.06,32.52,96.7,0
chennai,2024-03-27,3,1.2,28.41,105.9,0
chennai,2024-03-28,3,3.36,29.52,20.0,0
chennai,2024-03-29,3,0.77,30.77,109.3,0
chennai,2024-03-30,3,2.37,32.19,72.8,0
chennai,2024-03-31,3,1.09,30.81,92.2,0
chennai,2024-04-01,4,1.39,37.75,101.3,0
chennai,2024-04-02,4,4.76,38.93,99.9,0
chennai,2024-04-03,4,3.53,39.31,20.0,0
chennai,2024-04-04,4,2.3,40.33,94.3,0
chennai,2024-04-05,4,3.85,38.74,120.7,0
chennai,2024-04-06,4,5.49,35.98,108.9,0
chennai,2024-04-07,4,2.18,37.19,126.6,0
chennai,2024-04-08,4,1.35,37.98,114.5,0
chennai,2024-04-09,4,4.33,38.71,100.6,0
chennai,2024-04-10,4,2.89,40.13,49.1,0
chennai,2024-04-11,4,1.47,34.6,85.8,0
chennai,2024-04-12,4,2.65,41.2,54.2,0
chennai,2024-04-13,4,3.89,38.64,111.1,0
chennai,2024-04-14,4,1.2,38.43,51.9,0
chennai,2024-04-15,4,1.64,38.66,92.7,0
chennai,2024-04-16,4,5.61,40.15,48.9,0
chennai,2024-04-17,4,3.25,37.47,115.6,0
chennai,2024-04-18,4,2.15,39.84,54.6,0
chennai,2024-04-19,4,0.32,40.04,42.8,0
chennai,2024-04-20,4,1.16,36.85,149.2,0
chennai,2024-04-21,4,0.42,35.89,83.3,0
chennai,2024-04-22,4,1.63,41.42,97.9,0
chennai,2024-04-23,4,3.43,38.13,132.1,0
chennai,2024-04-24,4,6.58,39.79,136.3,0
chennai,2024-04-25,4,7.64,38.54,20.0,0
chennai,2024-04-26,4,3.4,37.92,103.2,0
chennai,2024-04-27,4,1.99,38.79,112.0,0
chennai,2024-04-28,4,5.37,39.45,147.7,0
chennai,2024-04-29,4,4.12,35.75,23.8,0
chennai,2024-04-30,4,4.73,42.81,97.2,1
chennai,2024-05-01,5,1.96,46.83,87.3,1
chennai,2024-05-02,5,1.77,41.71,22.4,0
chennai,2024-05-03,5,0.98,41.31,60.7,0
chennai,2024-05-04,5,8.43,46.0,96.6,1
chennai,2024-05-05,5,3.97,44.69,107.0,1
chennai,2024-05-06,5,1.93,42.68,56.0,1
chennai,2024-05-07,5,3.15,46.63,110.1,1
chennai,2024-05-08,5,0.07,42.55,71.8,1
chennai,2024-05-09,5,3.68,46.47,139.7,1
chennai,2024-05-10,5,7.84,46.42,114.4,1
chennai,2024-05-11,5,6.37,42.75,66.6,1
chennai,2024-05-12,5,1.6,45.14,121.4,1
chennai,2024-05-13,5,3.26,43.69,151.3,1
chennai,2024-05-14,5,4.61,43.63,87.4,1
chennai,2024-05-15,5,3.09,42.05,140.4,1
chennai,2024-05-16,5,6.07,41.69,88.3,0
chennai,2024-05-17,5,3.53,44.3,81.1,1
chennai,2024-05-18,5,2.16,44.17,92.8,1
chennai,2024-05-19,5,4.55,45.68,82.2,1
chennai,2024-05-20,5,2.66,41.08,73.7,0
chennai,2024-05-21,5,7.66,43.76,54.0,1
chennai,2024-05-22,5,5.76,43.02,66.8,1
chennai,2024-05-23,5,0.78,44.2,46.5,1
chennai,2024-05-24,5,2.55,41.66,123.8,0
chennai,2024-05-25,5,3.99,41.45,109.3,0
chennai,2024-05-26,5,1.64,41.43,33.7,0
chennai,2024-05-27,5,1.04,44.58,106.0,1
chennai,2024-05-28,5,8.15,40.41,96.4,0
chennai,2024-05-29,5,4.12,38.35,63.2,0
chennai,2024-05-30,5,1.96,42.74,108.0,1
chennai,2024-05-31,5,0.66,42.09,63.9,1
chennai,2024-06-01,6,38.51,39.14,97.9,0
chennai,2024-06-02,6,6.69,40.35,71.9,0
chennai,2024-06-03,6,7.63,38.11,76.6,0
chennai,2024-06-04,6,6.92,39.46,84.5,0
chennai,2024-06-05,6,50.02,38.83,88.8,1
chennai,2024-06-06,6,83.68,35.25,127.2,1
chennai,2024-06-07,6,20.06,36.39,86.7,0
chennai,2024-06-08,6,30.31,37.54,117.2,0
chennai,2024-06-09,6,15.7,36.96,76.0,0
chennai,2024-06-10,6,9.85,39.83,86.3,0
chennai,2024-06-11,6,18.08,37.86,49.1,0
chennai,2024-06-12,6,23.24,39.55,105.0,0
chennai,2024-06-13,6,26.28,40.55,164.1,0
chennai,2024-06-14,6,26.78,36.9,86.1,0
chennai,2024-06-15,6,51.73,35.4,76.3,1
chennai,2024-06-16,6,11.49,36.67,116.2,0
chennai,2024-06-17,6,29.73,36.98,85.7,0
chennai,2024-06-18,6,33.76,36.62,68.6,0
chennai,2024-06-19,6,30.99,40.28,75.2,0
chennai,2024-06-20,6,6.75,39.11,114.9,0
chennai,2024-06-21,6,20.88,40.88,91.2,0
chennai,2024-06-22,6,39.28,37.93,119.3,0
chennai,2024-06-23,6,40.6,33.36,34.0,0
chennai,2024-06-24,6,21.98,39.7,88.2,0
chennai,2024-06-25,6,28.05,39.58,64.6,0
chennai,2024-06-26,6,5.88,37.08,122.2,0
chennai,2024-06-27,6,7.63,41.16,131.2,0
chennai,2024-06-28,6,27.16,36.41,81.8,0
chennai,2024-06-29,6,25.71,36.97,56.8,0
chennai,2024-06-30,6,24.36,38.24,58.8,0
chennai,2024-07-01,7,66.03,34.78,53.2,1
chennai,2024-07-02,7,90.35,30.82,122.0,1
chennai,2024-07-03,7,16.75,30.09,120.3,0
chennai,2024-07-04,7,46.76,30.26,79.7,0
chennai,2024-07-05,7,60.63,29.75,86.9,1
chennai,2024-07-06,7,16.94,30.88,86.9,0
chennai,2024-07-07,7,62.75,29.62,81.1,1
chennai,2024-07-08,7,26.99,28.46,58.3,0
chennai,2024-07-09,7,86.42,32.49,153.0,1
chennai,2024-07-10,7,8.14,29.66,97.6,0
chennai,2024-07-11,7,1.46,32.83,90.1,0
chennai,2024-07-12,7,7.66,33.16,135.1,0
chennai,2024-07-13,7,6.55,33.95,48.4,0
chennai,2024-07-14,7,77.81,33.44,60.2,1
chennai,2024-07-15,7,17.56,33.89,89.2,0
chennai,2024-07-16,7,79.46,32.06,83.0,1
chennai,2024-07-17,7,38.51,31.05,124.2,0
chennai,2024-07-18,7,73.98,30.17,62.6,1
chennai,2024-07-19,7,40.59,29.63,131.2,0
chennai,2024-07-20,7,9.13,34.35,103.6,0
chennai,2024-07-21,7,12.92,35.55,62.0,0
chennai,2024-07-22,7,37.05,30.45,50.0,0
chennai,2024-07-23,7,2.22,31.77,110.1,0
chennai,2024-07-24,7,8.87,32.09,43.8,0
chennai,2024-07-25,7,54.27,35.89,83.0,1
chennai,2024-07-26,7,31.65,31.2,90.8,0
chennai,2024-07-27,7,113.68,32.21,41.2,1
chennai,2024-07-28,7,69.95,33.97,95.7,1
chennai,2024-07-29,7,110.14,32.54,44.6,1
chennai,2024-07-30,7,15.11,29.74,74.6,0
chennai,2024-07-31,7,59.62,31.26,110.0,1
chennai,2024-08-01,8,21.11,34.08,140.0,0
chennai,2024-08-02,8,64.43,34.12,105.6,1
chennai,2024-08-03,8,8.21,32.34,75.2,0
chennai,2024-08-04,8,12.06,33.96,87.3,0
chennai,2024-08-05,8,16.46,32.88,98.1,0
chennai,2024-08-06,8,44.3,29.25,44.4,0
chennai,2024-08-07,8,12.7,34.49,119.2,0
chennai,2024-08-08,8,21.17,38.0,99.5,0
chennai,2024-08-09,8,82.04,30.45,57.9,1
chennai,2024-08-10,8,52.12,30.8,21.9,1
chennai,2024-08-11,8,6.91,32.78,20.0,0
chennai,2024-08-12,8,26.6,30.51,90.8,0
chennai,2024-08-13,8,35.34,31.28,38.3,0
chennai,2024-08-14,8,28.7,31.59,39.3,0
chennai,2024-08-15,8,39.68,33.36,98.0,0
chennai,2024-08-16,8,31.47,28.88,51.9,0
chennai,2024-08-17,8,20.57,30.41,99.5,0
chennai,2024-08-18,8,4.33,33.58,29.4,0
chennai,2024-08-19,8,5.56,30.56,124.0,0
chennai,2024-08-20,8,84.89,28.93,115.6,1
chennai,2024-08-21,8,9.12,29.84,132.4,0
chennai,2024-08-22,8,14.31,32.67,62.1,0
chennai,2024-08-23,8,18.44,30.23,103.1,0
chennai,2024-08-24,8,64.09,31.95,62.0,1
chennai,2024-08-25,8,47.02,30.45,69.3,0
chennai,2024-08-26,8,19.56,32.29,103.9,0
chennai,2024-08-27,8,34.42,34.32,82.8,0
chennai,2024-08-28,8,39.34,35.22,79.3,0
chennai,2024-08-29,8,7.49,32.41,26.5,0
chennai,2024-08-30,8,36.18,31.06,140.3,0
chennai,2024-08-31,8,23.7,31.2,23.6,0
chennai,2024-09-01,9,33.98,33.08,135.9,0
chennai,2024-09-02,9,20.9,33.5,76.3,0
chennai,2024-09-03,9,39.87,35.64,103.2,0
chennai,2024-09-04,9,24.31,32.78,89.2,0
chennai,2024-09-05,9,24.68,32.17,53.9,0
chennai,2024-09-06,9,36.3,30.18,148.2,0
chennai,2024-09-07,9,23.63,33.45,88.5,0
chennai,2024-09-08,9,49.66,33.8,84.1,0
chennai,2024-09-09,9,6.6,29.34,55.2,0
chennai,2024-09-10,9,16.77,32.99,48.5,0
chennai,2024-09-11,9,35.7,31.63,114.9,0
chennai,2024-09-12,9,22.22,29.69,116.5,0
chennai,2024-09-13,9,3.79,29.26,83.0,0
chennai,2024-09-14,9,7.39,35.93,123.4,0
chennai,2024-09-15,9,11.1,31.98,67.6,0
chennai,2024-09-16,9,6.81,32.43,78.6,0
chennai,2024-09-17,9,24.92,32.79,87.1,0
chennai,2024-09-18,9,28.74,31.15,63.8,0
chennai,2024-09-19,9,11.23,30.84,102.7,0
chennai,2024-09-20,9,7.41,30.68,82.3,0
chennai,2024-09-21,9,31.07,34.59,112.1,0
chennai,2024-09-22,9,41.57,38.27,60.3,0
chennai,2024-09-23,9,35.99,27.83,111.8,0
chennai,2024-09-24,9,29.75,35.62,141.8,0
chennai,2024-09-25,9,4.58,28.27,109.9,0
chennai,2024-09-26,9,10.9,34.41,109.9,0
chennai,2024-09-27,9,22.01,36.72,67.2,0
chennai,2024-09-28,9,10.1,29.62,103.0,0
chennai,2024-09-29,9,13.01,33.65,65.4,0
chennai,2024-09-30,9,5.51,31.86,39.0,0
chennai,2024-10-01,10,2.01,33.12,117.7,0
chennai,2024-10-02,10,2.09,30.69,176.1,0
chennai,2024-10-03,10,1.1,32.6,147.9,0
chennai,2024-10-04,10,3.09,32.31,83.4,0
chennai,2024-10-05,10,5.13,30.77,157.0,0
chennai,2024-10-06,10,1.45,29.79,117.8,0
chennai,2024-10-07,10,5.13,32.05,124.4,0
chennai,2024-10-08,10,1.44,35.31,188.7,0
chennai,2024-10-09,10,2.47,31.6,189.4,0
chennai,2024-10-10,10,2.41,34.76,168.9,0
chennai,2024-10-11,10,0.96,33.77,120.4,0
chennai,2024-10-12,10,4.0,29.59,191.6,0
chennai,2024-10-13,10,0.63,35.36,163.1,0
chennai,2024-10-14,10,2.18,32.9,114.9,0
chennai,2024-10-15,10,2.49,31.71,148.4,0
chennai,2024-10-16,10,9.91,32.36,103.5,0
chennai,2024-10-17,10,3.4,33.23,137.0,0
chennai,2024-10-18,10,1.35,29.47,96.5,0
chennai,2024-10-19,10,3.01,30.34,132.7,0
chennai,2024-10-20,10,0.98,36.1,132.7,0
chennai,2024-10-21,10,3.38,33.92,100.4,0
chennai,2024-10-22,10,1.63,34.82,148.7,0
chennai,2024-10-23,10,1.18,30.27,132.9,0
chennai,2024-10-24,10,3.69,33.51,146.3,0
chennai,2024-10-25,10,3.75,35.82,113.1,0
chennai,2024-10-26,10,3.43,31.61,115.1,0
chennai,2024-10-27,10,2.18,32.38,182.8,0
chennai,2024-10-28,10,3.33,29.38,135.6,0
chennai,2024-10-29,10,0.85,34.05,89.4,0
chennai,2024-10-30,10,3.23,33.46,126.9,0
chennai,2024-10-31,10,3.37,33.89,133.2,0
chennai,2024-11-01,11,2.33,32.06,216.0,0
chennai,2024-11-02,11,4.07,31.4,180.1,0
chennai,2024-11-03,11,1.06,29.68,138.6,0
chennai,2024-11-04,11,1.6,30.5,218.3,0
chennai,2024-11-05,11,0.94,33.12,139.8,0
chennai,2024-11-06,11,1.32,29.66,208.5,0
chennai,2024-11-07,11,2.96,27.74,158.0,0
chennai,2024-11-08,11,6.57,31.92,182.3,0
chennai,2024-11-09,11,0.43,29.17,159.0,0
chennai,2024-11-10,11,0.92,33.49,212.9,0
chennai,2024-11-11,11,3.36,25.85,173.4,0
chennai,2024-11-12,11,1.42,30.47,139.1,0
chennai,2024-11-13,11,0.99,31.48,174.1,0
chennai,2024-11-14,11,2.07,32.4,167.4,0
chennai,2024-11-15,11,0.47,29.94,158.3,0
chennai,2024-11-16,11,1.19,29.17,200.3,0
chennai,2024-11-17,11,2.84,30.8,241.7,0
chennai,2024-11-18,11,1.04,30.71,216.7,0
chennai,2024-11-19,11,1.06,30.94,162.2,0
chennai,2024-11-20,11,4.78,28.39,250.1,0
chennai,2024-11-21,11,1.89,32.31,155.6,0
chennai,2024-11-22,11,0.96,32.34,206.3,0
chennai,2024-11-23,11,5.06,33.29,170.8,0
chennai,2024-11-24,11,5.11,29.5,157.8,0
chennai,2024-11-25,11,1.18,30.12,205.7,0
chennai,2024-11-26,11,7.06,34.38,159.3,0
chennai,2024-11-27,11,2.62,29.91,119.8,0
chennai,2024-11-28,11,2.84,32.61,194.7,0
chennai,2024-11-29,11,1.42,30.4,200.2,0
chennai,2024-11-30,11,2.09,33.59,174.2,0
chennai,2024-12-01,12,2.06,22.68,233.3,0
chennai,2024-12-02,12,5.02,20.93,223.7,0
chennai,2024-12-03,12,0.81,19.71,251.7,0
chennai,2024-12-04,12,4.78,22.33,226.4,0
chennai,2024-12-05,12,1.39,22.74,225.8,0
chennai,2024-12-06,12,1.92,22.25,220.1,0
chennai,2024-12-07,12,1.66,19.58,188.0,0
chennai,2024-12-08,12,0.47,20.16,248.6,0
chennai,2024-12-09,12,0.68,23.59,238.0,0
chennai,2024-12-10,12,3.58,25.6,265.3,0
chennai,2024-12-11,12,2.12,20.63,270.5,0
chennai,2024-12-12,12,1.95,21.66,207.0,0
chennai,2024-12-13,12,2.15,21.86,206.1,0
chennai,2024-12-14,12,3.09,19.62,214.7,0
chennai,2024-12-15,12,5.06,21.23,171.5,0
chennai,2024-12-16,12,1.1,25.27,187.0,0
chennai,2024-12-17,12,4.42,18.58,173.2,0
chennai,2024-12-18,12,4.78,23.87,245.1,0
chennai,2024-12-19,12,1.24,23.3,191.9,0
chennai,2024-12-20,12,2.47,22.32,199.8,0
chennai,2024-12-21,12,2.13,20.02,187.6,0
chennai,2024-12-22,12,0.87,23.24,249.1,0
chennai,2024-12-23,12,2.54,22.49,234.0,0
chennai,2024-12-24,12,3.97,23.56,264.8,0
chennai,2024-12-25,12,2.91,22.75,213.1,0
chennai,2024-12-26,12,4.01,19.63,256.9,0
chennai,2024-12-27,12,1.6,23.68,169.0,0
chennai,2024-12-28,12,1.33,19.4,214.1,0
chennai,2024-12-29,12,6.16,23.12,208.5,0
chennai,2024-12-30,12,4.07,22.81,248.3,0
chennai,2024-12-31,12,4.75,23.53,231.7,0
chennai,2025-01-01,1,2.66,21.64,262.8,0
chennai,2025-01-02,1,4.08,20.49,248.2,0
chennai,2025-01-03,1,1.6,15.86,235.0,0
chennai,2025-01-04,1,2.7,20.11,240.0,0
chennai,2025-01-05,1,1.08,20.35,212.2,0
chennai,2025-01-06,1,0.76,21.92,272.0,0
chennai,2025-01-07,1,4.27,19.71,247.1,0
chennai,2025-01-08,1,2.97,21.72,244.3,0
chennai,2025-01-09,1,4.81,20.78,227.4,0
chennai,2025-01-10,1,0.36,22.88,227.5,0
chennai,2025-01-11,1,2.33,19.21,221.3,0
chennai,2025-01-12,1,1.04,21.86,236.2,0
chennai,2025-01-13,1,2.24,23.72,246.1,0
chennai,2025-01-14,1,0.5,22.04,253.3,0
chennai,2025-01-15,1,2.7,18.49,235.5,0
chennai,2025-01-16,1,4.28,20.79,273.2,0
chennai,2025-01-17,1,0.86,17.21,267.7,0
chennai,2025-01-18,1,0.68,18.98,249.5,0
chennai,2025-01-19,1,1.45,21.76,211.2,0
chennai,2025-01-20,1,6.53,23.26,232.4,0
chennai,2025-01-21,1,0.48,23.41,277.4,0
chennai,2025-01-22,1,2.79,20.99,292.9,0
chennai,2025-01-23,1,3.36,21.41,247.7,0
chennai,2025-01-24,1,4.08,22.7,261.4,0
chennai,2025-01-25,1,2.44,20.18,267.1,0
chennai,2025-01-26,1,0.91,19.37,204.0,0
chennai,2025-01-27,1,3.8,26.17,225.6,0
chennai,2025-01-28,1,1.1,23.79,264.4,0
chennai,2025-01-29,1,2.2,19.25,265.9,0
chennai,2025-01-30,1,3.9,23.38,256.8,0
chennai,2025-01-31,1,13.22,21.91,215.6,0
chennai,2025-02-01,2,4.21,24.79,79.0,0
chennai,2025-02-02,2,1.15,22.1,61.9,0
chennai,2025-02-03,2,2.2,25.22,95.7,0
chennai,2025-02-04,2,5.35,26.86,108.2,0
chennai,2025-02-05,2,2.16,27.02,69.4,0
chennai,2025-02-06,2,0.4,21.99,68.9,0
chennai,2025-02-07,2,0.74,19.8,91.0,0
chennai,2025-02-08,2,1.07,22.54,98.8,0
chennai,2025-02-09,2,2.15,22.03,110.9,0
chennai,2025-02-10,2,0.46,24.84,73.0,0
chennai,2025-02-11,2,3.74,22.99,126.5,0
chennai,2025-02-12,2,1.59,25.26,126.5,0
chennai,2025-02-13,2,1.66,25.56,84.8,0
chennai,2025-02-14,2,1.46,21.84,73.5,0
chennai,2025-02-15,2,5.19,24.37,49.0,0
chennai,2025-02-16,2,1.62,23.24,64.2,0
chennai,2025-02-17,2,0.84,23.43,101.9,0
chennai,2025-02-18,2,2.59,24.05,103.2,0
chennai,2025-02-19,2,1.83,21.15,48.1,0
chennai,2025-02-20,2,0.77,21.42,48.5,0
chennai,2025-02-21,2,4.6,22.33,144.5,0
chennai,2025-02-22,2,0.38,27.41,113.6,0
chennai,2025-02-23,2,2.45,21.15,49.4,0
chennai,2025-02-24,2,10.47,26.87,110.2,0
chennai,2025-02-25,2,0.77,22.62,150.7,0
chennai,2025-02-26,2,3.67,21.18,64.8,0
chennai,2025-02-27,2,1.82,24.55,112.2,0
chennai,2025-02-28,2,3.0,23.76,92.3,0
chennai,2025-03-01,3,4.77,30.18,110.9,0
chennai,2025-03-02,3,1.71,34.8,49.1,0
chennai,2025-03-03,3,0.98,31.0,106.6,0
chennai,2025-03-04,3,2.66,33.13,145.5,0
chennai,2025-03-05,3,3.29,32.69,100.2,0
chennai,2025-03-06,3,6.95,34.39,96.2,0
chennai,2025-03-07,3,3.32,33.04,48.2,0
chennai,2025-03-08,3,0.41,33.23,124.3,0
chennai,2025-03-09,3,3.31,33.18,100.1,0
chennai,2025-03-10,3,1.78,31.58,99.5,0
chennai,2025-03-11,3,5.17,33.3,118.8,0
chennai,2025-03-12,3,1.32,33.19,110.3,0
chennai,2025-03-13,3,1.26,33.67,46.4,0
chennai,2025-03-14,3,1.29,30.54,85.1,0
chennai,2025-03-15,3,6.68,34.36,36.8,0
chennai,2025-03-16,3,1.45,33.46,91.0,0
chennai,2025-03-17,3,3.29,35.19,90.2,0
chennai,2025-03-18,3,0.75,30.39,112.1,0
chennai,2025-03-19,3,1.86,30.35,32.1,0
chennai,2025-03-20,3,3.21,31.84,57.0,0
chennai,2025-03-21,3,0.68,32.01,88.2,0
chennai,2025-03-22,3,2.31,31.79,128.5,0
chennai,2025-03-23,3,6.83,32.98,104.8,0
chennai,2025-03-24,3,1.3,35.04,97.6,0
chennai,2025-03-25,3,5.12,30.44,44.6,0
chennai,2025-03-26,3,0.82,33.92,45.4,0
chennai,2025-03-27,3,0.54,33.52,25.3,0
chennai,2025-03-28,3,2.69,35.66,80.1,0
chennai,2025-03-29,3,1.97,37.39,60.9,0
chennai,2025-03-30,3,0.52,32.99,71.8,0
chennai,2025-03-31,3,0.45,33.05,82.9,0
chennai,2025-04-01,4,0.6,40.13,99.8,0
chennai,2025-04-02,4,4.4,37.39,100.3,0
chennai,2025-04-03,4,1.91,38.27,110.4,0
chennai,2025-04-04,4,2.28,38.83,90.0,0
chennai,2025-04-05,4,1.86,37.34,103.2,0
chennai,2025-04-06,4,0.39,34.96,130.5,0
chennai,2025-04-07,4,1.84,39.45,87.7,0
chennai,2025-04-08,4,2.4,37.55,113.9,0
chennai,2025-04-09,4,4.38,38.51,69.1,0
chennai,2025-04-10,4,1.97,38.63,107.6,0
chennai,2025-04-11,4,4.13,41.67,86.4,0
chennai,2025-04-12,4,4.57,39.52,76.6,0
chennai,2025-04-13,4,1.38,39.35,104.7,0
chennai,2025-04-14,4,10.97,38.09,81.1,0
chennai,2025-04-15,4,2.04,37.23,84.6,0
chennai,2025-04-16,4,4.63,39.26,59.8,0
chennai,2025-04-17,4,1.92,36.59,67.9,0
chennai,2025-04-18,4,4.96,41.4,56.4,0
chennai,2025-04-19,4,2.76,38.59,49.0,0
chennai,2025-04-20,4,9.95,38.97,85.3,0
chennai,2025-04-21,4,4.61,36.68,99.1,0
chennai,2025-04-22,4,4.16,42.66,83.0,1
chennai,2025-04-23,4,1.52,41.63,125.9,0
chennai,2025-04-24,4,1.25,36.99,94.4,0
chennai,2025-04-25,4,1.09,36.35,55.6,0
chennai,2025-04-26,4,1.61,35.72,68.6,0
chennai,2025-04-27,4,2.97,39.4,117.7,0
chennai,2025-04-28,4,1.42,36.97,111.1,0
chennai,2025-04-29,4,0.37,35.63,70.7,0
chennai,2025-04-30,4,2.54,38.47,32.9,0
chennai,2025-05-01,5,0.85,39.73,67.1,0
chennai,2025-05-02,5,1.13,45.6,92.5,1
chennai,2025-05-03,5,0.72,43.59,87.0,1
chennai,2025-05-04,5,4.42,44.01,69.1,1
chennai,2025-05-05,5,3.51,46.91,148.9,1
chennai,2025-05-06,5,2.84,43.13,53.3,1
chennai,2025-05-07,5,3.3,41.78,113.6,0
chennai,2025-05-08,5,3.32,42.95,46.8,1
chennai,2025-05-09,5,2.97,44.45,106.1,1
chennai,2025-05-10,5,3.85,40.81,91.3,0
chennai,2025-05-11,5,1.61,43.59,79.3,1
chennai,2025-05-12,5,5.83,43.18,62.4,1
chennai,2025-05-13,5,4.75,40.64,102.9,0
chennai,2025-05-14,5,2.43,45.9,106.2,1
chennai,2025-05-15,5,2.52,42.28,26.7,1
chennai,2025-05-16,5,2.8,48.78,64.4,1
chennai,2025-05-17,5,2.17,42.89,108.5,1
chennai,2025-05-18,5,1.15,41.74,105.2,0
chennai,2025-05-19,5,0.95,42.34,30.9,1
chennai,2025-05-20,5,0.79,43.47,79.5,1
chennai,2025-05-21,5,3.48,41.82,107.0,0
chennai,2025-05-22,5,2.46,42.31,106.6,1
chennai,2025-05-23,5,1.79,43.22,130.2,1
chennai,2025-05-24,5,2.59,42.53,105.3,1
chennai,2025-05-25,5,1.17,44.85,119.4,1
chennai,2025-05-26,5,3.82,43.1,112.9,1
chennai,2025-05-27,5,6.22,44.17,67.3,1
chennai,2025-05-28,5,4.29,45.49,109.5,1
chennai,2025-05-29,5,0.81,43.0,153.7,1
chennai,2025-05-30,5,0.5,41.46,176.0,0
chennai,2025-05-31,5,2.98,43.9,93.6,1
chennai,2025-06-01,6,46.19,37.29,71.3,0
chennai,2025-06-02,6,4.77,37.51,98.8,0
chennai,2025-06-03,6,18.69,39.26,79.6,0
chennai,2025-06-04,6,13.9,38.07,136.1,0
chennai,2025-06-05,6,5.45,38.64,52.7,0
chennai,2025-06-06,6,24.99,36.07,124.2,0
chennai,2025-06-07,6,10.52,37.66,128.7,0
chennai,2025-06-08,6,7.79,35.19,108.2,0
chennai,2025-06-09,6,4.13,38.52,88.8,0
chennai,2025-06-10,6,63.01,34.48,106.1,1
chennai,2025-06-11,6,24.24,36.59,98.6,0
chennai,2025-06-12,6,44.85,40.86,111.2,0
chennai,2025-06-13,6,78.15,37.88,78.8,1
chennai,2025-06-14,6,48.35,37.09,109.2,0
chennai,2025-06-15,6,30.77,36.56,98.3,0
chennai,2025-06-16,6,59.72,36.69,135.1,1
chennai,2025-06-17,6,64.29,39.79,112.5,1
chennai,2025-06-18,6,39.63,38.39,92.1,0
chennai,2025-06-19,6,43.01,39.69,104.6,1
chennai,2025-06-20,6,21.74,38.2,89.9,0
chennai,2025-06-21,6,17.7,39.51,72.9,0
chennai,2025-06-22,6,40.04,39.41,106.6,0
chennai,2025-06-23,6,1.01,38.42,86.0,0
chennai,2025-06-24,6,2.97,39.5,56.5,0
chennai,2025-06-25,6,43.77,39.41,121.1,1
chennai,2025-06-26,6,48.54,37.25,110.2,0
chennai,2025-06-27,6,17.12,37.62,79.4,0
chennai,2025-06-28,6,4.2,40.73,117.3,0
chennai,2025-06-29,6,51.05,37.22,123.0,1
chennai,2025-06-30,6,42.57,37.85,84.5,0
chennai,2025-07-01,7,13.39,28.48,96.0,0
chennai,2025-07-02,7,33.97,33.54,110.3,0
chennai,2025-07-03,7,42.5,26.32,76.6,0
chennai,2025-07-04,7,27.32,29.25,109.8,0
chennai,2025-07-05,7,64.54,29.03,48.4,1
chennai,2025-07-06,7,23.67,31.74,77.7,0
chennai,2025-07-07,7,50.04,32.46,103.5,1
chennai,2025-07-08,7,44.6,33.14,82.1,0
chennai,2025-07-09,7,11.4,35.78,27.6,0
chennai,2025-07-10,7,48.52,34.87,120.3,0
chennai,2025-07-11,7,31.34,32.33,69.0,0
chennai,2025-07-12,7,44.32,37.17,130.0,0
chennai,2025-07-13,7,42.13,31.68,122.0,0
chennai,2025-07-14,7,10.21,32.87,86.8,0
chennai,2025-07-15,7,101.26,28.91,78.3,1
chennai,2025-07-16,7,63.74,29.35,39.7,1
chennai,2025-07-17,7,36.2,29.65,95.5,0
chennai,2025-07-18,7,8.25,31.68,144.9,0
chennai,2025-07-19,7,33.52,33.61,50.7,0
chennai,2025-07-20,7,34.76,31.82,99.2,0
chennai,2025-07-21,7,3.72,28.78,105.1,0
chennai,2025-07-22,7,69.6,31.23,102.5,1
chennai,2025-07-23,7,28.83,32.4,83.3,0
chennai,2025-07-24,7,17.94,33.83,88.5,0
chennai,2025-07-25,7,50.51,32.26,156.3,1
chennai,2025-07-26,7,6.35,32.96,78.9,0
chennai,2025-07-27,7,83.31,33.28,67.3,1
chennai,2025-07-28,7,62.13,28.43,92.2,1
chennai,2025-07-29,7,67.02,35.18,85.3,1
chennai,2025-07-30,7,54.1,34.02,111.7,1
chennai,2025-07-31,7,53.04,31.59,71.1,1
chennai,2025-08-01,8,32.4,31.81,93.4,0
chennai,2025-08-02,8,13.27,31.42,89.4,0
chennai,2025-08-03,8,17.45,31.25,89.4,0
chennai,2025-08-04,8,53.43,36.1,114.8,1
chennai,2025-08-05,8,33.2,32.97,119.6,0
chennai,2025-08-06,8,24.32,31.27,62.4,0
chennai,2025-08-07,8,52.36,29.97,134.3,1
chennai,2025-08-08,8,6.07,25.01,64.3,0
chennai,2025-08-09,8,41.77,31.88,81.7,0
chennai,2025-08-10,8,57.02,31.32,58.6,1
chennai,2025-08-11,8,33.22,32.91,123.6,0
chennai,2025-08-12,8,41.17,33.2,108.4,0
chennai,2025-08-13,8,19.17,34.32,97.6,0
chennai,2025-08-14,8,16.6,28.88,69.1,0
chennai,2025-08-15,8,181.53,30.47,100.4,1
chennai,2025-08-16,8,23.14,30.79,55.8,0
chennai,2025-08-17,8,12.5,31.34,55.6,0
chennai,2025-08-18,8,23.06,32.48,78.5,0
chennai,2025-08-19,8,11.42,31.77,110.6,0
chennai,2025-08-20,8,48.13,35.22,84.7,1
chennai,2025-08-21,8,37.85,30.66,81.9,0
chennai,2025-08-22,8,5.81,34.4,104.6,0
chennai,2025-08-23,8,10.65,31.08,71.2,0
chennai,2025-08-24,8,37.76,30.1,71.5,0
chennai,2025-08-25,8,27.31,31.1,58.1,0
chennai,2025-08-26,8,60.64,34.15,108.2,1
chennai,2025-08-27,8,27.7,28.8,80.4,0
chennai,2025-08-28,8,28.55,30.17,46.5,0
chennai,2025-08-29,8,28.73,30.43,112.3,0
chennai,2025-08-30,8,68.68,33.78,104.1,1
chennai,2025-08-31,8,19.04,32.44,45.8,0
chennai,2025-09-01,9,12.36,30.35,127.6,0
chennai,2025-09-02,9,21.41,28.6,64.9,0
chennai,2025-09-03,9,53.6,29.71,42.1,1
chennai,2025-09-04,9,12.94,33.59,130.0,0
chennai,2025-09-05,9,12.31,32.29,85.5,0
chennai,2025-09-06,9,13.36,32.34,85.1,0
chennai,2025-09-07,9,2.07,34.22,61.5,0
chennai,2025-09-08,9,17.77,32.4,131.6,0
chennai,2025-09-09,9,20.13,31.03,85.2,0
chennai,2025-09-10,9,3.37,33.12,81.6,0
chennai,2025-09-11,9,6.56,33.2,78.2,0
chennai,2025-09-12,9,7.09,33.79,121.4,0
chennai,2025-09-13,9,31.59,34.19,58.5,0
chennai,2025-09-14,9,5.69,32.39,86.2,0
chennai,2025-09-15,9,2.07,32.65,91.0,0
chennai,2025-09-16,9,14.85,30.48,99.9,0
chennai,2025-09-17,9,16.34,28.55,90.4,0
chennai,2025-09-18,9,7.47,33.81,106.1,0
chennai,2025-09-19,9,22.66,33.23,95.6,0
chennai,2025-09-20,9,14.55,35.14,113.0,0
chennai,2025-09-21,9,14.22,33.23,97.9,0
chennai,2025-09-22,9,16.16,31.32,129.8,0
chennai,2025-09-23,9,14.94,32.75,89.9,0
chennai,2025-09-24,9,23.29,30.14,93.4,0
chennai,2025-09-25,9,9.4,29.22,90.3,0
chennai,2025-09-26,9,28.98,32.53,148.5,0
chennai,2025-09-27,9,14.95,34.14,71.4,0
chennai,2025-09-28,9,28.4,30.62,74.5,0
chennai,2025-09-29,9,8.63,31.98,45.0,0
chennai,2025-09-30,9,14.76,31.58,33.7,0
chennai,2025-10-01,10,0.91,31.42,164.8,0
chennai,2025-10-02,10,5.03,32.0,101.0,0
chennai,2025-10-03,10,2.12,33.97,109.4,0
chennai,2025-10-04,10,4.79,35.61,143.9,0
chennai,2025-10-05,10,1.52,31.79,136.6,0
chennai,2025-10-06,10,4.29,33.33,137.5,0
chennai,2025-10-07,10,2.19,33.79,184.3,0
chennai,2025-10-08,10,4.36,31.11,148.6,0
chennai,2025-10-09,10,5.2,29.78,150.4,0
chennai,2025-10-10,10,2.14,33.29,182.2,0
chennai,2025-10-11,10,2.36,29.69,153.1,0
chennai,2025-10-12,10,0.65,31.86,176.2,0
chennai,2025-10-13,10,2.06,29.68,121.8,0
chennai,2025-10-14,10,2.02,30.68,158.7,0
chennai,2025-10-15,10,4.61,31.47,172.8,0
chennai,2025-10-16,10,9.74,31.16,201.1,0
chennai,2025-10-17,10,2.09,30.0,113.6,0
chennai,2025-10-18,10,6.5,32.73,108.7,0
chennai,2025-10-19,10,0.37,33.48,151.1,0
chennai,2025-10-20,10,0.23,32.13,120.5,0
chennai,2025-10-21,10,1.27,33.53,96.4,0
chennai,2025-10-22,10,1.62,28.13,152.7,0
chennai,2025-10-23,10,0.76,35.15,121.5,0
chennai,2025-10-24,10,2.53,28.59,126.4,0
chennai,2025-10-25,10,1.54,30.73,133.0,0
chennai,2025-10-26,10,2.53,33.21,135.2,0
chennai,2025-10-27,10,3.46,31.84,176.8,0
chennai,2025-10-28,10,2.5,29.47,189.7,0
chennai,2025-10-29,10,2.29,31.75,168.5,0
chennai,2025-10-30,10,3.39,33.68,164.1,0
chennai,2025-10-31,10,2.89,28.9,117.8,0
chennai,2025-11-01,11,1.8,32.88,189.5,0
chennai,2025-11-02,11,1.89,33.49,128.1,0
chennai,2025-11-03,11,0.66,29.05,170.2,0
chennai,2025-11-04,11,2.2,31.04,127.9,0
chennai,2025-11-05,11,1.67,32.05,187.0,0
chennai,2025-11-06,11,3.58,32.45,164.4,0
chennai,2025-11-07,11,1.12,32.87,157.3,0
chennai,2025-11-08,11,2.52,31.78,197.6,0
chennai,2025-11-09,11,1.85,31.33,140.6,0
chennai,2025-11-10,11,4.45,34.69,233.1,0
chennai,2025-11-11,11,2.57,31.32,178.9,0
chennai,2025-11-12,11,1.12,31.34,195.8,0
chennai,2025-11-13,11,1.35,32.5,106.8,0
chennai,2025-11-14,11,2.33,33.23,167.1,0
chennai,2025-11-15,11,2.25,31.8,191.9,0
chennai,2025-11-16,11,0.92,33.17,163.0,0
chennai,2025-11-17,11,5.32,29.14,166.5,0
chennai,2025-11-18,11,0.92,33.2,159.5,0
chennai,2025-11-19,11,0.53,30.47,188.3,0
chennai,2025-11-20,11,1.8,31.27,190.8,0
chennai,2025-11-21,11,2.34,30.09,178.7,0
chennai,2025-11-22,11,1.46,29.47,143.7,0
chennai,2025-11-23,11,1.2,33.64,128.4,0
chennai,2025-11-24,11,1.23,31.31,160.2,0
chennai,2025-11-25,11,1.85,32.43,199.2,0
chennai,2025-11-26,11,1.69,32.53,142.2,0
chennai,2025-11-27,11,4.66,30.18,177.1,0
chennai,2025-11-28,11,1.35,34.68,204.0,0
chennai,2025-11-29,11,2.2,31.47,213.7,0
chennai,2025-11-30,11,1.05,28.88,157.8,0
chennai,2025-12-01,12,6.41,22.84,236.6,0
chennai,2025-12-02,12,2.9,20.24,255.6,0
chennai,2025-12-03,12,4.24,23.27,191.9,0
chennai,2025-12-04,12,1.3,22.96,216.1,0
chennai,2025-12-05,12,8.19,24.23,186.8,0
chennai,2025-12-06,12,2.57,19.81,210.1,0
chennai,2025-12-07,12,2.51,23.38,202.0,0
chennai,2025-12-08,12,0.32,22.98,233.5,0
chennai,2025-12-09,12,1.83,20.5,222.5,0
chennai,2025-12-10,12,2.19,24.45,172.7,0
chennai,2025-12-11,12,0.74,20.89,295.3,0
chennai,2025-12-12,12,1.76,23.74,256.1,0
chennai,2025-12-13,12,1.1,23.45,208.7,0
chennai,2025-12-14,12,3.14,20.1,184.1,0
chennai,2025-12-15,12,2.43,21.43,256.8,0
chennai,2025-12-16,12,4.23,23.86,204.6,0
chennai,2025-12-17,12,4.63,20.58,240.3,0
chennai,2025-12-18,12,4.13,19.81,268.5,0
chennai,2025-12-19,12,2.19,23.09,241.8,0
chennai,2025-12-20,12,1.01,19.18,193.8,0
chennai,2025-12-21,12,2.32,21.36,231.9,0
chennai,2025-12-22,12,3.72,22.97,246.0,0
chennai,2025-12-23,12,1.13,22.05,200.1,0
chennai,2025-12-24,12,2.33,23.89,166.9,0
chennai,2025-12-25,12,1.41,20.11,311.7,0
chennai,2025-12-26,12,1.04,22.32,264.8,0
chennai,2025-12-27,12,2.12,22.75,233.3,0
chennai,2025-12-28,12,2.86,21.15,225.8,0
chennai,2025-12-29,12,1.52,21.33,230.5,0
chennai,2025-12-30,12,0.84,19.45,233.5,0
kolkata,2023-01-01,1,0.73,24.7,278.6,0
kolkata,2023-01-02,1,1.67,19.83,224.2,0
kolkata,2023-01-03,1,3.46,20.42,268.0,0
kolkata,2023-01-04,1,0.13,18.59,239.9,0
kolkata,2023-01-05,1,2.11,20.18,243.7,0
kolkata,2023-01-06,1,1.09,20.35,248.5,0
kolkata,2023-01-07,1,1.43,19.77,258.9,0
kolkata,2023-01-08,1,6.06,21.32,234.0,0
kolkata,2023-01-09,1,2.81,19.07,273.1,0
kolkata,2023-01-10,1,3.04,20.71,294.1,0
kolkata,2023-01-11,1,3.67,17.59,271.9,0
kolkata,2023-01-12,1,2.56,18.87,295.6,0
kolkata,2023-01-13,1,8.1,20.47,221.2,0
kolkata,2023-01-14,1,1.39,22.75,286.0,0
kolkata,2023-01-15,1,2.22,21.83,272.2,0
kolkata,2023-01-16,1,6.36,20.38,268.9,0
kolkata,2023-01-17,1,2.92,23.05,247.7,0
kolkata,2023-01-18,1,8.0,22.1,224.8,0
kolkata,2023-01-19,1,2.14,21.68,271.8,0
kolkata,2023-01-20,1,4.59,21.88,184.0,0
kolkata,2023-01-21,1,2.88,24.32,288.9,0
kolkata,2023-01-22,1,1.07,17.04,266.4,0
kolkata,2023-01-23,1,3.51,23.17,191.1,0
kolkata,2023-01-24,1,2.48,20.91,256.0,0
kolkata,2023-01-25,1,1.46,22.44,238.7,0
kolkata,2023-01-26,1,3.63,19.83,264.6,0
kolkata,2023-01-27,1,2.12,23.43,241.1,0
kolkata,2023-01-28,1,0.88,18.99,221.9,0
kolkata,2023-01-29,1,1.76,22.11,284.1,0
kolkata,2023-01-30,1,4.19,20.4,267.4,0
kolkata,2023-01-31,1,2.74,24.82,255.7,0
kolkata,2023-02-01,2,7.03,20.94,47.8,0
kolkata,2023-02-02,2,1.74,25.12,97.6,0
kolkata,2023-02-03,2,7.91,22.07,90.9,0
kolkata,2023-02-04,2,1.25,22.85,81.3,0
kolkata,2023-02-05,2,1.08,23.79,108.5,0
kolkata,2023-02-06,2,2.33,18.02,80.6,0
kolkata,2023-02-07,2,4.94,23.48,62.8,0
kolkata,2023-02-08,2,6.01,25.35,40.4,0
kolkata,2023-02-09,2,3.85,24.18,103.4,0
kolkata,2023-02-10,2,2.68,24.92,132.0,0
kolkata,2023-02-11,2,0.63,23.31,52.9,0
kolkata,2023-02-12,2,2.16,23.8,155.2,0
kolkata,2023-02-13,2,1.91,22.85,58.7,0
kolkata,2023-02-14,2,3.22,21.8,110.6,0
kolkata,2023-02-15,2,0.91,22.64,62.3,0
kolkata,2023-02-16,2,0.84,18.05,82.0,0
kolkata,2023-02-17,2,1.94,20.18,78.8,0
kolkata,2023-02-18,2,0.64,21.5,77.0,0
kolkata,2023-02-19,2,2.35,25.61,58.6,0
kolkata,2023-02-20,2,1.35,24.74,74.7,0
kolkata,2023-02-21,2,3.59,21.76,107.5,0
kolkata,2023-02-22,2,3.93,23.92,104.4,0
kolkata,2023-02-23,2,2.2,23.19,44.7,0
kolkata,2023-02-24,2,1.38,27.2,112.5,0
kolkata,2023-02-25,2,0.41,23.04,121.2,0
kolkata,2023-02-26,2,1.44,21.71,81.7,0
kolkata,2023-02-27,2,2.71,21.75,91.4,0
kolkata,2023-02-28,2,4.73,24.65,133.1,0
kolkata,2023-03-01,3,3.36,34.31,59.3,0
kolkata,2023-03-02,3,6.37,31.57,109.6,0
kolkata,2023-03-03,3,0.47,34.59,157.1,0
kolkata,2023-03-04,3,0.85,34.36,77.9,0
kolkata,2023-03-05,3,4.29,31.58,106.1,0
kolkata,2023-03-06,3,1.58,31.54,78.0,0
kolkata,2023-03-07,3,2.36,35.22,117.8,0
kolkata,2023-03-08,3,2.62,32.92,96.3,0
kolkata,2023-03-09,3,3.31,31.1,91.7,0
kolkata,2023-03-10,3,9.98,33.46,56.5,0
kolkata,2023-03-11,3,1.24,29.06,71.0,0
kolkata,2023-03-12,3,2.75,31.62,85.7,0
kolkata,2023-03-13,3,3.18,29.42,80.3,0
kolkata,2023-03-14,3,8.24,33.25,97.7,0
kolkata,2023-03-15,3,0.92,33.4,92.6,0
kolkata,2023-03-16,3,1.68,33.15,113.0,0
kolkata,2023-03-17,3,1.64,30.17,59.3,0
kolkata,2023-03-18,3,2.23,30.94,103.0,0
kolkata,2023-03-19,3,2.97,31.25,75.6,0
kolkata,2023-03-20,3,9.74,32.81,92.7,0
kolkata,2023-03-21,3,1.25,30.67,108.7,0
kolkata,2023-03-22,3,7.88,29.79,76.0,0
kolkata,2023-03-23,3,2.94,31.73,96.0,0
kolkata,2023-03-24,3,2.23,34.81,92.5,0
kolkata,2023-03-25,3,0.9,33.62,35.6,0
kolkata,2023-03-26,3,8.18,30.53,62.2,0
kolkata,2023-03-27,3,4.86,34.23,135.0,0
kolkata,2023-03-28,3,1.11,30.52,77.7,0
kolkata,2023-03-29,3,1.76,25.86,61.3,0
kolkata,2023-03-30,3,4.29,31.09,56.7,0
kolkata,2023-03-31,3,5.64,35.22,99.4,0
kolkata,2023-04-01,4,4.77,38.67,122.6,0
kolkata,2023-04-02,4,2.04,41.04,97.5,0
kolkata,2023-04-03,4,3.15,40.97,57.1,0
kolkata,2023-04-04,4,1.08,38.31,65.4,0
kolkata,2023-04-05,4,4.98,39.93,114.4,0
kolkata,2023-04-06,4,6.08,39.55,118.0,0
kolkata,2023-04-07,4,1.73,36.77,87.3,0
kolkata,2023-04-08,4,1.07,36.86,170.1,0
kolkata,2023-04-09,4,1.93,38.93,115.9,0
kolkata,2023-04-10,4,2.53,38.46,84.5,0
kolkata,2023-04-11,4,2.96,41.75,186.5,0
kolkata,2023-04-12,4,3.79,36.38,77.3,0
kolkata,2023-04-13,4,7.42,39.25,89.4,0
kolkata,2023-04-14,4,2.59,37.52,105.2,0
kolkata,2023-04-15,4,3.38,38.18,44.9,0
kolkata,2023-04-16,4,1.09,39.82,138.6,0
kolkata,2023-04-17,4,4.09,33.83,126.3,0
kolkata,2023-04-18,4,2.65,36.34,20.0,0
kolkata,2023-04-19,4,4.17,36.7,51.2,0
kolkata,2023-04-20,4,2.68,38.96,75.1,0
kolkata,2023-04-21,4,3.94,41.91,128.9,0
kolkata,2023-04-22,4,1.45,36.83,100.8,0
kolkata,2023-04-23,4,2.39,36.93,59.2,0
kolkata,2023-04-24,4,2.09,37.51,86.0,0
kolkata,2023-04-25,4,2.64,37.12,54.3,0
kolkata,2023-04-26,4,3.33,40.65,43.6,0
kolkata,2023-04-27,4,3.31,39.28,107.2,0
kolkata,2023-04-28,4,2.28,38.35,85.7,0
kolkata,2023-04-29,4,0.98,39.52,119.5,0
kolkata,2023-04-30,4,1.57,37.3,78.7,0
kolkata,2023-05-01,5,1.28,44.49,75.1,1
kolkata,2023-05-02,5,0.26,42.51,94.5,1
kolkata,2023-05-03,5,7.28,43.59,136.3,1
kolkata,2023-05-04,5,1.13,43.22,100.0,1
kolkata,2023-05-05,5,2.69,42.16,84.8,1
kolkata,2023-05-06,5,0.78,45.09,84.6,1
kolkata,2023-05-07,5,8.21,43.87,70.4,1
kolkata,2023-05-08,5,1.39,42.67,32.2,1
kolkata,2023-05-09,5,2.7,46.0,63.7,1
kolkata,2023-05-10,5,5.9,45.69,55.7,1
kolkata,2023-05-11,5,7.23,43.77,78.4,1
kolkata,2023-05-12,5,1.14,44.82,71.8,1
kolkata,2023-05-13,5,10.19,46.28,51.5,1
kolkata,2023-05-14,5,2.1,41.45,101.5,0
kolkata,2023-05-15,5,6.94,43.62,104.8,1
kolkata,2023-05-16,5,2.07,42.92,46.2,1
kolkata,2023-05-17,5,2.42,42.49,91.0,1
kolkata,2023-05-18,5,1.17,44.4,49.2,1
kolkata,2023-05-19,5,0.72,41.46,85.0,0
kolkata,2023-05-20,5,0.85,45.16,61.2,1
kolkata,2023-05-21,5,1.06,44.01,106.2,1
kolkata,2023-05-22,5,2.0,43.12,89.1,1
kolkata,2023-05-23,5,0.55,46.06,103.5,1
kolkata,2023-05-24,5,0.85,42.42,53.1,1
kolkata,2023-05-25,5,0.95,43.22,56.0,1
kolkata,2023-05-26,5,1.33,42.02,88.8,1
kolkata,2023-05-27,5,0.87,41.09,96.2,0
kolkata,2023-05-28,5,2.64,42.82,63.2,1
kolkata,2023-05-29,5,5.84,41.27,105.4,0
kolkata,2023-05-30,5,2.78,42.44,61.9,1
kolkata,2023-05-31,5,3.15,42.69,104.9,1
kolkata,2023-06-01,6,13.92,40.11,71.6,0
kolkata,2023-06-02,6,32.45,43.09,53.0,1
kolkata,2023-06-03,6,39.06,34.79,91.6,0
kolkata,2023-06-04,6,16.67,40.51,130.1,0
kolkata,2023-06-05,6,20.87,40.28,133.8,0
kolkata,2023-06-06,6,47.29,36.19,125.6,0
kolkata,2023-06-07,6,7.5,39.93,20.0,0
kolkata,2023-06-08,6,7.4,37.25,140.1,0
kolkata,2023-06-09,6,7.33,40.67,130.1,0
kolkata,2023-06-10,6,3.83,40.24,101.0,0
kolkata,2023-06-11,6,34.64,35.94,156.8,0
kolkata,2023-06-12,6,52.72,40.72,78.5,1
kolkata,2023-06-13,6,19.0,36.12,143.6,0
kolkata,2023-06-14,6,23.07,37.16,70.5,0
kolkata,2023-06-15,6,39.4,40.02,61.8,0
kolkata,2023-06-16,6,4.3,39.89,85.9,0
kolkata,2023-06-17,6,8.74,41.62,32.8,0
kolkata,2023-06-18,6,45.03,37.65,147.8,0
kolkata,2023-06-19,6,8.41,37.77,75.8,0
kolkata,2023-06-20,6,6.74,37.69,73.6,0
kolkata,2023-06-21,6,31.91,35.19,96.3,0
kolkata,2023-06-22,6,12.53,38.73,164.4,0
kolkata,2023-06-23,6,11.67,38.38,32.0,0
kolkata,2023-06-24,6,5.21,38.07,91.1,0
kolkata,2023-06-25,6,17.08,37.43,135.3,0
kolkata,2023-06-26,6,31.28,37.69,120.5,0
kolkata,2023-06-27,6,45.2,37.45,48.6,0
kolkata,2023-06-28,6,19.58,39.75,59.7,0
kolkata,2023-06-29,6,58.3,36.07,104.7,1
kolkata,2023-06-30,6,30.31,38.8,110.2,0
kolkata,2023-07-01,7,40.05,33.57,66.4,0
kolkata,2023-07-02,7,35.17,33.34,120.2,0
kolkata,2023-07-03,7,15.59,32.6,100.1,0
kolkata,2023-07-04,7,43.69,28.13,148.9,0
kolkata,2023-07-05,7,112.94,30.91,131.4,1
kolkata,2023-07-06,7,54.56,28.19,94.2,1
kolkata,2023-07-07,7,49.88,32.5,96.7,0
kolkata,2023-07-08,7,45.71,34.88,84.3,0
kolkata,2023-07-09,7,17.34,27.45,69.7,0
kolkata,2023-07-10,7,25.45,34.18,71.8,0
kolkata,2023-07-11,7,19.57,29.87,152.8,0
kolkata,2023-07-12,7,62.56,30.86,115.5,1
kolkata,2023-07-13,7,30.18,32.04,88.7,0
kolkata,2023-07-14,7,10.68,32.64,130.0,0
kolkata,2023-07-15,7,15.7,36.56,138.2,0
kolkata,2023-07-16,7,48.19,34.49,90.5,0
kolkata,2023-07-17,7,3.1,33.23,115.3,0
kolkata,2023-07-18,7,73.66,37.43,143.3,1
kolkata,2023-07-19,7,12.09,34.37,67.7,0
kolkata,2023-07-20,7,15.49,29.05,79.3,0
kolkata,2023-07-21,7,59.97,32.32,56.4,1
kolkata,2023-07-22,7,30.39,28.84,53.9,0
kolkata,2023-07-23,7,31.68,33.32,105.9,0
kolkata,2023-07-24,7,11.29,30.28,75.1,0
kolkata,2023-07-25,7,38.28,30.57,115.9,0
kolkata,2023-07-26,7,40.26,32.38,60.3,0
kolkata,2023-07-27,7,8.82,29.76,72.0,0
kolkata,2023-07-28,7,40.22,34.27,39.4,0
kolkata,2023-07-29,7,47.22,29.74,54.7,0
kolkata,2023-07-30,7,82.68,35.77,92.4,1
kolkata,2023-07-31,7,12.08,31.79,63.4,0
kolkata,2023-08-01,8,66.72,33.1,118.7,1
kolkata,2023-08-02,8,5.29,31.39,120.1,0
kolkata,2023-08-03,8,24.11,33.04,92.3,0
kolkata,2023-08-04,8,12.1,36.02,100.1,0
kolkata,2023-08-05,8,59.35,34.57,91.7,1
kolkata,2023-08-06,8,26.29,33.27,129.7,0
kolkata,2023-08-07,8,38.17,33.39,119.6,0
kolkata,2023-08-08,8,62.5,31.53,102.8,1
kolkata,2023-08-09,8,6.4,33.3,131.5,0
kolkata,2023-08-10,8,44.56,33.83,93.2,0
kolkata,2023-08-11,8,25.95,32.53,129.2,0
kolkata,2023-08-12,8,2.82,32.64,170.6,0
kolkata,2023-08-13,8,35.92,32.21,113.7,0
kolkata,2023-08-14,8,0.94,34.14,79.5,0
kolkata,2023-08-15,8,44.15,34.82,143.7,0
kolkata,2023-08-16,8,16.21,30.33,80.1,0
kolkata,2023-08-17,8,66.4,32.51,70.6,1
kolkata,2023-08-18,8,10.55,31.58,91.4,0
kolkata,2023-08-19,8,6.32,33.04,87.3,0
kolkata,2023-08-20,8,55.34,29.26,98.3,1
kolkata,2023-08-21,8,12.5,36.29,65.8,0
kolkata,2023-08-22,8,6.88,35.58,68.7,0
kolkata,2023-08-23,8,6.82,31.25,117.0,0
kolkata,2023-08-24,8,8.42,33.15,127.2,0
kolkata,2023-08-25,8,43.23,33.3,82.2,0
kolkata,2023-08-26,8,50.99,34.23,93.6,1
kolkata,2023-08-27,8,31.23,29.61,41.7,0
kolkata,2023-08-28,8,30.7,31.11,95.5,0
kolkata,2023-08-29,8,58.66,34.12,64.5,1
kolkata,2023-08-30,8,43.54,31.45,89.6,0
kolkata,2023-08-31,8,2.98,31.09,78.9,0
kolkata,2023-09-01,9,13.22,28.15,146.0,0
kolkata,2023-09-02,9,7.42,34.74,137.0,0
kolkata,2023-09-03,9,8.64,28.78,87.3,0
kolkata,2023-09-04,9,4.43,31.6,51.2,0
kolkata,2023-09-05,9,5.87,31.56,130.2,0
kolkata,2023-09-06,9,29.09,32.09,70.4,0
kolkata,2023-09-07,9,4.23,35.39,84.4,0
kolkata,2023-09-08,9,20.33,29.77,66.1,0
kolkata,2023-09-09,9,10.31,30.24,91.7,0
kolkata,2023-09-10,9,20.83,29.47,94.4,0
kolkata,2023-09-11,9,16.76,31.97,72.7,0
kolkata,2023-09-12,9,11.3,32.32,82.6,0
kolkata,2023-09-13,9,16.71,30.09,128.6,0
kolkata,2023-09-14,9,18.69,32.52,99.7,0
kolkata,2023-09-15,9,26.64,29.19,47.8,0
kolkata,2023-09-16,9,9.4,35.44,58.3,0
kolkata,2023-09-17,9,27.72,33.49,120.1,0
kolkata,2023-09-18,9,5.28,32.39,86.7,0
kolkata,2023-09-19,9,9.78,28.51,79.7,0
kolkata,2023-09-20,9,10.59,31.52,107.3,0
kolkata,2023-09-21,9,24.3,28.28,83.3,0
kolkata,2023-09-22,9,25.59,34.99,95.3,0
kolkata,2023-09-23,9,3.31,32.75,105.9,0
kolkata,2023-09-24,9,68.19,30.71,107.9,1
kolkata,2023-09-25,9,7.61,30.21,35.4,0
kolkata,2023-09-26,9,13.22,35.2,147.8,0
kolkata,2023-09-27,9,10.32,29.23,67.7,0
kolkata,2023-09-28,9,32.81,33.09,93.4,0
kolkata,2023-09-29,9,8.43,32.48,102.2,0
kolkata,2023-09-30,9,10.54,32.19,63.8,0
kolkata,2023-10-01,10,4.89,34.09,128.3,0
kolkata,2023-10-02,10,3.65,34.83,101.0,0
kolkata,2023-10-03,10,3.48,30.88,135.1,0
kolkata,2023-10-04,10,1.79,34.52,112.2,0
kolkata,2023-10-05,10,0.7,31.53,110.5,0
kolkata,2023-10-06,10,6.03,27.84,151.6,0
kolkata,2023-10-07,10,1.04,31.28,174.9,0
kolkata,2023-10-08,10,2.95,30.9,126.4,0
kolkata,2023-10-09,10,1.35,28.55,170.1,0
kolkata,2023-10-10,10,3.54,31.13,115.9,0
kolkata,2023-10-11,10,3.3,28.91,173.8,0
kolkata,2023-10-12,10,0.93,33.28,110.6,0
kolkata,2023-10-13,10,0.7,29.13,131.1,0
kolkata,2023-10-14,10,1.37,34.16,158.4,0
kolkata,2023-10-15,10,3.1,33.28,135.0,0
kolkata,2023-10-16,10,3.83,32.72,146.7,0
kolkata,2023-10-17,10,3.78,32.49,153.3,0
kolkata,2023-10-18,10,2.07,33.62,92.2,0
kolkata,2023-10-19,10,1.95,33.2,125.0,0
kolkata,2023-10-20,10,3.39,31.04,162.7,0
kolkata,2023-10-21,10,4.2,34.51,88.0,0
kolkata,2023-10-22,10,0.99,35.33,200.9,0
kolkata,2023-10-23,10,2.91,32.02,151.4,0
kolkata,2023-10-24,10,0.24,34.28,168.7,0
kolkata,2023-10-25,10,4.03,31.91,110.3,0
kolkata,2023-10-26,10,2.53,34.03,118.5,0
kolkata,2023-10-27,10,2.87,30.6,94.9,0
kolkata,2023-10-28,10,3.02,30.98,141.2,0
kolkata,2023-10-29,10,2.73,32.46,180.6,0
kolkata,2023-10-30,10,6.6,32.39,133.0,0
kolkata,2023-10-31,10,3.78,32.19,147.7,0
kolkata,2023-11-01,11,6.77,34.41,193.3,0
kolkata,2023-11-02,11,1.1,33.63,208.5,0
kolkata,2023-11-03,11,1.44,30.96,165.2,0
kolkata,2023-11-04,11,0.48,33.02,220.1,0
kolkata,2023-11-05,11,4.13,30.42,196.0,0
kolkata,2023-11-06,11,4.15,31.06,169.8,0
kolkata,2023-11-07,11,4.46,30.02,126.1,0
kolkata,2023-11-08,11,4.72,28.02,145.5,0
kolkata,2023-11-09,11,3.61,31.41,159.9,0
kolkata,2023-11-10,11,2.68,32.0,237.5,0
kolkata,2023-11-11,11,2.7,32.1,202.6,0
kolkata,2023-11-12,11,2.74,31.73,259.1,0
kolkata,2023-11-13,11,1.44,32.16,196.1,0
kolkata,2023-11-14,11,4.02,32.84,233.8,0
kolkata,2023-11-15,11,1.16,32.37,172.6,0
kolkata,2023-11-16,11,5.63,32.6,226.7,0
kolkata,2023-11-17,11,2.66,33.32,165.2,0
kolkata,2023-11-18,11,1.56,31.02,167.9,0
kolkata,2023-11-19,11,1.39,31.58,209.4,0
kolkata,2023-11-20,11,0.7,32.35,172.4,0
kolkata,2023-11-21,11,0.89,33.53,165.7,0
kolkata,2023-11-22,11,1.45,29.78,187.2,0
kolkata,2023-11-23,11,3.54,31.66,120.0,0
kolkata,2023-11-24,11,1.5,33.79,159.3,0
kolkata,2023-11-25,11,1.63,31.22,178.6,0
kolkata,2023-11-26,11,3.58,34.49,206.9,0
kolkata,2023-11-27,11,2.15,35.86,184.2,0
kolkata,2023-11-28,11,0.6,32.18,175.7,0
kolkata,2023-11-29,11,1.06,32.6,153.7,0
kolkata,2023-11-30,11,1.76,33.49,189.6,0
kolkata,2023-12-01,12,3.6,25.82,198.0,0
kolkata,2023-12-02,12,7.5,24.8,206.4,0
kolkata,2023-12-03,12,4.57,21.06,248.0,0
kolkata,2023-12-04,12,2.81,22.1,222.3,0
kolkata,2023-12-05,12,0.51,20.05,239.8,0
kolkata,2023-12-06,12,1.93,21.14,286.4,0
kolkata,2023-12-07,12,5.21,24.0,201.9,0
kolkata,2023-12-08,12,1.03,24.33,227.5,0
kolkata,2023-12-09,12,0.23,24.11,233.4,0
kolkata,2023-12-10,12,4.31,26.33,266.8,0
kolkata,2023-12-11,12,2.22,22.83,253.5,0
kolkata,2023-12-12,12,1.34,25.64,192.9,0
kolkata,2023-12-13,12,3.04,23.32,174.1,0
kolkata,2023-12-14,12,1.71,22.78,179.9,0
kolkata,2023-12-15,12,4.12,19.72,227.6,0
kolkata,2023-12-16,12,2.43,20.46,284.6,0
kolkata,2023-12-17,12,5.49,23.48,228.6,0
kolkata,2023-12-18,12,1.4,23.59,288.0,0
kolkata,2023-12-19,12,0.95,22.16,177.9,0
kolkata,2023-12-20,12,1.19,26.44,300.6,0
kolkata,2023-12-21,12,0.29,19.03,227.9,0
kolkata,2023-12-22,12,1.29,20.67,166.3,0
kolkata,2023-12-23,12,5.11,23.35,240.2,0
kolkata,2023-12-24,12,5.27,19.98,211.6,0
kolkata,2023-12-25,12,3.08,23.61,197.3,0
kolkata,2023-12-26,12,3.28,26.26,262.1,0
kolkata,2023-12-27,12,3.52,20.11,218.0,0
kolkata,2023-12-28,12,6.85,21.18,194.5,0
kolkata,2023-12-29,12,4.8,23.45,220.3,0
kolkata,2023-12-30,12,4.73,19.09,221.0,0
kolkata,2023-12-31,12,4.14,18.74,203.2,0
kolkata,2024-01-01,1,3.35,21.19,279.7,0
kolkata,2024-01-02,1,2.51,23.04,251.4,0
kolkata,2024-01-03,1,2.31,22.68,258.0,0
kolkata,2024-01-04,1,1.01,21.65,235.6,0
kolkata,2024-01-05,1,3.59,21.75,266.5,0
kolkata,2024-01-06,1,1.57,20.93,285.6,0
kolkata,2024-01-07,1,3.6,17.22,286.6,0
kolkata,2024-01-08,1,1.24,23.08,251.8,0
kolkata,2024-01-09,1,2.32,19.06,228.6,0
kolkata,2024-01-10,1,3.43,26.05,249.2,0
kolkata,2024-01-11,1,1.26,22.21,215.2,0
kolkata,2024-01-12,1,2.14,23.95,266.8,0
kolkata,2024-01-13,1,1.8,21.02,256.4,0
kolkata,2024-01-14,1,1.17,25.04,286.1,0
kolkata,2024-01-15,1,3.21,18.93,292.4,0
kolkata,2024-01-16,1,1.13,18.85,232.9,0
kolkata,2024-01-17,1,1.41,22.29,257.2,0
kolkata,2024-01-18,1,2.2,22.98,238.7,0
kolkata,2024-01-19,1,0.85,19.29,249.4,0
kolkata,2024-01-20,1,2.32,18.33,229.7,0
kolkata,2024-01-21,1,0.66,22.71,206.7,0
kolkata,2024-01-22,1,2.29,23.87,283.7,0
kolkata,2024-01-23,1,2.99,18.57,251.5,0
kolkata,2024-01-24,1,1.12,19.94,286.3,0
kolkata,2024-01-25,1,2.21,18.47,240.3,0
kolkata,2024-01-26,1,2.28,14.78,225.5,0
kolkata,2024-01-27,1,1.45,18.49,227.5,0
kolkata,2024-01-28,1,3.56,22.62,213.7,0
kolkata,2024-01-29,1,0.14,23.27,289.1,0
kolkata,2024-01-30,1,1.73,22.89,255.4,0
kolkata,2024-01-31,1,2.47,23.36,193.6,0
kolkata,2024-02-01,2,4.18,25.68,130.2,0
kolkata,2024-02-02,2,5.05,25.36,104.8,0
kolkata,2024-02-03,2,0.77,22.07,100.2,0
kolkata,2024-02-04,2,2.72,20.36,71.8,0
kolkata,2024-02-05,2,0.49,25.17,96.7,0
kolkata,2024-02-06,2,3.85,23.93,57.4,0
kolkata,2024-02-07,2,1.67,23.57,92.5,0
kolkata,2024-02-08,2,4.25,22.74,100.7,0
kolkata,2024-02-09,2,1.27,25.32,53.6,0
kolkata,2024-02-10,2,3.96,19.35,69.5,0
kolkata,2024-02-11,2,4.58,20.64,104.1,0
kolkata,2024-02-12,2,1.24,21.36,38.5,0
kolkata,2024-02-13,2,2.95,26.57,43.2,0
kolkata,2024-02-14,2,1.76,23.15,93.2,0
kolkata,2024-02-15,2,1.26,22.11,61.7,0
kolkata,2024-02-16,2,4.49,21.97,134.1,0
kolkata,2024-02-17,2,2.72,20.56,120.9,0
kolkata,2024-02-18,2,3.36,24.52,99.3,0
kolkata,2024-02-19,2,2.5,23.38,127.7,0
kolkata,2024-02-20,2,4.69,20.68,101.3,0
kolkata,2024-02-21,2,2.52,24.03,64.5,0
kolkata,2024-02-22,2,1.65,24.54,122.5,0
kolkata,2024-02-23,2,1.34,25.65,124.3,0
kolkata,2024-02-24,2,7.76,22.86,132.4,0
kolkata,2024-02-25,2,0.09,20.29,61.1,0
kolkata,2024-02-26,2,3.78,22.64,85.6,0
kolkata,2024-02-27,2,3.95,19.13,96.8,0
kolkata,2024-02-28,2,0.19,20.13,63.6,0
kolkata,2024-02-29,2,1.37,20.23,136.3,0
kolkata,2024-03-01,3,1.26,27.54,135.0,0
kolkata,2024-03-02,3,1.22,31.1,55.4,0
kolkata,2024-03-03,3,3.12,34.3,86.7,0
kolkata,2024-03-04,3,1.49,29.77,91.4,0
kolkata,2024-03-05,3,1.85,31.35,63.5,0
kolkata,2024-03-06,3,0.85,36.02,90.8,0
kolkata,2024-03-07,3,3.56,32.01,72.0,0
kolkata,2024-03-08,3,4.71,32.77,95.6,0
kolkata,2024-03-09,3,4.31,33.47,123.7,0
kolkata,2024-03-10,3,1.14,36.5,151.3,0
kolkata,2024-03-11,3,3.68,33.13,106.1,0
kolkata,2024-03-12,3,3.27,30.29,107.8,0
kolkata,2024-03-13,3,2.53,30.29,124.2,0
kolkata,2024-03-14,3,2.29,32.66,103.8,0
kolkata,2024-03-15,3,1.72,32.7,114.2,0
kolkata,2024-03-16,3,1.06,32.32,86.0,0
kolkata,2024-03-17,3,3.68,32.76,43.3,0
kolkata,2024-03-18,3,1.21,30.36,46.0,0
kolkata,2024-03-19,3,2.5,30.28,91.8,0
kolkata,2024-03-20,3,2.02,31.89,128.0,0
kolkata,2024-03-21,3,0.25,35.75,106.0,0
kolkata,2024-03-22,3,6.81,30.22,76.9,0
kolkata,2024-03-23,3,3.49,33.26,103.6,0
kolkata,2024-03-24,3,5.9,33.54,90.1,0
kolkata,2024-03-25,3,5.95,32.07,26.4,0
kolkata,2024-03-26,3,2.24,29.76,80.6,0
kolkata,2024-03-27,3,1.82,33.95,95.1,0
kolkata,2024-03-28,3,4.95,29.61,61.4,0
kolkata,2024-03-29,3,1.51,29.35,65.7,0
kolkata,2024-03-30,3,2.25,32.93,107.3,0
kolkata,2024-03-31,3,3.35,37.1,78.2,0
kolkata,2024-04-01,4,3.19,39.2,52.5,0
kolkata,2024-04-02,4,2.96,41.03,96.0,0
kolkata,2024-04-03,4,1.64,43.29,61.4,1
kolkata,2024-04-04,4,1.29,39.3,64.7,0
kolkata,2024-04-05,4,3.46,34.88,101.3,0
kolkata,2024-04-06,4,2.14,35.89,31.2,0
kolkata,2024-04-07,4,0.71,41.88,86.6,0
kolkata,2024-04-08,4,3.47,35.48,81.8,0
kolkata,2024-04-09,4,1.57,37.44,133.9,0
kolkata,2024-04-10,4,5.7,38.2,100.2,0
kolkata,2024-04-11,4,0.94,39.37,75.7,0
kolkata,2024-04-12,4,0.99,41.01,152.1,0
kolkata,2024-04-13,4,1.96,36.6,97.3,0
kolkata,2024-04-14,4,4.49,38.06,83.4,0
kolkata,2024-04-15,4,2.11,35.05,58.1,0
kolkata,2024-04-16,4,2.06,39.39,70.0,0
kolkata,2024-04-17,4,2.14,35.86,70.8,0
kolkata,2024-04-18,4,2.41,36.83,124.9,0
kolkata,2024-04-19,4,3.91,38.36,118.7,0
kolkata,2024-04-20,4,5.4,37.87,75.4,0
kolkata,2024-04-21,4,4.06,38.1,78.5,0
kolkata,2024-04-22,4,1.23,37.69,122.1,0
kolkata,2024-04-23,4,1.97,38.95,62.9,0
kolkata,2024-04-24,4,4.32,37.52,86.1,0
kolkata,2024-04-25,4,4.22,40.28,146.0,0
kolkata,2024-04-26,4,3.48,36.24,81.8,0
kolkata,2024-04-27,4,1.88,41.24,46.7,0
kolkata,2024-04-28,4,1.74,39.36,137.0,0
kolkata,2024-04-29,4,1.9,33.27,71.1,0
kolkata,2024-04-30,4,0.62,38.42,20.0,0
kolkata,2024-05-01,5,1.65,40.87,96.2,0
kolkata,2024-05-02,5,1.34,45.59,79.1,1
kolkata,2024-05-03,5,1.36,42.37,57.8,1
kolkata,2024-05-04,5,0.42,46.46,69.3,1
kolkata,2024-05-05,5,0.03,42.03,90.9,1
kolkata,2024-05-06,5,0.81,43.1,91.7,1
kolkata,2024-05-07,5,2.18,42.45,47.4,1
kolkata,2024-05-08,5,5.36,40.29,87.8,0
kolkata,2024-05-09,5,4.53,46.83,124.4,1
kolkata,2024-05-10,5,2.79,41.55,99.9,0
kolkata,2024-05-11,5,4.4,40.62,120.9,0
kolkata,2024-05-12,5,1.34,44.9,79.8,1
kolkata,2024-05-13,5,8.67,43.47,125.3,1
kolkata,2024-05-14,5,1.98,42.3,123.0,1
kolkata,2024-05-15,5,3.37,41.2,65.5,0
kolkata,2024-05-16,5,2.0,43.35,81.8,1
kolkata,2024-05-17,5,1.99,47.3,80.9,1
kolkata,2024-05-18,5,1.3,45.23,120.2,1
kolkata,2024-05-19,5,0.26,41.8,112.8,0
kolkata,2024-05-20,5,1.86,41.32,20.0,0
kolkata,2024-05-21,5,8.05,41.26,94.6,0
kolkata,2024-05-22,5,4.72,43.51,20.0,1
kolkata,2024-05-23,5,1.09,44.69,95.9,1
kolkata,2024-05-24,5,7.38,37.39,55.5,0
kolkata,2024-05-25,5,6.92,46.09,85.5,1
kolkata,2024-05-26,5,4.39,42.61,68.4,1
kolkata,2024-05-27,5,1.69,45.8,79.1,1
kolkata,2024-05-28,5,3.43,41.52,67.9,0
kolkata,2024-05-29,5,2.35,42.51,123.4,1
kolkata,2024-05-30,5,0.72,42.52,108.6,1
kolkata,2024-05-31,5,0.82,41.87,83.8,0
kolkata,2024-06-01,6,15.85,39.89,101.2,0
kolkata,2024-06-02,6,20.69,36.5,61.5,0
kolkata,2024-06-03,6,8.39,41.21,75.2,0
kolkata,2024-06-04,6,20.34,38.13,55.4,0
kolkata,2024-06-05,6,26.93,36.15,46.7,0
kolkata,2024-06-06,6,3.58,36.81,46.6,0
kolkata,2024-06-07,6,12.74,40.62,57.9,0
kolkata,2024-06-08,6,11.02,34.53,114.9,0
kolkata,2024-06-09,6,41.67,38.43,120.1,0
kolkata,2024-06-10,6,17.34,38.96,140.5,0
kolkata,2024-06-11,6,19.73,40.98,153.2,0
kolkata,2024-06-12,6,31.8,40.22,83.4,0
kolkata,2024-06-13,6,42.9,40.23,99.5,1
kolkata,2024-06-14,6,9.29,38.7,125.0,0
kolkata,2024-06-15,6,49.12,34.85,90.8,0
kolkata,2024-06-16,6,28.48,39.72,60.4,0
kolkata,2024-06-17,6,9.04,35.69,107.6,0
kolkata,2024-06-18,6,77.05,38.91,79.5,1
kolkata,2024-06-19,6,24.62,36.63,103.2,0
kolkata,2024-06-20,6,30.25,37.81,45.6,0
kolkata,2024-06-21,6,22.4,36.09,97.5,0
kolkata,2024-06-22,6,0.91,37.38,131.8,0
kolkata,2024-06-23,6,16.85,37.69,70.0,0
kolkata,2024-06-24,6,40.87,35.08,72.2,0
kolkata,2024-06-25,6,46.7,36.54,136.5,0
kolkata,2024-06-26,6,23.91,39.45,72.9,0
kolkata,2024-06-27,6,62.83,40.96,47.3,1
kolkata,2024-06-28,6,8.0,39.36,87.6,0
kolkata,2024-06-29,6,6.59,35.29,124.0,0
kolkata,2024-06-30,6,29.83,40.99,95.5,0
kolkata,2024-07-01,7,30.68,29.51,60.5,0
kolkata,2024-07-02,7,21.14,30.23,107.4,0
kolkata,2024-07-03,7,40.07,34.47,110.4,0
kolkata,2024-07-04,7,2.99,31.39,96.6,0
kolkata,2024-07-05,7,32.04,32.89,101.1,0
kolkata,2024-07-06,7,46.18,32.36,67.3,0
kolkata,2024-07-07,7,16.66,32.34,69.2,0
kolkata,2024-07-08,7,21.47,32.57,48.6,0
kolkata,2024-07-09,7,14.73,31.32,81.7,0
kolkata,2024-07-10,7,83.2,33.85,108.6,1
kolkata,2024-07-11,7,31.04,31.77,104.3,0
kolkata,2024-07-12,7,38.31,32.95,99.5,0
kolkata,2024-07-13,7,16.75,32.01,33.5,0
kolkata,2024-07-14,7,43.59,32.43,53.5,0
kolkata,2024-07-15,7,63.38,31.37,121.1,1
kolkata,2024-07-16,7,10.14,31.41,29.1,0
kolkata,2024-07-17,7,46.24,32.63,81.6,0
kolkata,2024-07-18,7,14.53,32.48,106.4,0
kolkata,2024-07-19,7,20.06,33.36,94.3,0
kolkata,2024-07-20,7,23.41,32.22,123.9,0
kolkata,2024-07-21,7,47.69,30.75,106.9,0
kolkata,2024-07-22,7,14.67,34.45,96.1,0
kolkata,2024-07-23,7,50.26,31.01,145.4,1
kolkata,2024-07-24,7,59.61,29.27,67.0,1
kolkata,2024-07-25,7,22.88,29.88,109.7,0
kolkata,2024-07-26,7,81.67,32.06,134.6,1
kolkata,2024-07-27,7,2.16,31.61,81.1,0
kolkata,2024-07-28,7,29.03,29.61,90.5,0
kolkata,2024-07-29,7,16.1,33.79,69.7,0
kolkata,2024-07-30,7,9.27,31.16,64.5,0
kolkata,2024-07-31,7,59.36,30.75,81.9,1
kolkata,2024-08-01,8,22.04,33.51,106.1,0
kolkata,2024-08-02,8,30.04,31.14,89.4,0
kolkata,2024-08-03,8,13.08,33.78,116.3,0
kolkata,2024-08-04,8,19.24,34.13,83.2,0
kolkata,2024-08-05,8,4.72,33.38,22.1,0
kolkata,2024-08-06,8,8.08,32.18,130.2,0
kolkata,2024-08-07,8,21.24,31.94,59.9,0
kolkata,2024-08-08,8,17.05,32.51,90.5,0
kolkata,2024-08-09,8,5.8,28.35,141.4,0
kolkata,2024-08-10,8,22.16,37.42,83.2,0
kolkata,2024-08-11,8,39.63,34.05,167.0,0
kolkata,2024-08-12,8,20.83,36.21,101.5,0
kolkata,2024-08-13,8,98.32,32.34,81.7,1
kolkata,2024-08-14,8,51.05,33.64,53.1,1
kolkata,2024-08-15,8,20.88,30.73,46.3,0
kolkata,2024-08-16,8,53.44,28.54,49.3,1
kolkata,2024-08-17,8,52.1,30.06,81.7,1
kolkata,2024-08-18,8,50.22,37.53,146.9,1
kolkata,2024-08-19,8,20.35,31.1,89.6,0
kolkata,2024-08-20,8,16.56,31.89,90.7,0
kolkata,2024-08-21,8,26.2,28.52,88.1,0
kolkata,2024-08-22,8,24.79,34.87,46.3,0
kolkata,2024-08-23,8,27.48,27.57,86.9,0
kolkata,2024-08-24,8,12.1,30.6,134.0,0
kolkata,2024-08-25,8,25.43,34.58,63.9,0
kolkata,2024-08-26,8,13.98,28.36,100.1,0
kolkata,2024-08-27,8,31.95,33.55,95.6,0
kolkata,2024-08-28,8,36.84,32.35,119.8,0
kolkata,2024-08-29,8,20.2,30.18,95.7,0
kolkata,2024-08-30,8,38.22,30.41,122.2,0
kolkata,2024-08-31,8,12.22,33.25,103.5,0
kolkata,2024-09-01,9,34.29,33.7,64.9,0
kolkata,2024-09-02,9,17.63,29.18,57.3,0
kolkata,2024-09-03,9,17.05,33.35,147.7,0
kolkata,2024-09-04,9,23.97,37.92,84.5,0
kolkata,2024-09-05,9,22.71,30.21,93.6,0
kolkata,2024-09-06,9,5.95,30.5,51.2,0
kolkata,2024-09-07,9,41.18,31.39,120.3,1
kolkata,2024-09-08,9,11.65,30.9,107.5,0
kolkata,2024-09-09,9,26.37,29.8,99.7,0
kolkata,2024-09-10,9,18.67,29.65,96.3,0
kolkata,2024-09-11,9,25.96,32.0,83.5,0
kolkata,2024-09-12,9,45.48,30.84,108.4,0
kolkata,2024-09-13,9,17.89,31.14,101.9,0
kolkata,2024-09-14,9,6.59,31.8,157.2,0
kolkata,2024-09-15,9,9.49,29.02,115.9,0
kolkata,2024-09-16,9,17.29,34.45,149.2,0
kolkata,2024-09-17,9,18.81,34.28,73.5,0
kolkata,2024-09-18,9,14.53,28.8,126.0,0
kolkata,2024-09-19,9,28.05,35.11,65.8,0
kolkata,2024-09-20,9,6.7,34.12,77.6,0
kolkata,2024-09-21,9,24.97,30.94,140.7,0
kolkata,2024-09-22,9,20.31,33.57,76.3,0
kolkata,2024-09-23,9,3.98,33.45,133.0,0
kolkata,2024-09-24,9,12.24,30.91,116.8,0
kolkata,2024-09-25,9,27.49,31.29,70.4,0
kolkata,2024-09-26,9,26.61,30.58,150.3,0
kolkata,2024-09-27,9,10.69,33.94,115.7,0
kolkata,2024-09-28,9,22.36,32.79,26.1,0
kolkata,2024-09-29,9,3.98,34.32,110.2,0
kolkata,2024-09-30,9,13.57,34.15,111.8,0
kolkata,2024-10-01,10,0.98,28.83,112.0,0
kolkata,2024-10-02,10,2.79,29.59,93.3,0
kolkata,2024-10-03,10,1.96,29.8,96.1,0
kolkata,2024-10-04,10,1.6,28.84,150.3,0
kolkata,2024-10-05,10,2.31,31.1,138.2,0
kolkata,2024-10-06,10,1.15,32.42,168.4,0
kolkata,2024-10-07,10,1.68,29.76,64.5,0
kolkata,2024-10-08,10,0.66,32.77,98.4,0
kolkata,2024-10-09,10,1.85,31.02,123.4,0
kolkata,2024-10-10,10,7.39,33.38,111.0,0
kolkata,2024-10-11,10,2.87,32.4,133.2,0
kolkata,2024-10-12,10,2.09,31.58,138.4,0
kolkata,2024-10-13,10,1.15,31.9,92.6,0
kolkata,2024-10-14,10,3.2,30.29,119.5,0
kolkata,2024-10-15,10,6.97,31.17,116.2,0
kolkata,2024-10-16,10,1.21,31.97,152.8,0
kolkata,2024-10-17,10,2.02,29.71,131.7,0
kolkata,2024-10-18,10,1.57,29.72,142.3,0
kolkata,2024-10-19,10,1.37,33.93,113.4,0
kolkata,2024-10-20,10,2.16,35.08,142.2,0
kolkata,2024-10-21,10,3.45,29.1,185.5,0
kolkata,2024-10-22,10,1.58,36.46,156.0,0
kolkata,2024-10-23,10,5.84,31.64,123.0,0
kolkata,2024-10-24,10,0.42,30.97,153.6,0
kolkata,2024-10-25,10,0.99,32.68,109.4,0
kolkata,2024-10-26,10,2.63,33.59,188.8,0
kolkata,2024-10-27,10,1.96,28.57,140.2,0
kolkata,2024-10-28,10,1.99,31.67,126.4,0
kolkata,2024-10-29,10,0.98,31.86,168.4,0
kolkata,2024-10-30,10,1.37,31.2,110.9,0
kolkata,2024-10-31,10,3.31,29.31,152.2,0
kolkata,2024-11-01,11,1.29,31.94,242.9,0
kolkata,2024-11-02,11,3.44,33.74,160.9,0
kolkata,2024-11-03,11,3.46,35.29,194.3,0
kolkata,2024-11-04,11,5.75,33.03,152.7,0
kolkata,2024-11-05,11,2.55,31.05,184.0,0
kolkata,2024-11-06,11,2.08,29.46,151.9,0
kolkata,2024-11-07,11,3.76,33.02,142.6,0
kolkata,2024-11-08,11,3.56,32.23,229.8,0
kolkata,2024-11-09,11,3.16,32.05,214.9,0
kolkata,2024-11-10,11,4.5,32.71,242.6,0
kolkata,2024-11-11,11,0.95,30.52,146.1,0
kolkata,2024-11-12,11,3.61,28.8,141.2,0
kolkata,2024-11-13,11,3.67,29.5,197.6,0
kolkata,2024-11-14,11,5.06,30.85,146.9,0
kolkata,2024-11-15,11,2.69,34.08,157.9,0
kolkata,2024-11-16,11,0.66,33.62,168.9,0
kolkata,2024-11-17,11,1.45,34.81,229.9,0
kolkata,2024-11-18,11,7.05,34.18,176.3,0
kolkata,2024-11-19,11,2.6,31.62,244.7,0
kolkata,2024-11-20,11,1.57,35.03,161.9,0
kolkata,2024-11-21,11,1.08,32.11,99.7,0
kolkata,2024-11-22,11,3.56,34.53,194.3,0
kolkata,2024-11-23,11,2.23,28.66,138.4,0
kolkata,2024-11-24,11,2.63,32.95,191.0,0
kolkata,2024-11-25,11,6.18,33.2,123.8,0
kolkata,2024-11-26,11,2.17,31.33,191.5,0
kolkata,2024-11-27,11,4.77,33.12,212.5,0
kolkata,2024-11-28,11,0.81,28.99,181.0,0
kolkata,2024-11-29,11,5.25,32.12,174.8,0
kolkata,2024-11-30,11,0.72,33.13,202.5,0
kolkata,2024-12-01,12,6.69,20.71,220.9,0
kolkata,2024-12-02,12,5.32,25.96,199.9,0
kolkata,2024-12-03,12,1.19,24.01,228.5,0
kolkata,2024-12-04,12,2.61,20.56,194.0,0
kolkata,2024-12-05,12,3.5,22.65,209.6,0
kolkata,2024-12-06,12,1.57,22.84,252.5,0
kolkata,2024-12-07,12,2.34,21.44,188.4,0
kolkata,2024-12-08,12,2.94,21.44,209.2,0
kolkata,2024-12-09,12,2.62,19.96,199.2,0
kolkata,2024-12-10,12,1.43,24.89,266.0,0
kolkata,2024-12-11,12,1.5,22.08,234.2,0
kolkata,2024-12-12,12,3.49,23.57,189.5,0
kolkata,2024-12-13,12,11.96,24.5,212.4,0
kolkata,2024-12-14,12,2.47,24.3,210.0,0
kolkata,2024-12-15,12,1.93,19.04,230.6,0
kolkata,2024-12-16,12,1.21,24.41,245.5,0
kolkata,2024-12-17,12,3.59,22.27,225.2,0
kolkata,2024-12-18,12,0.89,24.82,218.5,0
kolkata,2024-12-19,12,0.94,22.38,233.9,0
kolkata,2024-12-20,12,3.88,19.54,271.0,0
kolkata,2024-12-21,12,8.47,21.83,219.3,0
kolkata,2024-12-22,12,2.15,23.17,296.8,0
kolkata,2024-12-23,12,2.22,20.48,247.2,0
kolkata,2024-12-24,12,3.29,21.31,214.0,0
kolkata,2024-12-25,12,2.82,17.54,209.2,0
kolkata,2024-12-26,12,3.74,22.36,199.6,0
kolkata,2024-12-27,12,1.43,26.81,193.4,0
kolkata,2024-12-28,12,4.16,20.86,286.2,0
kolkata,2024-12-29,12,4.48,23.21,259.3,0
kolkata,2024-12-30,12,2.19,26.84,197.3,0
kolkata,2024-12-31,12,6.07,23.44,222.5,0
kolkata,2025-01-01,1,2.59,19.17,263.9,0
kolkata,2025-01-02,1,4.29,17.4,257.5,0
kolkata,2025-01-03,1,6.94,22.16,271.3,0
kolkata,2025-01-04,1,6.38,19.11,237.8,0
kolkata,2025-01-05,1,5.22,24.39,222.5,0
kolkata,2025-01-06,1,0.65,20.84,287.6,0
kolkata,2025-01-07,1,0.56,21.05,298.9,0
kolkata,2025-01-08,1,1.48,19.61,275.1,0
kolkata,2025-01-09,1,2.72,20.52,271.3,0
kolkata,2025-01-10,1,0.48,22.09,240.3,0
kolkata,2025-01-11,1,1.94,20.3,239.3,0
kolkata,2025-01-12,1,2.62,22.32,253.0,0
kolkata,2025-01-13,1,0.56,16.53,216.0,0
kolkata,2025-01-14,1,3.41,21.66,228.7,0
kolkata,2025-01-15,1,2.49,20.04,254.2,0
kolkata,2025-01-16,1,8.32,22.44,254.7,0
kolkata,2025-01-17,1,5.91,20.65,286.5,0
kolkata,2025-01-18,1,1.9,24.14,266.4,0
kolkata,2025-01-19,1,3.34,23.78,263.9,0
kolkata,2025-01-20,1,1.87,19.41,216.0,0
kolkata,2025-01-21,1,0.73,23.1,235.7,0
kolkata,2025-01-22,1,1.19,22.07,231.0,0
kolkata,2025-01-23,1,0.47,20.4,264.9,0
kolkata,2025-01-24,1,0.45,17.71,206.7,0
kolkata,2025-01-25,1,3.25,20.32,251.9,0
kolkata,2025-01-26,1,5.41,21.61,246.7,0
kolkata,2025-01-27,1,3.35,22.39,261.1,0
kolkata,2025-01-28,1,2.33,19.31,270.1,0
kolkata,2025-01-29,1,2.16,15.99,245.1,0
kolkata,2025-01-30,1,0.76,21.8,260.9,0
kolkata,2025-01-31,1,2.9,20.34,298.0,0
kolkata,2025-02-01,2,1.21,25.98,56.8,0
kolkata,2025-02-02,2,1.7,24.61,41.9,0
kolkata,2025-02-03,2,5.64,21.17,123.3,0
kolkata,2025-02-04,2,5.08,20.12,61.1,0
kolkata,2025-02-05,2,1.43,21.53,74.8,0
kolkata,2025-02-06,2,3.93,22.03,81.4,0
kolkata,2025-02-07,2,0.85,21.41,90.5,0
kolkata,2025-02-08,2,4.1,22.95,83.7,0
kolkata,2025-02-09,2,3.28,23.93,105.7,0
kolkata,2025-02-10,2,0.58,24.58,71.7,0
kolkata,2025-02-11,2,2.05,18.82,109.8,0
kolkata,2025-02-12,2,4.86,20.59,116.6,0
kolkata,2025-02-13,2,5.94,20.05,67.7,0
kolkata,2025-02-14,2,0.44,26.67,86.6,0
kolkata,2025-02-15,2,4.25,22.92,85.7,0
kolkata,2025-02-16,2,2.26,22.27,115.4,0
kolkata,2025-02-17,2,2.79,19.77,33.1,0
kolkata,2025-02-18,2,2.82,24.28,123.4,0
kolkata,2025-02-19,2,8.34,20.09,67.6,0
kolkata,2025-02-20,2,3.43,20.87,74.2,0
kolkata,2025-02-21,2,2.62,25.76,133.8,0
kolkata,2025-02-22,2,3.61,21.58,88.3,0
kolkata,2025-02-23,2,0.39,25.35,146.3,0
kolkata,2025-02-24,2,0.83,22.46,88.6,0
kolkata,2025-02-25,2,4.23,23.62,96.4,0
kolkata,2025-02-26,2,0.51,22.86,76.9,0
kolkata,2025-02-27,2,0.92,21.24,74.7,0
kolkata,2025-02-28,2,1.68,24.28,116.4,0
kolkata,2025-03-01,3,1.73,31.14,49.0,0
kolkata,2025-03-02,3,2.58,29.67,60.1,0
kolkata,2025-03-03,3,4.84,30.55,79.5,0
kolkata,2025-03-04,3,2.1,29.57,66.9,0
kolkata,2025-03-05,3,6.66,33.32,122.5,0
kolkata,2025-03-06,3,1.45,36.42,120.8,0
kolkata,2025-03-07,3,2.42,33.4,78.2,0
kolkata,2025-03-08,3,3.65,30.69,61.5,0
kolkata,2025-03-09,3,1.26,35.59,74.9,0
kolkata,2025-03-10,3,4.55,33.46,118.2,0
kolkata,2025-03-11,3,0.17,33.53,32.3,0
kolkata,2025-03-12,3,1.07,30.57,119.7,0
kolkata,2025-03-13,3,1.76,31.64,116.4,0
kolkata,2025-03-14,3,0.96,30.99,100.6,0
kolkata,2025-03-15,3,2.84,35.8,116.5,0
kolkata,2025-03-16,3,9.45,26.98,81.9,0
kolkata,2025-03-17,3,4.69,30.55,122.0,0
kolkata,2025-03-18,3,3.2,30.28,119.1,0
kolkata,2025-03-19,3,0.88,32.59,119.6,0
kolkata,2025-03-20,3,3.0,32.31,62.0,0
kolkata,2025-03-21,3,3.29,29.37,93.6,0
kolkata,2025-03-22,3,0.91,33.91,106.6,0
kolkata,2025-03-23,3,3.35,31.34,87.1,0
kolkata,2025-03-24,3,4.98,32.91,41.8,0
kolkata,2025-03-25,3,1.03,29.54,128.1,0
kolkata,2025-03-26,3,2.96,31.58,105.9,0
kolkata,2025-03-27,3,3.25,35.11,95.5,0
kolkata,2025-03-28,3,1.2,37.01,90.9,0
kolkata,2025-03-29,3,1.06,29.69,97.5,0
kolkata,2025-03-30,3,2.49,33.33,69.6,0
kolkata,2025-03-31,3,0.69,33.21,97.7,0
kolkata,2025-04-01,4,1.79,37.86,110.6,0
kolkata,2025-04-02,4,0.99,33.49,86.2,0
kolkata,2025-04-03,4,2.66,34.33,91.6,0
kolkata,2025-04-04,4,6.52,38.12,90.9,0
kolkata,2025-04-05,4,1.69,36.53,90.8,0
kolkata,2025-04-06,4,2.88,36.29,92.8,0
kolkata,2025-04-07,4,6.58,38.24,90.0,0
kolkata,2025-04-08,4,1.16,37.15,76.0,0
kolkata,2025-04-09,4,4.75,36.57,94.7,0
kolkata,2025-04-10,4,1.32,36.98,90.0,0
kolkata,2025-04-11,4,1.33,38.52,83.3,0
kolkata,2025-04-12,4,1.49,40.19,93.8,0
kolkata,2025-04-13,4,1.63,39.62,75.0,0
kolkata,2025-04-14,4,1.01,40.31,113.5,0
kolkata,2025-04-15,4,0.79,36.28,113.4,0
kolkata,2025-04-16,4,0.71,38.95,104.5,0
kolkata,2025-04-17,4,2.96,38.71,59.9,0
kolkata,2025-04-18,4,0.91,37.68,131.5,0
kolkata,2025-04-19,4,1.03,40.25,80.0,0
kolkata,2025-04-20,4,1.88,35.74,93.9,0
kolkata,2025-04-21,4,5.57,36.84,126.8,0
kolkata,2025-04-22,4,2.09,41.61,89.0,0
kolkata,2025-04-23,4,3.31,38.44,96.0,0
kolkata,2025-04-24,4,0.73,36.94,62.7,0
kolkata,2025-04-25,4,3.89,38.67,127.1,0
kolkata,2025-04-26,4,2.99,39.07,70.0,0
kolkata,2025-04-27,4,0.21,40.93,71.7,0
kolkata,2025-04-28,4,1.8,39.43,117.3,0
kolkata,2025-04-29,4,2.81,36.76,55.9,0
kolkata,2025-04-30,4,1.03,37.34,104.6,0
kolkata,2025-05-01,5,2.1,43.48,56.5,1
kolkata,2025-05-02,5,2.28,43.46,94.7,1
kolkata,2025-05-03,5,7.71,43.91,84.6,1
kolkata,2025-05-04,5,2.3,44.96,31.9,1
kolkata,2025-05-05,5,2.66,46.47,81.1,1
kolkata,2025-05-06,5,2.62,45.04,88.1,1
kolkata,2025-05-07,5,0.16,42.12,138.8,1
kolkata,2025-05-08,5,3.94,43.36,126.0,1
kolkata,2025-05-09,5,3.47,44.35,90.9,1
kolkata,2025-05-10,5,0.59,41.32,98.9,0
kolkata,2025-05-11,5,0.54,46.86,132.8,1
kolkata,2025-05-12,5,0.33,40.64,89.4,0
kolkata,2025-05-13,5,0.22,44.61,118.6,1
kolkata,2025-05-14,5,1.52,42.66,49.9,1
kolkata,2025-05-15,5,3.12,43.91,86.7,1
kolkata,2025-05-16,5,3.98,44.06,88.3,1
kolkata,2025-05-17,5,2.48,46.2,69.4,1
kolkata,2025-05-18,5,2.93,39.37,145.7,0
kolkata,2025-05-19,5,0.24,41.94,114.6,0
kolkata,2025-05-20,5,3.29,41.84,97.2,0
kolkata,2025-05-21,5,3.67,43.5,81.6,1
kolkata,2025-05-22,5,4.63,45.99,85.6,1
kolkata,2025-05-23,5,2.95,44.55,86.0,1
kolkata,2025-05-24,5,0.96,44.28,75.3,1
kolkata,2025-05-25,5,4.1,43.32,72.7,1
kolkata,2025-05-26,5,0.83,42.21,165.8,1
kolkata,2025-05-27,5,2.98,45.59,80.6,1
kolkata,2025-05-28,5,0.7,42.78,114.9,1
kolkata,2025-05-29,5,1.3,42.52,20.0,1
kolkata,2025-05-30,5,16.77,43.48,20.0,1
kolkata,2025-05-31,5,9.04,43.87,111.1,1
kolkata,2025-06-01,6,26.9,36.03,89.8,0
kolkata,2025-06-02,6,13.98,37.33,52.1,0
kolkata,2025-06-03,6,40.24,35.25,115.5,0
kolkata,2025-06-04,6,26.91,41.16,20.0,0
kolkata,2025-06-05,6,43.13,39.57,106.3,0
kolkata,2025-06-06,6,31.01,35.62,161.5,0
kolkata,2025-06-07,6,28.6,37.91,70.2,0
kolkata,2025-06-08,6,7.31,39.57,92.3,0
kolkata,2025-06-09,6,31.51,37.73,89.7,0
kolkata,2025-06-10,6,4.29,35.29,52.6,0
kolkata,2025-06-11,6,24.95,38.14,90.7,0
kolkata,2025-06-12,6,5.82,37.64,93.0,0
kolkata,2025-06-13,6,45.37,38.3,101.4,1
kolkata,2025-06-14,6,39.8,38.6,60.1,0
kolkata,2025-06-15,6,13.22,41.15,26.6,0
kolkata,2025-06-16,6,24.98,40.05,99.3,0
kolkata,2025-06-17,6,72.4,39.55,34.0,1
kolkata,2025-06-18,6,32.5,39.51,82.7,0
kolkata,2025-06-19,6,28.09,40.85,111.8,0
kolkata,2025-06-20,6,9.88,36.58,116.9,0
kolkata,2025-06-21,6,11.54,41.74,71.7,0
kolkata,2025-06-22,6,35.26,39.21,142.4,0
kolkata,2025-06-23,6,62.88,39.12,99.9,1
kolkata,2025-06-24,6,4.85,37.63,110.4,0
kolkata,2025-06-25,6,18.58,37.69,20.0,0
kolkata,2025-06-26,6,8.28,38.69,78.5,0
kolkata,2025-06-27,6,61.75,42.09,123.0,1
kolkata,2025-06-28,6,14.6,38.23,51.6,0
kolkata,2025-06-29,6,19.89,39.21,56.9,0
kolkata,2025-06-30,6,27.73,37.9,61.6,0
kolkata,2025-07-01,7,16.49,30.61,128.1,0
kolkata,2025-07-02,7,51.7,29.75,50.9,1
kolkata,2025-07-03,7,19.19,31.2,95.1,0
kolkata,2025-07-04,7,25.7,30.24,82.5,0
kolkata,2025-07-05,7,29.7,32.76,20.0,0
kolkata,2025-07-06,7,35.89,29.22,131.4,0
kolkata,2025-07-07,7,23.17,31.87,81.6,0
kolkata,2025-07-08,7,22.24,30.21,75.1,0
kolkata,2025-07-09,7,7.81,32.76,132.2,0
kolkata,2025-07-10,7,49.75,26.32,56.9,0
kolkata,2025-07-11,7,21.43,31.28,138.7,0
kolkata,2025-07-12,7,16.5,33.38,80.9,0
kolkata,2025-07-13,7,94.78,28.88,96.1,1
kolkata,2025-07-14,7,29.27,33.92,100.6,0
kolkata,2025-07-15,7,5.1,34.48,57.0,0
kolkata,2025-07-16,7,44.62,31.66,94.5,0
kolkata,2025-07-17,7,37.03,29.01,32.3,0
kolkata,2025-07-18,7,30.73,35.39,88.5,0
kolkata,2025-07-19,7,27.96,35.82,150.3,0
kolkata,2025-07-20,7,32.85,30.21,76.8,0
kolkata,2025-07-21,7,82.21,30.46,50.0,1
kolkata,2025-07-22,7,27.88,28.31,56.9,0
kolkata,2025-07-23,7,13.8,31.27,88.2,0
kolkata,2025-07-24,7,20.57,29.54,130.8,0
kolkata,2025-07-25,7,10.99,35.61,138.1,0
kolkata,2025-07-26,7,38.84,31.91,82.0,0
kolkata,2025-07-27,7,37.65,31.45,77.7,0
kolkata,2025-07-28,7,148.93,36.4,78.3,1
kolkata,2025-07-29,7,60.26,33.74,96.0,1
kolkata,2025-07-30,7,7.17,26.75,41.4,0
kolkata,2025-07-31,7,24.99,31.28,67.0,0
kolkata,2025-08-01,8,14.78,30.92,119.9,0
kolkata,2025-08-02,8,47.4,31.04,121.1,0
kolkata,2025-08-03,8,10.68,31.59,104.6,0
kolkata,2025-08-04,8,2.61,36.19,95.0,0
kolkata,2025-08-05,8,16.19,30.07,88.0,0
kolkata,2025-08-06,8,45.82,29.75,136.6,0
kolkata,2025-08-07,8,2.89,34.46,51.2,0
kolkata,2025-08-08,8,33.54,29.39,69.4,0
kolkata,2025-08-09,8,16.87,31.99,150.8,0
kolkata,2025-08-10,8,6.62,29.72,85.5,0
kolkata,2025-08-11,8,40.53,28.97,75.3,0
kolkata,2025-08-12,8,20.92,34.45,93.2,0
kolkata,2025-08-13,8,70.52,32.01,112.1,1
kolkata,2025-08-14,8,45.33,32.86,107.9,0
kolkata,2025-08-15,8,69.69,32.97,31.2,1
kolkata,2025-08-16,8,32.66,29.8,85.1,0
kolkata,2025-08-17,8,11.53,33.73,107.4,0
kolkata,2025-08-18,8,1.75,31.44,91.3,0
kolkata,2025-08-19,8,21.55,35.44,94.7,0
kolkata,2025-08-20,8,28.08,28.11,79.2,0
kolkata,2025-08-21,8,9.25,28.54,88.4,0
kolkata,2025-08-22,8,56.33,31.85,34.7,1
kolkata,2025-08-23,8,16.8,34.08,50.5,0
kolkata,2025-08-24,8,31.0,31.51,88.4,0
kolkata,2025-08-25,8,33.75,34.53,65.3,0
kolkata,2025-08-26,8,57.52,33.32,111.2,1
kolkata,2025-08-27,8,29.01,32.54,74.7,0
kolkata,2025-08-28,8,55.73,29.43,55.4,1
kolkata,2025-08-29,8,47.98,32.43,118.9,0
kolkata,2025-08-30,8,11.44,31.76,103.6,0
kolkata,2025-08-31,8,16.64,32.44,67.5,0
kolkata,2025-09-01,9,19.89,33.45,110.9,0
kolkata,2025-09-02,9,11.4,32.77,104.5,0
kolkata,2025-09-03,9,10.07,32.0,97.9,0
kolkata,2025-09-04,9,20.46,32.35,43.9,0
kolkata,2025-09-05,9,14.22,27.98,119.7,0
kolkata,2025-09-06,9,25.38,30.72,43.6,0
kolkata,2025-09-07,9,18.63,29.62,79.8,0
kolkata,2025-09-08,9,36.69,30.53,76.8,0
kolkata,2025-09-09,9,9.49,35.87,97.1,0
kolkata,2025-09-10,9,5.71,33.97,62.8,0
kolkata,2025-09-11,9,9.64,29.92,52.5,0
kolkata,2025-09-12,9,27.58,31.36,43.6,0
kolkata,2025-09-13,9,8.45,33.55,87.7,0
kolkata,2025-09-14,9,6.91,30.87,53.3,0
kolkata,2025-09-15,9,26.19,33.69,79.3,0
kolkata,2025-09-16,9,8.88,29.21,128.6,0
kolkata,2025-09-17,9,5.72,34.52,65.5,0
kolkata,2025-09-18,9,6.81,35.71,52.4,0
kolkata,2025-09-19,9,23.03,33.11,89.6,0
kolkata,2025-09-20,9,6.94,30.75,114.5,0
kolkata,2025-09-21,9,12.79,31.07,83.3,0
kolkata,2025-09-22,9,27.14,30.22,111.8,0
kolkata,2025-09-23,9,19.8,31.37,48.8,0
kolkata,2025-09-24,9,5.83,30.46,51.4,0
kolkata,2025-09-25,9,20.03,30.98,86.7,0
kolkata,2025-09-26,9,8.03,31.53,83.8,0
kolkata,2025-09-27,9,12.34,31.23,82.1,0
kolkata,2025-09-28,9,27.16,34.37,121.1,0
kolkata,2025-09-29,9,22.77,32.98,66.2,0
kolkata,2025-09-30,9,20.22,29.79,101.0,0
kolkata,2025-10-01,10,4.34,31.61,113.7,0
kolkata,2025-10-02,10,3.33,30.45,102.4,0
kolkata,2025-10-03,10,4.53,32.26,129.5,0
kolkata,2025-10-04,10,2.26,32.49,119.6,0
kolkata,2025-10-05,10,0.59,31.87,109.0,0
kolkata,2025-10-06,10,2.42,30.46,163.9,0
kolkata,2025-10-07,10,0.92,33.24,131.4,0
kolkata,2025-10-08,10,4.08,29.08,117.4,0
kolkata,2025-10-09,10,4.26,34.46,151.4,0
kolkata,2025-10-10,10,2.62,35.18,117.5,0
kolkata,2025-10-11,10,0.79,33.39,155.5,0
kolkata,2025-10-12,10,2.55,30.99,150.8,0
kolkata,2025-10-13,10,2.28,31.06,155.7,0
kolkata,2025-10-14,10,2.79,29.11,115.9,0
kolkata,2025-10-15,10,2.37,29.3,64.6,0
kolkata,2025-10-16,10,1.39,30.33,131.5,0
kolkata,2025-10-17,10,1.11,31.51,114.0,0
kolkata,2025-10-18,10,1.71,33.68,106.3,0
kolkata,2025-10-19,10,0.48,31.99,124.7,0
kolkata,2025-10-20,10,0.51,29.34,157.6,0
kolkata,2025-10-21,10,1.31,33.22,135.4,0
kolkata,2025-10-22,10,2.1,35.49,99.2,0
kolkata,2025-10-23,10,4.55,33.36,149.2,0
kolkata,2025-10-24,10,1.76,32.67,124.5,0
kolkata,2025-10-25,10,2.37,32.48,86.1,0
kolkata,2025-10-26,10,4.77,33.52,137.4,0
kolkata,2025-10-27,10,0.67,33.06,103.0,0
kolkata,2025-10-28,10,0.98,35.07,140.4,0
kolkata,2025-10-29,10,4.13,30.3,147.9,0
kolkata,2025-10-30,10,2.13,33.31,124.9,0
kolkata,2025-10-31,10,2.67,35.19,218.0,0
kolkata,2025-11-01,11,1.39,28.96,210.3,0
kolkata,2025-11-02,11,3.0,31.81,152.2,0
kolkata,2025-11-03,11,0.43,36.42,219.1,0
kolkata,2025-11-04,11,1.05,32.54,199.4,0
kolkata,2025-11-05,11,5.03,33.69,155.0,0
kolkata,2025-11-06,11,7.67,35.04,218.7,0
kolkata,2025-11-07,11,3.5,33.03,227.7,0
kolkata,2025-11-08,11,1.96,36.1,182.6,0
kolkata,2025-11-09,11,4.55,31.09,182.5,0
kolkata,2025-11-10,11,3.55,31.7,198.6,0
kolkata,2025-11-11,11,11.18,32.28,195.8,0
kolkata,2025-11-12,11,1.39,29.32,200.5,0
kolkata,2025-11-13,11,1.67,30.67,166.7,0
kolkata,2025-11-14,11,1.75,30.76,177.3,0
kolkata,2025-11-15,11,2.03,34.8,200.4,0
kolkata,2025-11-16,11,5.2,34.9,217.0,0
kolkata,2025-11-17,11,1.49,30.52,148.4,0
kolkata,2025-11-18,11,0.56,31.39,187.0,0
kolkata,2025-11-19,11,4.31,33.3,203.3,0
kolkata,2025-11-20,11,5.31,28.72,159.2,0
kolkata,2025-11-21,11,0.65,31.84,141.7,0
kolkata,2025-11-22,11,1.68,33.83,213.3,0
kolkata,2025-11-23,11,5.7,32.65,187.6,0
kolkata,2025-11-24,11,1.32,29.94,189.5,0
kolkata,2025-11-25,11,1.43,32.4,189.3,0
kolkata,2025-11-26,11,2.92,34.39,189.2,0
kolkata,2025-11-27,11,2.25,33.03,213.9,0
kolkata,2025-11-28,11,6.4,33.15,173.5,0
kolkata,2025-11-29,11,2.7,33.8,151.1,0
kolkata,2025-11-30,11,6.4,31.7,150.8,0
kolkata,2025-12-01,12,2.5,20.81,256.9,0
kolkata,2025-12-02,12,0.82,21.05,244.0,0
kolkata,2025-12-03,12,5.79,22.66,197.5,0
kolkata,2025-12-04,12,1.14,18.33,262.3,0
kolkata,2025-12-05,12,5.47,21.25,252.4,0
kolkata,2025-12-06,12,1.49,21.67,257.8,0
kolkata,2025-12-07,12,0.57,22.62,255.7,0
kolkata,2025-12-08,12,0.44,19.94,239.5,0
kolkata,2025-12-09,12,2.75,22.96,168.5,0
kolkata,2025-12-10,12,0.86,23.23,228.2,0
kolkata,2025-12-11,12,4.75,25.55,235.2,0
kolkata,2025-12-12,12,2.88,20.33,226.4,0
kolkata,2025-12-13,12,4.36,22.96,222.4,0
kolkata,2025-12-14,12,2.66,24.4,264.1,0
kolkata,2025-12-15,12,1.37,25.79,188.3,0
kolkata,2025-12-16,12,1.62,19.44,229.7,0
kolkata,2025-12-17,12,2.24,23.49,201.1,0
kolkata,2025-12-18,12,6.32,22.41,249.7,0
kolkata,2025-12-19,12,0.81,21.98,257.6,0
kolkata,2025-12-20,12,2.43,21.18,257.6,0
kolkata,2025-12-21,12,1.18,23.81,187.8,0
kolkata,2025-12-22,12,0.37,20.18,216.3,0
kolkata,2025-12-23,12,1.11,25.76,174.6,0
kolkata,2025-12-24,12,1.7,23.97,236.1,0
kolkata,2025-12-25,12,3.64,21.04,234.4,0
kolkata,2025-12-26,12,3.71,21.18,197.7,0
kolkata,2025-12-27,12,3.24,22.61,193.0,0
kolkata,2025-12-28,12,1.78,19.23,217.7,0
kolkata,2025-12-29,12,4.12,24.67,226.2,0
kolkata,2025-12-30,12,2.45,26.63,191.8,0
ahmedabad,2023-01-01,1,0.91,22.07,221.0,0
ahmedabad,2023-01-02,1,2.7,28.17,259.1,0
ahmedabad,2023-01-03,1,3.44,26.9,260.7,0
ahmedabad,2023-01-04,1,1.39,23.3,159.7,0
ahmedabad,2023-01-05,1,0.67,23.9,193.4,0
ahmedabad,2023-01-06,1,0.73,23.16,247.9,0
ahmedabad,2023-01-07,1,1.09,22.1,213.0,0
ahmedabad,2023-01-08,1,3.95,27.69,247.8,0
ahmedabad,2023-01-09,1,1.72,24.96,253.4,0
ahmedabad,2023-01-10,1,1.58,26.18,245.5,0
ahmedabad,2023-01-11,1,0.67,25.6,218.5,0
ahmedabad,2023-01-12,1,1.56,26.41,261.0,0
ahmedabad,2023-01-13,1,0.67,22.05,286.7,0
ahmedabad,2023-01-14,1,0.23,28.29,242.6,0
ahmedabad,2023-01-15,1,0.48,26.5,282.8,0
ahmedabad,2023-01-16,1,1.5,26.18,251.5,0
ahmedabad,2023-01-17,1,3.35,23.55,263.7,0
ahmedabad,2023-01-18,1,1.86,23.34,231.8,0
ahmedabad,2023-01-19,1,2.41,26.26,267.6,0
ahmedabad,2023-01-20,1,1.98,28.06,282.2,0
ahmedabad,2023-01-21,1,2.67,25.41,302.1,0
ahmedabad,2023-01-22,1,0.13,26.52,272.6,0
ahmedabad,2023-01-23,1,0.67,25.93,217.7,0
ahmedabad,2023-01-24,1,1.42,26.11,191.1,0
ahmedabad,2023-01-25,1,2.29,25.07,257.4,0
ahmedabad,2023-01-26,1,1.58,26.91,228.5,0
ahmedabad,2023-01-27,1,2.38,24.56,273.1,0
ahmedabad,2023-01-28,1,1.56,23.32,306.5,0
ahmedabad,2023-01-29,1,0.76,26.07,235.4,0
ahmedabad,2023-01-30,1,0.74,21.27,248.1,0
ahmedabad,2023-01-31,1,1.24,28.83,226.3,0
ahmedabad,2023-02-01,2,2.66,31.0,85.9,0
ahmedabad,2023-02-02,2,1.87,30.57,100.5,0
ahmedabad,2023-02-03,2,1.28,29.98,43.1,0
ahmedabad,2023-02-04,2,2.72,28.47,52.6,0
ahmedabad,2023-02-05,2,1.33,26.58,72.3,0
ahmedabad,2023-02-06,2,2.69,22.72,67.3,0
ahmedabad,2023-02-07,2,0.46,26.8,91.7,0
ahmedabad,2023-02-08,2,3.26,29.18,86.5,0
ahmedabad,2023-02-09,2,1.8,26.33,90.0,0
ahmedabad,2023-02-10,2,2.24,28.72,50.3,0
ahmedabad,2023-02-11,2,0.85,26.87,41.9,0
ahmedabad,2023-02-12,2,4.77,28.82,164.6,0
ahmedabad,2023-02-13,2,1.0,26.68,98.5,0
ahmedabad,2023-02-14,2,4.18,26.13,121.5,0
ahmedabad,2023-02-15,2,0.65,27.6,118.9,0
ahmedabad,2023-02-16,2,1.95,28.6,103.9,0
ahmedabad,2023-02-17,2,0.37,24.82,93.0,0
ahmedabad,2023-02-18,2,2.26,26.57,114.6,0
ahmedabad,2023-02-19,2,1.68,25.36,125.9,0
ahmedabad,2023-02-20,2,0.85,32.38,123.5,0
ahmedabad,2023-02-21,2,1.22,29.88,137.1,0
ahmedabad,2023-02-22,2,2.71,29.74,114.4,0
ahmedabad,2023-02-23,2,1.04,31.43,94.4,0
ahmedabad,2023-02-24,2,1.3,27.54,70.2,0
ahmedabad,2023-02-25,2,0.61,24.55,90.5,0
ahmedabad,2023-02-26,2,3.43,28.11,34.0,0
ahmedabad,2023-02-27,2,0.6,25.61,77.3,0
ahmedabad,2023-02-28,2,1.11,29.6,104.9,0
ahmedabad,2023-03-01,3,0.21,36.77,95.4,0
ahmedabad,2023-03-02,3,5.13,36.49,56.3,0
ahmedabad,2023-03-03,3,2.38,36.7,73.5,0
ahmedabad,2023-03-04,3,1.38,37.37,66.1,0
ahmedabad,2023-03-05,3,2.53,37.02,95.8,0
ahmedabad,2023-03-06,3,0.64,39.58,42.7,0
ahmedabad,2023-03-07,3,0.72,40.38,107.8,0
ahmedabad,2023-03-08,3,3.5,39.97,113.5,0
ahmedabad,2023-03-09,3,1.12,36.62,85.7,0
ahmedabad,2023-03-10,3,0.68,36.89,62.6,0
ahmedabad,2023-03-11,3,2.58,41.71,138.7,0
ahmedabad,2023-03-12,3,2.19,39.0,113.3,0
ahmedabad,2023-03-13,3,0.2,38.0,107.1,0
ahmedabad,2023-03-14,3,1.76,36.56,36.8,0
ahmedabad,2023-03-15,3,2.46,35.73,78.6,0
ahmedabad,2023-03-16,3,0.97,39.5,49.5,0
ahmedabad,2023-03-17,3,2.75,37.25,110.9,0
ahmedabad,2023-03-18,3,0.26,38.09,72.8,0
ahmedabad,2023-03-19,3,1.51,38.22,90.6,0
ahmedabad,2023-03-20,3,0.9,38.63,91.5,0
ahmedabad,2023-03-21,3,2.52,42.27,78.7,1
ahmedabad,2023-03-22,3,0.3,39.35,110.2,0
ahmedabad,2023-03-23,3,3.63,39.41,74.5,0
ahmedabad,2023-03-24,3,1.55,37.94,55.3,0
ahmedabad,2023-03-25,3,0.88,39.62,63.7,0
ahmedabad,2023-03-26,3,1.02,38.66,80.2,0
ahmedabad,2023-03-27,3,2.32,37.23,47.1,0
ahmedabad,2023-03-28,3,2.07,35.69,70.0,0
ahmedabad,2023-03-29,3,2.53,38.29,87.6,0
ahmedabad,2023-03-30,3,0.37,38.17,27.6,0
ahmedabad,2023-03-31,3,1.6,38.95,74.1,0
ahmedabad,2023-04-01,4,0.48,44.18,105.4,1
ahmedabad,2023-04-02,4,2.79,48.03,128.5,1
ahmedabad,2023-04-03,4,0.85,46.19,150.9,1
ahmedabad,2023-04-04,4,2.05,45.74,106.0,1
ahmedabad,2023-04-05,4,2.0,45.79,75.3,1
ahmedabad,2023-04-06,4,0.3,43.66,110.2,1
ahmedabad,2023-04-07,4,1.53,46.13,109.8,1
ahmedabad,2023-04-08,4,0.74,45.64,76.6,1
ahmedabad,2023-04-09,4,2.04,46.9,154.0,1
ahmedabad,2023-04-10,4,1.7,50.73,85.6,1
ahmedabad,2023-04-11,4,0.85,47.32,87.4,1
ahmedabad,2023-04-12,4,0.32,45.57,76.9,1
ahmedabad,2023-04-13,4,0.2,42.07,99.2,1
ahmedabad,2023-04-14,4,1.81,46.18,89.5,1
ahmedabad,2023-04-15,4,0.57,46.28,132.1,1
ahmedabad,2023-04-16,4,1.11,45.11,73.6,1
ahmedabad,2023-04-17,4,2.51,45.92,61.2,1
ahmedabad,2023-04-18,4,2.5,48.36,83.9,1
ahmedabad,2023-04-19,4,2.27,43.44,87.6,1
ahmedabad,2023-04-20,4,0.88,44.93,79.0,1
ahmedabad,2023-04-21,4,0.12,44.67,56.1,1
ahmedabad,2023-04-22,4,1.13,45.11,97.6,1
ahmedabad,2023-04-23,4,0.58,49.18,83.8,1
ahmedabad,2023-04-24,4,1.25,42.24,65.0,1
ahmedabad,2023-04-25,4,2.04,45.15,134.5,1
ahmedabad,2023-04-26,4,0.85,46.09,75.1,1
ahmedabad,2023-04-27,4,0.45,45.49,86.1,1
ahmedabad,2023-04-28,4,0.88,48.12,34.5,1
ahmedabad,2023-04-29,4,2.03,48.59,90.5,1
ahmedabad,2023-04-30,4,0.23,44.8,69.1,1
ahmedabad,2023-05-01,5,1.23,51.42,63.3,1
ahmedabad,2023-05-02,5,1.07,52.76,116.9,1
ahmedabad,2023-05-03,5,1.15,52.32,109.7,1
ahmedabad,2023-05-04,5,0.52,50.89,59.3,1
ahmedabad,2023-05-05,5,1.23,50.72,65.7,1
ahmedabad,2023-05-06,5,1.5,54.46,123.9,1
ahmedabad,2023-05-07,5,1.29,50.41,85.7,1
ahmedabad,2023-05-08,5,0.68,52.63,80.9,1
ahmedabad,2023-05-09,5,1.65,47.24,73.3,1
ahmedabad,2023-05-10,5,1.42,47.75,101.1,1
ahmedabad,2023-05-11,5,3.05,54.66,107.6,1
ahmedabad,2023-05-12,5,0.24,53.87,88.9,1
ahmedabad,2023-05-13,5,1.67,50.06,55.7,1
ahmedabad,2023-05-14,5,0.31,52.82,151.6,1
ahmedabad,2023-05-15,5,4.31,53.62,136.9,1
ahmedabad,2023-05-16,5,0.67,50.85,69.0,1
ahmedabad,2023-05-17,5,0.25,50.03,81.3,1
ahmedabad,2023-05-18,5,1.08,52.65,70.4,1
ahmedabad,2023-05-19,5,0.9,50.75,72.6,1
ahmedabad,2023-05-20,5,1.41,52.91,157.7,1
ahmedabad,2023-05-21,5,1.37,52.77,72.8,1
ahmedabad,2023-05-22,5,0.91,50.23,86.8,1
ahmedabad,2023-05-23,5,0.82,56.5,22.0,1
ahmedabad,2023-05-24,5,2.41,51.38,77.0,1
ahmedabad,2023-05-25,5,1.1,49.35,83.9,1
ahmedabad,2023-05-26,5,2.39,51.97,97.6,1
ahmedabad,2023-05-27,5,1.19,53.02,150.7,1
ahmedabad,2023-05-28,5,0.21,52.28,69.8,1
ahmedabad,2023-05-29,5,0.94,52.23,45.2,1
ahmedabad,2023-05-30,5,1.82,53.55,34.8,1
ahmedabad,2023-05-31,5,5.43,49.53,89.1,1
ahmedabad,2023-06-01,6,5.7,43.96,98.0,1
ahmedabad,2023-06-02,6,25.35,42.49,90.4,1
ahmedabad,2023-06-03,6,20.6,44.46,56.6,1
ahmedabad,2023-06-04,6,20.21,46.93,102.9,1
ahmedabad,2023-06-05,6,21.44,41.85,20.0,0
ahmedabad,2023-06-06,6,37.6,42.92,86.1,1
ahmedabad,2023-06-07,6,5.4,43.7,83.0,1
ahmedabad,2023-06-08,6,15.41,44.91,99.1,1
ahmedabad,2023-06-09,6,6.77,45.16,144.7,1
ahmedabad,2023-06-10,6,23.06,43.14,76.5,1
ahmedabad,2023-06-11,6,3.34,41.82,83.1,0
ahmedabad,2023-06-12,6,1.46,43.49,94.6,1
ahmedabad,2023-06-13,6,9.37,43.24,78.8,1
ahmedabad,2023-06-14,6,13.25,45.08,21.5,1
ahmedabad,2023-06-15,6,6.71,39.41,109.2,0
ahmedabad,2023-06-16,6,3.36,46.97,107.5,1
ahmedabad,2023-06-17,6,23.5,44.98,77.3,1
ahmedabad,2023-06-18,6,26.42,46.06,86.4,1
ahmedabad,2023-06-19,6,7.33,45.8,42.7,1
ahmedabad,2023-06-20,6,12.25,47.03,63.2,1
ahmedabad,2023-06-21,6,38.86,43.65,119.4,1
ahmedabad,2023-06-22,6,11.83,45.84,88.6,1
ahmedabad,2023-06-23,6,19.72,43.89,93.2,1
ahmedabad,2023-06-24,6,24.85,43.25,92.9,1
ahmedabad,2023-06-25,6,2.77,46.24,25.7,1
ahmedabad,2023-06-26,6,20.44,43.26,144.9,1
ahmedabad,2023-06-27,6,11.29,46.24,117.1,1
ahmedabad,2023-06-28,6,14.02,46.84,93.5,1
ahmedabad,2023-06-29,6,23.52,50.17,118.8,1
ahmedabad,2023-06-30,6,4.39,45.25,112.5,1
ahmedabad,2023-07-01,7,39.57,37.01,72.1,0
ahmedabad,2023-07-02,7,10.07,39.62,52.5,0
ahmedabad,2023-07-03,7,6.89,36.32,52.8,0
ahmedabad,2023-07-04,7,13.43,39.33,45.3,0
ahmedabad,2023-07-05,7,36.46,38.04,89.0,0
ahmedabad,2023-07-06,7,1.46,35.57,102.2,0
ahmedabad,2023-07-07,7,11.31,34.46,105.6,0
ahmedabad,2023-07-08,7,19.08,39.25,89.8,0
ahmedabad,2023-07-09,7,15.66,40.49,63.3,0
ahmedabad,2023-07-10,7,7.2,38.86,99.9,0
ahmedabad,2023-07-11,7,10.41,41.99,101.8,0
ahmedabad,2023-07-12,7,19.56,36.26,89.3,0
ahmedabad,2023-07-13,7,31.12,40.13,80.3,0
ahmedabad,2023-07-14,7,22.41,40.85,69.3,0
ahmedabad,2023-07-15,7,27.34,36.74,81.6,0
ahmedabad,2023-07-16,7,7.91,38.5,115.6,0
ahmedabad,2023-07-17,7,19.19,36.54,133.9,0
ahmedabad,2023-07-18,7,3.54,39.83,104.7,0
ahmedabad,2023-07-19,7,20.42,37.58,56.0,0
ahmedabad,2023-07-20,7,6.17,34.82,95.3,0
ahmedabad,2023-07-21,7,17.47,33.68,145.1,0
ahmedabad,2023-07-22,7,16.51,38.58,119.3,0
ahmedabad,2023-07-23,7,12.14,40.44,130.0,0
ahmedabad,2023-07-24,7,9.62,37.58,113.3,0
ahmedabad,2023-07-25,7,11.33,40.23,38.2,0
ahmedabad,2023-07-26,7,40.89,39.9,121.8,0
ahmedabad,2023-07-27,7,13.51,34.37,112.8,0
ahmedabad,2023-07-28,7,22.27,35.19,69.4,0
ahmedabad,2023-07-29,7,13.64,39.16,67.6,0
ahmedabad,2023-07-30,7,27.21,39.39,89.8,0
ahmedabad,2023-07-31,7,33.74,38.4,112.4,0
ahmedabad,2023-08-01,8,21.71,34.5,76.0,0
ahmedabad,2023-08-02,8,24.72,38.19,82.2,0
ahmedabad,2023-08-03,8,30.41,35.6,20.0,0
ahmedabad,2023-08-04,8,14.16,40.36,68.1,0
ahmedabad,2023-08-05,8,24.52,39.8,103.1,0
ahmedabad,2023-08-06,8,29.73,34.7,101.2,0
ahmedabad,2023-08-07,8,9.9,40.02,154.0,0
ahmedabad,2023-08-08,8,51.62,40.41,86.9,1
ahmedabad,2023-08-09,8,5.42,37.09,20.0,0
ahmedabad,2023-08-10,8,11.75,39.93,94.8,0
ahmedabad,2023-08-11,8,3.18,38.16,121.6,0
ahmedabad,2023-08-12,8,0.7,33.09,100.8,0
ahmedabad,2023-08-13,8,22.53,39.0,45.2,0
ahmedabad,2023-08-14,8,13.06,35.52,49.1,0
ahmedabad,2023-08-15,8,19.58,39.44,88.0,0
ahmedabad,2023-08-16,8,2.88,38.19,107.3,0
ahmedabad,2023-08-17,8,7.16,35.99,51.7,0
ahmedabad,2023-08-18,8,47.29,38.67,167.1,0
ahmedabad,2023-08-19,8,7.62,38.23,77.8,0
ahmedabad,2023-08-20,8,12.49,41.12,73.6,0
ahmedabad,2023-08-21,8,9.9,34.67,118.4,0
ahmedabad,2023-08-22,8,8.35,37.64,50.9,0
ahmedabad,2023-08-23,8,18.4,37.59,139.1,0
ahmedabad,2023-08-24,8,39.56,37.54,141.7,0
ahmedabad,2023-08-25,8,25.59,39.09,38.7,0
ahmedabad,2023-08-26,8,13.37,37.45,89.0,0
ahmedabad,2023-08-27,8,23.32,38.55,107.4,0
ahmedabad,2023-08-28,8,21.25,39.61,50.4,0
ahmedabad,2023-08-29,8,13.33,37.97,135.6,0
ahmedabad,2023-08-30,8,32.94,38.99,87.8,0
ahmedabad,2023-08-31,8,12.23,39.9,99.6,0
ahmedabad,2023-09-01,9,7.42,36.96,122.8,0
ahmedabad,2023-09-02,9,10.32,35.87,142.6,0
ahmedabad,2023-09-03,9,4.63,38.02,135.3,0
ahmedabad,2023-09-04,9,3.05,39.51,89.6,0
ahmedabad,2023-09-05,9,8.84,37.13,75.1,0
ahmedabad,2023-09-06,9,0.96,39.53,128.7,0
ahmedabad,2023-09-07,9,6.42,34.38,111.9,0
ahmedabad,2023-09-08,9,16.48,40.61,112.6,0
ahmedabad,2023-09-09,9,1.97,38.59,79.2,0
ahmedabad,2023-09-10,9,22.89,43.22,124.5,1
ahmedabad,2023-09-11,9,10.95,39.66,58.0,0
ahmedabad,2023-09-12,9,4.97,35.98,50.2,0
ahmedabad,2023-09-13,9,10.5,39.61,117.1,0
ahmedabad,2023-09-14,9,14.62,37.15,117.7,0
ahmedabad,2023-09-15,9,3.25,39.11,113.7,0
ahmedabad,2023-09-16,9,22.24,36.45,113.8,0
ahmedabad,2023-09-17,9,18.05,37.43,153.3,0
ahmedabad,2023-09-18,9,9.03,38.9,116.7,0
ahmedabad,2023-09-19,9,2.51,39.54,81.0,0
ahmedabad,2023-09-20,9,3.77,38.36,93.1,0
ahmedabad,2023-09-21,9,4.23,38.47,122.8,0
ahmedabad,2023-09-22,9,7.4,37.33,95.0,0
ahmedabad,2023-09-23,9,2.36,35.57,73.9,0
ahmedabad,2023-09-24,9,6.94,38.58,45.2,0
ahmedabad,2023-09-25,9,11.22,36.32,68.5,0
ahmedabad,2023-09-26,9,6.44,39.53,122.8,0
ahmedabad,2023-09-27,9,8.18,39.77,84.8,0
ahmedabad,2023-09-28,9,5.9,37.35,90.7,0
ahmedabad,2023-09-29,9,2.48,37.55,55.7,0
ahmedabad,2023-09-30,9,20.35,43.32,103.9,1
ahmedabad,2023-10-01,10,1.01,38.14,96.5,0
ahmedabad,2023-10-02,10,3.17,36.55,123.1,0
ahmedabad,2023-10-03,10,1.62,36.01,85.8,0
ahmedabad,2023-10-04,10,4.23,36.62,155.5,0
ahmedabad,2023-10-05,10,1.79,37.78,107.8,0
ahmedabad,2023-10-06,10,0.75,37.19,104.6,0
ahmedabad,2023-10-07,10,0.9,40.66,169.3,0
ahmedabad,2023-10-08,10,2.25,39.53,102.6,0
ahmedabad,2023-10-09,10,0.6,40.14,137.9,0
ahmedabad,2023-10-10,10,0.69,38.17,160.2,0
ahmedabad,2023-10-11,10,1.2,40.04,134.7,0
ahmedabad,2023-10-12,10,0.95,33.83,139.8,0
ahmedabad,2023-10-13,10,1.03,40.72,147.3,0
ahmedabad,2023-10-14,10,1.71,36.85,134.0,0
ahmedabad,2023-10-15,10,3.01,36.34,135.6,0
ahmedabad,2023-10-16,10,0.49,40.26,158.0,0
ahmedabad,2023-10-17,10,2.25,38.95,77.1,0
ahmedabad,2023-10-18,10,2.43,39.09,132.9,0
ahmedabad,2023-10-19,10,2.14,39.88,171.7,0
ahmedabad,2023-10-20,10,0.04,37.4,175.7,0
ahmedabad,2023-10-21,10,1.46,37.03,144.8,0
ahmedabad,2023-10-22,10,1.72,41.23,160.6,0
ahmedabad,2023-10-23,10,1.88,43.5,157.8,1
ahmedabad,2023-10-24,10,0.66,38.29,180.5,0
ahmedabad,2023-10-25,10,0.54,41.51,132.0,0
ahmedabad,2023-10-26,10,1.18,36.76,158.9,0
ahmedabad,2023-10-27,10,3.23,33.77,123.2,0
ahmedabad,2023-10-28,10,0.8,38.21,125.5,0
ahmedabad,2023-10-29,10,0.37,41.08,128.6,0
ahmedabad,2023-10-30,10,1.48,32.83,145.6,0
ahmedabad,2023-10-31,10,2.17,38.28,112.5,0
ahmedabad,2023-11-01,11,0.5,37.67,200.9,0
ahmedabad,2023-11-02,11,3.12,37.54,175.1,0
ahmedabad,2023-11-03,11,0.51,39.77,220.1,0
ahmedabad,2023-11-04,11,0.93,36.6,183.7,0
ahmedabad,2023-11-05,11,0.91,38.33,144.2,0
ahmedabad,2023-11-06,11,1.32,38.48,165.3,0
ahmedabad,2023-11-07,11,1.87,39.09,280.4,0
ahmedabad,2023-11-08,11,1.05,38.9,197.5,0
ahmedabad,2023-11-09,11,0.07,41.22,193.3,0
ahmedabad,2023-11-10,11,0.84,40.14,218.9,0
ahmedabad,2023-11-11,11,4.37,36.33,169.3,0
ahmedabad,2023-11-12,11,0.79,38.95,207.0,0
ahmedabad,2023-11-13,11,2.94,37.61,236.3,0
ahmedabad,2023-11-14,11,1.33,36.33,126.7,0
ahmedabad,2023-11-15,11,1.22,40.91,135.7,0
ahmedabad,2023-11-16,11,0.92,39.35,125.3,0
ahmedabad,2023-11-17,11,1.05,35.72,166.1,0
ahmedabad,2023-11-18,11,0.58,37.88,246.8,0
ahmedabad,2023-11-19,11,2.14,40.02,195.2,0
ahmedabad,2023-11-20,11,1.7,39.66,185.8,0
ahmedabad,2023-11-21,11,1.82,42.93,255.7,1
ahmedabad,2023-11-22,11,0.2,38.17,245.4,0
ahmedabad,2023-11-23,11,1.97,37.14,166.9,0
ahmedabad,2023-11-24,11,2.05,36.38,224.7,0
ahmedabad,2023-11-25,11,3.71,40.83,147.6,0
ahmedabad,2023-11-26,11,1.7,36.84,120.4,0
ahmedabad,2023-11-27,11,0.96,33.88,178.2,0
ahmedabad,2023-11-28,11,2.89,41.94,176.2,0
ahmedabad,2023-11-29,11,0.51,34.43,151.5,0
ahmedabad,2023-11-30,11,0.71,37.14,175.8,0
ahmedabad,2023-12-01,12,0.4,27.23,248.5,0
ahmedabad,2023-12-02,12,0.33,27.97,289.5,0
ahmedabad,2023-12-03,12,1.19,26.64,231.8,0
ahmedabad,2023-12-04,12,0.22,27.31,237.3,0
ahmedabad,2023-12-05,12,1.31,28.45,234.3,0
ahmedabad,2023-12-06,12,1.67,26.66,212.7,0
ahmedabad,2023-12-07,12,0.55,23.5,199.6,0
ahmedabad,2023-12-08,12,2.89,26.04,274.2,0
ahmedabad,2023-12-09,12,0.96,31.87,291.1,0
ahmedabad,2023-12-10,12,1.33,29.76,258.7,0
ahmedabad,2023-12-11,12,1.97,31.24,262.7,0
ahmedabad,2023-12-12,12,0.47,29.5,209.2,0
ahmedabad,2023-12-13,12,0.08,26.19,209.9,0
ahmedabad,2023-12-14,12,0.51,30.37,204.5,0
ahmedabad,2023-12-15,12,3.18,26.16,206.9,0
ahmedabad,2023-12-16,12,0.6,26.89,200.6,0
ahmedabad,2023-12-17,12,0.25,26.5,250.5,0
ahmedabad,2023-12-18,12,2.08,26.42,227.6,0
ahmedabad,2023-12-19,12,1.3,25.24,211.0,0
ahmedabad,2023-12-20,12,1.03,27.34,247.7,0
ahmedabad,2023-12-21,12,2.2,25.84,221.9,0
ahmedabad,2023-12-22,12,2.79,24.97,179.4,0
ahmedabad,2023-12-23,12,1.96,26.79,213.5,0
ahmedabad,2023-12-24,12,2.48,25.18,241.2,0
ahmedabad,2023-12-25,12,3.15,25.43,225.1,0
ahmedabad,2023-12-26,12,1.35,27.07,223.1,0
ahmedabad,2023-12-27,12,1.07,27.48,252.6,0
ahmedabad,2023-12-28,12,2.28,26.95,233.6,0
ahmedabad,2023-12-29,12,2.76,25.6,199.5,0
ahmedabad,2023-12-30,12,1.03,26.53,249.5,0
ahmedabad,2023-12-31,12,2.87,21.87,207.1,0
ahmedabad,2024-01-01,1,0.98,26.03,257.2,0
ahmedabad,2024-01-02,1,2.32,26.61,301.4,0
ahmedabad,2024-01-03,1,2.81,24.53,206.9,0
ahmedabad,2024-01-04,1,1.85,24.25,304.9,0
ahmedabad,2024-01-05,1,0.38,26.28,274.6,0
ahmedabad,2024-01-06,1,1.93,24.63,266.2,0
ahmedabad,2024-01-07,1,1.47,23.9,250.3,0
ahmedabad,2024-01-08,1,0.12,23.93,220.7,0
ahmedabad,2024-01-09,1,1.36,24.75,217.9,0
ahmedabad,2024-01-10,1,1.44,23.02,265.5,0
ahmedabad,2024-01-11,1,1.8,23.05,248.6,0
ahmedabad,2024-01-12,1,1.64,22.29,249.9,0
ahmedabad,2024-01-13,1,0.77,25.93,240.5,0
ahmedabad,2024-01-14,1,0.83,23.34,280.9,0
ahmedabad,2024-01-15,1,0.53,25.95,257.9,0
ahmedabad,2024-01-16,1,1.1,27.08,262.7,0
ahmedabad,2024-01-17,1,1.39,23.3,271.0,0
ahmedabad,2024-01-18,1,2.39,24.1,252.4,0
ahmedabad,2024-01-19,1,0.65,22.17,255.3,0
ahmedabad,2024-01-20,1,2.17,24.5,278.0,0
ahmedabad,2024-01-21,1,2.05,21.02,288.3,0
ahmedabad,2024-01-22,1,0.96,23.9,237.3,0
ahmedabad,2024-01-23,1,0.57,24.59,233.2,0
ahmedabad,2024-01-24,1,1.6,23.52,223.4,0
ahmedabad,2024-01-25,1,2.14,29.51,238.8,0
ahmedabad,2024-01-26,1,0.68,26.11,284.8,0
ahmedabad,2024-01-27,1,4.86,24.71,324.0,0
ahmedabad,2024-01-28,1,2.21,24.68,208.8,0
ahmedabad,2024-01-29,1,2.09,24.8,239.7,0
ahmedabad,2024-01-30,1,3.23,21.48,287.2,0
ahmedabad,2024-01-31,1,0.95,24.69,232.0,0
ahmedabad,2024-02-01,2,1.41,25.97,125.6,0
ahmedabad,2024-02-02,2,0.96,27.43,144.5,0
ahmedabad,2024-02-03,2,5.87,26.43,57.5,0
ahmedabad,2024-02-04,2,0.68,28.03,124.1,0
ahmedabad,2024-02-05,2,1.68,26.97,116.7,0
ahmedabad,2024-02-06,2,0.83,24.76,126.4,0
ahmedabad,2024-02-07,2,0.17,27.65,77.2,0
ahmedabad,2024-02-08,2,0.66,26.7,44.5,0
ahmedabad,2024-02-09,2,0.13,25.16,66.5,0
ahmedabad,2024-02-10,2,1.31,25.28,130.6,0
ahmedabad,2024-02-11,2,0.4,28.72,120.3,0
ahmedabad,2024-02-12,2,0.73,24.62,98.6,0
ahmedabad,2024-02-13,2,0.53,25.8,143.5,0
ahmedabad,2024-02-14,2,1.47,26.73,75.8,0
ahmedabad,2024-02-15,2,2.6,25.67,101.4,0
ahmedabad,2024-02-16,2,0.4,24.55,71.5,0
ahmedabad,2024-02-17,2,2.46,30.52,85.7,0
ahmedabad,2024-02-18,2,4.56,26.15,66.8,0
ahmedabad,2024-02-19,2,0.41,33.03,102.6,0
ahmedabad,2024-02-20,2,3.51,28.31,68.5,0
ahmedabad,2024-02-21,2,0.82,27.28,88.8,0
ahmedabad,2024-02-22,2,0.87,27.37,129.3,0
ahmedabad,2024-02-23,2,0.74,28.98,55.3,0
ahmedabad,2024-02-24,2,0.92,25.56,93.9,0
ahmedabad,2024-02-25,2,1.69,27.78,140.9,0
ahmedabad,2024-02-26,2,1.06,26.17,86.9,0
ahmedabad,2024-02-27,2,0.29,29.08,107.5,0
ahmedabad,2024-02-28,2,2.72,25.23,120.4,0
ahmedabad,2024-02-29,2,1.26,26.24,105.7,0
ahmedabad,2024-03-01,3,1.65,35.04,20.0,0
ahmedabad,2024-03-02,3,2.74,36.33,97.3,0
ahmedabad,2024-03-03,3,2.02,37.18,57.7,0
ahmedabad,2024-03-04,3,0.48,34.53,40.1,0
ahmedabad,2024-03-05,3,0.62,43.07,88.5,1
ahmedabad,2024-03-06,3,3.98,40.33,99.8,0
ahmedabad,2024-03-07,3,1.84,38.3,145.3,0
ahmedabad,2024-03-08,3,2.24,36.39,124.4,0
ahmedabad,2024-03-09,3,3.28,40.69,64.3,0
ahmedabad,2024-03-10,3,0.67,40.32,80.9,0
ahmedabad,2024-03-11,3,1.53,39.76,107.3,0
ahmedabad,2024-03-12,3,1.34,40.25,96.3,0
ahmedabad,2024-03-13,3,2.74,34.03,59.1,0
ahmedabad,2024-03-14,3,0.09,37.35,66.8,0
ahmedabad,2024-03-15,3,0.37,38.26,93.7,0
ahmedabad,2024-03-16,3,1.17,38.26,44.7,0
ahmedabad,2024-03-17,3,0.3,41.33,47.8,0
ahmedabad,2024-03-18,3,0.28,36.1,102.6,0
ahmedabad,2024-03-19,3,2.92,37.89,128.2,0
ahmedabad,2024-03-20,3,2.16,35.71,43.7,0
ahmedabad,2024-03-21,3,1.06,35.13,116.7,0
ahmedabad,2024-03-22,3,2.06,36.16,140.2,0
ahmedabad,2024-03-23,3,3.19,39.11,84.7,0
ahmedabad,2024-03-24,3,0.9,37.97,79.9,0
ahmedabad,2024-03-25,3,0.56,34.92,114.9,0
ahmedabad,2024-03-26,3,0.94,34.15,63.8,0
ahmedabad,2024-03-27,3,0.96,37.14,110.6,0
ahmedabad,2024-03-28,3,0.35,38.03,73.3,0
ahmedabad,2024-03-29,3,1.64,37.58,91.1,0
ahmedabad,2024-03-30,3,0.21,36.95,170.6,0
ahmedabad,2024-03-31,3,1.96,38.92,128.1,0
ahmedabad,2024-04-01,4,0.98,48.71,97.1,1
ahmedabad,2024-04-02,4,1.46,49.45,103.4,1
ahmedabad,2024-04-03,4,4.8,46.21,72.8,1
ahmedabad,2024-04-04,4,0.94,48.14,89.1,1
ahmedabad,2024-04-05,4,0.25,46.03,53.5,1
ahmedabad,2024-04-06,4,1.97,46.75,70.6,1
ahmedabad,2024-04-07,4,1.91,49.84,43.3,1
ahmedabad,2024-04-08,4,1.13,43.41,93.4,1
ahmedabad,2024-04-09,4,0.96,45.26,135.5,1
ahmedabad,2024-04-10,4,2.66,44.95,106.8,1
ahmedabad,2024-04-11,4,1.38,47.8,85.9,1
ahmedabad,2024-04-12,4,0.26,46.25,129.2,1
ahmedabad,2024-04-13,4,3.59,47.95,87.4,1
ahmedabad,2024-04-14,4,2.72,46.9,102.8,1
ahmedabad,2024-04-15,4,0.57,44.12,108.1,1
ahmedabad,2024-04-16,4,2.25,45.03,106.9,1
ahmedabad,2024-04-17,4,1.51,45.81,113.9,1
ahmedabad,2024-04-18,4,1.04,44.98,101.2,1
ahmedabad,2024-04-19,4,1.25,42.11,62.7,1
ahmedabad,2024-04-20,4,5.0,46.15,59.3,1
ahmedabad,2024-04-21,4,0.31,46.31,68.1,1
ahmedabad,2024-04-22,4,1.35,46.26,103.5,1
ahmedabad,2024-04-23,4,1.27,42.8,44.4,1
ahmedabad,2024-04-24,4,0.47,47.09,52.0,1
ahmedabad,2024-04-25,4,0.69,42.64,66.1,1
ahmedabad,2024-04-26,4,2.17,48.11,105.7,1
ahmedabad,2024-04-27,4,2.26,46.97,89.8,1
ahmedabad,2024-04-28,4,0.66,44.44,91.9,1
ahmedabad,2024-04-29,4,2.64,48.26,97.2,1
ahmedabad,2024-04-30,4,0.86,46.77,94.4,1
ahmedabad,2024-05-01,5,1.29,53.13,95.7,1
ahmedabad,2024-05-02,5,0.31,48.36,77.8,1
ahmedabad,2024-05-03,5,0.64,52.61,86.4,1
ahmedabad,2024-05-04,5,1.25,52.48,80.1,1
ahmedabad,2024-05-05,5,3.8,53.0,116.6,1
ahmedabad,2024-05-06,5,2.01,50.28,111.1,1
ahmedabad,2024-05-07,5,0.4,52.69,76.0,1
ahmedabad,2024-05-08,5,1.14,51.7,76.3,1
ahmedabad,2024-05-09,5,0.97,50.07,48.5,1
ahmedabad,2024-05-10,5,1.21,51.43,62.9,1
ahmedabad,2024-05-11,5,2.6,48.61,81.0,1
ahmedabad,2024-05-12,5,0.54,48.58,76.8,1
ahmedabad,2024-05-13,5,4.25,47.88,128.7,1
ahmedabad,2024-05-14,5,0.67,51.58,87.8,1
ahmedabad,2024-05-15,5,0.34,50.35,96.9,1
ahmedabad,2024-05-16,5,1.96,51.78,85.1,1
ahmedabad,2024-05-17,5,1.98,50.43,104.1,1
ahmedabad,2024-05-18,5,1.15,51.15,65.9,1
ahmedabad,2024-05-19,5,4.58,51.55,88.7,1
ahmedabad,2024-05-20,5,1.99,51.98,37.3,1
ahmedabad,2024-05-21,5,1.18,44.89,127.3,1
ahmedabad,2024-05-22,5,2.37,47.63,58.4,1
ahmedabad,2024-05-23,5,2.33,52.67,120.2,1
ahmedabad,2024-05-24,5,0.77,52.18,66.7,1
ahmedabad,2024-05-25,5,0.99,51.22,49.8,1
ahmedabad,2024-05-26,5,1.12,52.02,98.3,1
ahmedabad,2024-05-27,5,2.24,54.17,93.4,1
ahmedabad,2024-05-28,5,0.65,50.24,79.8,1
ahmedabad,2024-05-29,5,1.02,53.35,97.7,1
ahmedabad,2024-05-30,5,0.48,51.88,118.4,1
ahmedabad,2024-05-31,5,5.12,50.87,87.5,1
ahmedabad,2024-06-01,6,17.31,45.46,23.4,1
ahmedabad,2024-06-02,6,8.52,47.15,162.5,1
ahmedabad,2024-06-03,6,23.05,49.33,110.6,1
ahmedabad,2024-06-04,6,8.34,42.98,83.6,1
ahmedabad,2024-06-05,6,12.24,44.24,112.9,1
ahmedabad,2024-06-06,6,8.47,46.27,63.8,1
ahmedabad,2024-06-07,6,17.06,43.7,127.1,1
ahmedabad,2024-06-08,6,1.43,44.69,63.5,1
ahmedabad,2024-06-09,6,27.07,45.36,79.8,1
ahmedabad,2024-06-10,6,1.12,42.84,111.4,1
ahmedabad,2024-06-11,6,12.79,48.72,122.0,1
ahmedabad,2024-06-12,6,42.6,43.0,77.8,1
ahmedabad,2024-06-13,6,36.73,46.82,130.6,1
ahmedabad,2024-06-14,6,25.73,44.4,78.7,1
ahmedabad,2024-06-15,6,5.53,45.53,107.8,1
ahmedabad,2024-06-16,6,12.28,44.29,133.2,1
ahmedabad,2024-06-17,6,15.02,47.03,86.3,1
ahmedabad,2024-06-18,6,10.06,45.34,121.3,1
ahmedabad,2024-06-19,6,4.18,47.09,86.9,1
ahmedabad,2024-06-20,6,10.63,50.54,75.2,1
ahmedabad,2024-06-21,6,7.69,46.01,86.9,1
ahmedabad,2024-06-22,6,14.5,43.4,112.7,1
ahmedabad,2024-06-23,6,9.77,49.0,63.6,1
ahmedabad,2024-06-24,6,7.15,43.84,38.0,1
ahmedabad,2024-06-25,6,18.66,48.0,114.6,1
ahmedabad,2024-06-26,6,6.4,44.94,129.7,1
ahmedabad,2024-06-27,6,9.14,43.13,78.4,1
ahmedabad,2024-06-28,6,7.97,46.48,66.3,1
ahmedabad,2024-06-29,6,9.86,44.03,50.6,1
ahmedabad,2024-06-30,6,4.67,47.69,112.5,1
ahmedabad,2024-07-01,7,48.1,38.97,24.0,0
ahmedabad,2024-07-02,7,8.06,35.76,106.8,0
ahmedabad,2024-07-03,7,14.22,32.0,95.5,0
ahmedabad,2024-07-04,7,60.47,39.24,55.8,1
ahmedabad,2024-07-05,7,3.19,40.49,132.5,0
ahmedabad,2024-07-06,7,44.19,38.63,67.4,0
ahmedabad,2024-07-07,7,1.74,36.61,136.5,0
ahmedabad,2024-07-08,7,15.83,37.84,118.4,0
ahmedabad,2024-07-09,7,22.0,39.66,64.7,0
ahmedabad,2024-07-10,7,12.05,38.06,99.5,0
ahmedabad,2024-07-11,7,38.39,39.57,61.9,0
ahmedabad,2024-07-12,7,2.73,37.09,109.4,0
ahmedabad,2024-07-13,7,48.04,37.62,55.0,0
ahmedabad,2024-07-14,7,17.22,39.17,76.8,0
ahmedabad,2024-07-15,7,6.45,36.88,125.1,0
ahmedabad,2024-07-16,7,4.8,37.58,74.1,0
ahmedabad,2024-07-17,7,17.72,36.94,83.6,0
ahmedabad,2024-07-18,7,11.33,41.71,147.3,0
ahmedabad,2024-07-19,7,29.04,37.82,66.5,0
ahmedabad,2024-07-20,7,31.15,34.19,86.4,0
ahmedabad,2024-07-21,7,10.96,36.91,81.1,0
ahmedabad,2024-07-22,7,3.17,39.18,81.7,0
ahmedabad,2024-07-23,7,43.04,38.53,82.3,0
ahmedabad,2024-07-24,7,5.52,38.85,133.2,0
ahmedabad,2024-07-25,7,17.37,35.57,111.1,0
ahmedabad,2024-07-26,7,10.74,40.4,84.8,0
ahmedabad,2024-07-27,7,19.14,36.4,126.6,0
ahmedabad,2024-07-28,7,13.34,33.36,34.9,0
ahmedabad,2024-07-29,7,52.28,38.03,122.2,1
ahmedabad,2024-07-30,7,23.21,36.37,98.5,0
ahmedabad,2024-07-31,7,42.66,33.22,85.2,0
ahmedabad,2024-08-01,8,5.84,39.49,107.9,0
ahmedabad,2024-08-02,8,17.59,39.58,103.3,0
ahmedabad,2024-08-03,8,13.82,39.37,88.3,0
ahmedabad,2024-08-04,8,26.16,38.85,69.2,0
ahmedabad,2024-08-05,8,1.88,39.47,99.3,0
ahmedabad,2024-08-06,8,2.67,35.37,142.6,0
ahmedabad,2024-08-07,8,11.53,35.01,84.0,0
ahmedabad,2024-08-08,8,6.77,40.97,88.8,0
ahmedabad,2024-08-09,8,32.31,39.7,128.1,0
ahmedabad,2024-08-10,8,27.27,39.58,50.7,0
ahmedabad,2024-08-11,8,8.14,37.84,97.7,0
ahmedabad,2024-08-12,8,11.9,37.29,105.1,0
ahmedabad,2024-08-13,8,8.91,37.68,66.2,0
ahmedabad,2024-08-14,8,15.72,38.09,87.6,0
ahmedabad,2024-08-15,8,5.48,39.23,81.8,0
ahmedabad,2024-08-16,8,12.43,38.56,105.2,0
ahmedabad,2024-08-17,8,15.9,40.1,88.7,0
ahmedabad,2024-08-18,8,3.75,39.37,110.8,0
ahmedabad,2024-08-19,8,5.36,39.55,78.9,0
ahmedabad,2024-08-20,8,2.97,36.25,115.2,0
ahmedabad,2024-08-21,8,13.3,39.51,75.3,0
ahmedabad,2024-08-22,8,7.11,36.42,88.9,0
ahmedabad,2024-08-23,8,6.44,37.45,98.7,0
ahmedabad,2024-08-24,8,3.0,37.21,112.4,0
ahmedabad,2024-08-25,8,2.64,35.49,79.0,0
ahmedabad,2024-08-26,8,15.51,38.9,106.1,0
ahmedabad,2024-08-27,8,9.42,39.09,69.9,0
ahmedabad,2024-08-28,8,9.67,38.78,58.3,0
ahmedabad,2024-08-29,8,13.09,39.36,91.2,0
ahmedabad,2024-08-30,8,23.16,43.04,94.2,1
ahmedabad,2024-08-31,8,13.05,40.56,79.5,0
ahmedabad,2024-09-01,9,11.37,38.24,22.0,0
ahmedabad,2024-09-02,9,17.79,37.97,37.3,0
ahmedabad,2024-09-03,9,4.57,38.42,110.0,0
ahmedabad,2024-09-04,9,10.9,37.87,68.6,0
ahmedabad,2024-09-05,9,10.98,36.17,68.7,0
ahmedabad,2024-09-06,9,7.02,34.9,99.9,0
ahmedabad,2024-09-07,9,9.3,40.3,84.6,0
ahmedabad,2024-09-08,9,16.85,40.26,105.9,0
ahmedabad,2024-09-09,9,13.94,40.9,116.9,0
ahmedabad,2024-09-10,9,3.58,37.75,85.4,0
ahmedabad,2024-09-11,9,3.51,41.16,129.7,0
ahmedabad,2024-09-12,9,12.41,38.66,37.1,0
ahmedabad,2024-09-13,9,5.62,39.64,93.8,0
ahmedabad,2024-09-14,9,4.47,40.31,125.2,0
ahmedabad,2024-09-15,9,15.96,38.57,83.6,0
ahmedabad,2024-09-16,9,3.63,38.14,75.9,0
ahmedabad,2024-09-17,9,13.56,37.32,108.2,0
ahmedabad,2024-09-18,9,9.13,36.0,20.0,0
ahmedabad,2024-09-19,9,2.93,39.12,121.3,0
ahmedabad,2024-09-20,9,4.55,37.34,76.9,0
ahmedabad,2024-09-21,9,16.54,41.12,109.8,0
ahmedabad,2024-09-22,9,6.58,39.31,90.6,0
ahmedabad,2024-09-23,9,8.74,39.34,107.7,0
ahmedabad,2024-09-24,9,1.18,39.98,85.3,0
ahmedabad,2024-09-25,9,1.6,36.94,123.8,0
ahmedabad,2024-09-26,9,11.14,37.66,109.5,0
ahmedabad,2024-09-27,9,3.73,38.25,83.1,0
ahmedabad,2024-09-28,9,10.05,34.29,89.4,0
ahmedabad,2024-09-29,9,9.23,36.09,120.6,0
ahmedabad,2024-09-30,9,4.4,39.62,57.5,0
ahmedabad,2024-10-01,10,2.62,39.76,169.6,0
ahmedabad,2024-10-02,10,2.05,37.94,116.7,0
ahmedabad,2024-10-03,10,0.97,38.26,183.2,0
ahmedabad,2024-10-04,10,1.54,40.94,211.4,0
ahmedabad,2024-10-05,10,1.29,36.69,109.2,0
ahmedabad,2024-10-06,10,0.5,38.71,79.2,0
ahmedabad,2024-10-07,10,0.52,33.25,138.6,0
ahmedabad,2024-10-08,10,0.97,39.78,91.0,0
ahmedabad,2024-10-09,10,1.27,36.51,121.4,0
ahmedabad,2024-10-10,10,1.09,37.46,139.4,0
ahmedabad,2024-10-11,10,1.39,35.66,156.0,0
ahmedabad,2024-10-12,10,2.29,38.55,158.3,0
ahmedabad,2024-10-13,10,2.59,40.42,87.8,0
ahmedabad,2024-10-14,10,1.38,37.91,178.2,0
ahmedabad,2024-10-15,10,1.62,38.93,89.8,0
ahmedabad,2024-10-16,10,3.44,37.79,112.8,0
ahmedabad,2024-10-17,10,3.52,38.07,119.8,0
ahmedabad,2024-10-18,10,0.62,38.74,102.7,0
ahmedabad,2024-10-19,10,1.56,37.47,186.3,0
ahmedabad,2024-10-20,10,2.53,38.77,132.0,0
ahmedabad,2024-10-21,10,0.13,34.06,104.2,0
ahmedabad,2024-10-22,10,1.31,37.69,94.3,0
ahmedabad,2024-10-23,10,0.76,37.53,89.3,0
ahmedabad,2024-10-24,10,0.8,41.33,157.3,0
ahmedabad,2024-10-25,10,1.65,38.88,116.1,0
ahmedabad,2024-10-26,10,1.45,38.33,199.8,0
ahmedabad,2024-10-27,10,1.38,36.11,211.9,0
ahmedabad,2024-10-28,10,3.58,36.38,147.5,0
ahmedabad,2024-10-29,10,0.99,38.22,117.0,0
ahmedabad,2024-10-30,10,1.97,37.82,114.0,0
ahmedabad,2024-10-31,10,0.14,37.54,155.1,0
ahmedabad,2024-11-01,11,2.4,37.82,172.9,0
ahmedabad,2024-11-02,11,3.28,33.71,138.0,0
ahmedabad,2024-11-03,11,1.33,38.09,195.7,0
ahmedabad,2024-11-04,11,2.13,41.5,207.5,0
ahmedabad,2024-11-05,11,1.19,37.38,137.6,0
ahmedabad,2024-11-06,11,2.76,37.1,140.3,0
ahmedabad,2024-11-07,11,0.95,37.44,148.4,0
ahmedabad,2024-11-08,11,1.58,38.34,139.2,0
ahmedabad,2024-11-09,11,0.15,37.01,153.0,0
ahmedabad,2024-11-10,11,1.26,36.6,164.5,0
ahmedabad,2024-11-11,11,0.61,37.17,171.3,0
ahmedabad,2024-11-12,11,2.08,38.23,164.0,0
ahmedabad,2024-11-13,11,3.85,37.71,214.7,0
ahmedabad,2024-11-14,11,0.31,42.18,134.1,1
ahmedabad,2024-11-15,11,3.91,37.86,180.4,0
ahmedabad,2024-11-16,11,1.97,36.68,193.4,0
ahmedabad,2024-11-17,11,1.4,41.29,125.8,0
ahmedabad,2024-11-18,11,4.69,36.23,154.7,0
ahmedabad,2024-11-19,11,2.18,36.71,152.3,0
ahmedabad,2024-11-20,11,2.91,38.77,159.7,0
ahmedabad,2024-11-21,11,0.34,35.35,261.8,0
ahmedabad,2024-11-22,11,1.44,34.02,142.3,0
ahmedabad,2024-11-23,11,0.6,35.27,172.5,0
ahmedabad,2024-11-24,11,1.17,36.89,126.2,0
ahmedabad,2024-11-25,11,0.6,37.67,233.4,0
ahmedabad,2024-11-26,11,0.93,35.2,202.3,0
ahmedabad,2024-11-27,11,0.96,38.37,185.0,0
ahmedabad,2024-11-28,11,2.43,37.0,203.5,0
ahmedabad,2024-11-29,11,0.44,35.23,151.6,0
ahmedabad,2024-11-30,11,1.3,40.41,215.5,0
ahmedabad,2024-12-01,12,0.5,31.71,312.9,0
ahmedabad,2024-12-02,12,1.01,24.77,199.4,0
ahmedabad,2024-12-03,12,3.93,25.78,209.8,0
ahmedabad,2024-12-04,12,0.62,23.61,237.2,0
ahmedabad,2024-12-05,12,0.09,27.44,274.3,0
ahmedabad,2024-12-06,12,1.97,26.43,243.0,0
ahmedabad,2024-12-07,12,1.48,25.94,261.0,0
ahmedabad,2024-12-08,12,0.82,25.23,187.3,0
ahmedabad,2024-12-09,12,0.53,25.73,234.7,0
ahmedabad,2024-12-10,12,1.26,26.52,209.9,0
ahmedabad,2024-12-11,12,0.5,26.08,238.7,0
ahmedabad,2024-12-12,12,2.4,26.34,296.0,0
ahmedabad,2024-12-13,12,0.46,25.23,256.2,0
ahmedabad,2024-12-14,12,0.72,25.98,206.8,0
ahmedabad,2024-12-15,12,0.87,26.65,174.9,0
ahmedabad,2024-12-16,12,0.69,26.23,235.8,0
ahmedabad,2024-12-17,12,3.15,33.42,252.0,0
ahmedabad,2024-12-18,12,0.13,27.04,211.7,0
ahmedabad,2024-12-19,12,1.38,24.89,265.1,0
ahmedabad,2024-12-20,12,0.71,25.29,223.7,0
ahmedabad,2024-12-21,12,0.29,21.54,228.0,0
ahmedabad,2024-12-22,12,2.45,25.54,227.9,0
ahmedabad,2024-12-23,12,2.48,24.87,263.7,0
ahmedabad,2024-12-24,12,5.34,26.17,188.5,0
ahmedabad,2024-12-25,12,3.2,26.92,200.3,0
ahmedabad,2024-12-26,12,1.05,28.65,275.7,0
ahmedabad,2024-12-27,12,0.64,31.11,257.4,0
ahmedabad,2024-12-28,12,1.0,24.37,226.2,0
ahmedabad,2024-12-29,12,0.42,27.46,207.1,0
ahmedabad,2024-12-30,12,2.04,26.18,238.3,0
ahmedabad,2024-12-31,12,0.75,23.45,187.8,0
ahmedabad,2025-01-01,1,0.88,22.83,280.9,0
ahmedabad,2025-01-02,1,1.26,21.99,245.7,0
ahmedabad,2025-01-03,1,0.63,26.98,250.5,0
ahmedabad,2025-01-04,1,0.39,24.4,296.5,0
ahmedabad,2025-01-05,1,1.22,27.39,284.2,0
ahmedabad,2025-01-06,1,0.17,23.56,224.9,0
ahmedabad,2025-01-07,1,0.48,23.45,207.4,0
ahmedabad,2025-01-08,1,0.12,27.88,302.3,0
ahmedabad,2025-01-09,1,0.74,22.88,265.7,0
ahmedabad,2025-01-10,1,3.25,23.19,260.8,0
ahmedabad,2025-01-11,1,1.32,20.86,263.4,0
ahmedabad,2025-01-12,1,0.98,27.11,230.9,0
ahmedabad,2025-01-13,1,0.29,23.01,288.1,0
ahmedabad,2025-01-14,1,1.2,26.64,251.7,0
ahmedabad,2025-01-15,1,0.44,24.14,225.6,0
ahmedabad,2025-01-16,1,0.86,24.64,206.3,0
ahmedabad,2025-01-17,1,1.99,26.99,224.1,0
ahmedabad,2025-01-18,1,0.53,22.26,244.9,0
ahmedabad,2025-01-19,1,1.0,24.8,180.1,0
ahmedabad,2025-01-20,1,0.78,25.71,280.5,0
ahmedabad,2025-01-21,1,1.17,26.12,262.8,0
ahmedabad,2025-01-22,1,0.63,25.05,247.6,0
ahmedabad,2025-01-23,1,0.43,24.87,237.7,0
ahmedabad,2025-01-24,1,1.27,25.26,295.4,0
ahmedabad,2025-01-25,1,1.62,24.34,229.3,0
ahmedabad,2025-01-26,1,0.37,28.71,254.5,0
ahmedabad,2025-01-27,1,1.78,23.59,230.0,0
ahmedabad,2025-01-28,1,0.45,23.23,232.2,0
ahmedabad,2025-01-29,1,2.03,25.42,316.0,0
ahmedabad,2025-01-30,1,0.47,20.71,277.7,0
ahmedabad,2025-01-31,1,0.99,23.5,196.8,0
ahmedabad,2025-02-01,2,1.63,28.91,92.7,0
ahmedabad,2025-02-02,2,1.22,26.26,124.9,0
ahmedabad,2025-02-03,2,1.37,29.83,77.9,0
ahmedabad,2025-02-04,2,0.69,26.97,81.8,0
ahmedabad,2025-02-05,2,0.05,30.53,92.0,0
ahmedabad,2025-02-06,2,1.44,27.3,96.1,0
ahmedabad,2025-02-07,2,0.99,27.55,117.0,0
ahmedabad,2025-02-08,2,2.51,28.93,110.0,0
ahmedabad,2025-02-09,2,4.5,27.67,82.7,0
ahmedabad,2025-02-10,2,1.42,24.41,106.8,0
ahmedabad,2025-02-11,2,1.4,26.17,35.9,0
ahmedabad,2025-02-12,2,1.53,27.36,60.5,0
ahmedabad,2025-02-13,2,3.16,27.64,110.2,0
ahmedabad,2025-02-14,2,0.62,28.94,82.2,0
ahmedabad,2025-02-15,2,2.87,31.26,70.4,0
ahmedabad,2025-02-16,2,1.5,27.45,110.8,0
ahmedabad,2025-02-17,2,0.46,24.41,52.8,0
ahmedabad,2025-02-18,2,0.69,29.91,176.9,0
ahmedabad,2025-02-19,2,1.73,25.19,77.7,0
ahmedabad,2025-02-20,2,0.99,28.41,69.8,0
ahmedabad,2025-02-21,2,1.45,29.98,142.3,0
ahmedabad,2025-02-22,2,1.2,26.21,140.1,0
ahmedabad,2025-02-23,2,1.6,30.14,80.4,0
ahmedabad,2025-02-24,2,5.01,22.47,63.4,0
ahmedabad,2025-02-25,2,0.83,27.59,88.4,0
ahmedabad,2025-02-26,2,0.64,26.21,83.6,0
ahmedabad,2025-02-27,2,0.93,23.98,118.0,0
ahmedabad,2025-02-28,2,0.32,27.32,123.1,0
ahmedabad,2025-03-01,3,0.99,42.23,51.3,1
ahmedabad,2025-03-02,3,0.7,39.74,20.0,0
ahmedabad,2025-03-03,3,1.54,35.61,136.4,0
ahmedabad,2025-03-04,3,0.69,36.48,93.2,0
ahmedabad,2025-03-05,3,0.68,38.08,37.9,0
ahmedabad,2025-03-06,3,1.5,39.66,138.2,0
ahmedabad,2025-03-07,3,2.22,38.01,114.0,0
ahmedabad,2025-03-08,3,2.94,43.3,60.5,1
ahmedabad,2025-03-09,3,2.52,38.25,113.9,0
ahmedabad,2025-03-10,3,1.62,34.74,76.6,0
ahmedabad,2025-03-11,3,0.98,37.44,75.1,0
ahmedabad,2025-03-12,3,1.4,40.2,75.4,0
ahmedabad,2025-03-13,3,0.66,36.69,90.3,0
ahmedabad,2025-03-14,3,4.73,36.55,84.8,0
ahmedabad,2025-03-15,3,1.08,34.53,34.2,0
ahmedabad,2025-03-16,3,2.27,35.94,73.2,0
ahmedabad,2025-03-17,3,1.39,39.54,55.1,0
ahmedabad,2025-03-18,3,1.44,40.83,59.7,0
ahmedabad,2025-03-19,3,0.97,37.26,83.5,0
ahmedabad,2025-03-20,3,0.52,41.31,155.1,0
ahmedabad,2025-03-21,3,1.32,35.48,109.3,0
ahmedabad,2025-03-22,3,0.82,37.72,137.4,0
ahmedabad,2025-03-23,3,1.03,35.43,82.4,0
ahmedabad,2025-03-24,3,2.58,38.69,67.5,0
ahmedabad,2025-03-25,3,2.42,38.33,89.5,0
ahmedabad,2025-03-26,3,0.36,37.24,136.4,0
ahmedabad,2025-03-27,3,0.55,38.68,100.9,0
ahmedabad,2025-03-28,3,1.77,39.91,118.7,0
ahmedabad,2025-03-29,3,1.77,36.01,51.1,0
ahmedabad,2025-03-30,3,0.73,38.15,100.2,0
ahmedabad,2025-03-31,3,0.35,39.22,84.4,0
ahmedabad,2025-04-01,4,1.4,45.89,100.4,1
ahmedabad,2025-04-02,4,1.75,42.93,147.2,1
ahmedabad,2025-04-03,4,2.96,45.7,117.2,1
ahmedabad,2025-04-04,4,2.2,47.62,87.4,1
ahmedabad,2025-04-05,4,2.02,47.69,122.2,1
ahmedabad,2025-04-06,4,0.46,47.67,85.9,1
ahmedabad,2025-04-07,4,2.77,43.71,94.7,1
ahmedabad,2025-04-08,4,1.11,44.48,123.1,1
ahmedabad,2025-04-09,4,3.24,45.58,124.7,1
ahmedabad,2025-04-10,4,4.48,45.6,63.0,1
ahmedabad,2025-04-11,4,1.44,48.26,103.5,1
ahmedabad,2025-04-12,4,1.21,44.35,75.2,1
ahmedabad,2025-04-13,4,2.14,43.94,138.3,1
ahmedabad,2025-04-14,4,0.54,44.04,98.0,1
ahmedabad,2025-04-15,4,1.69,44.09,110.1,1
ahmedabad,2025-04-16,4,0.73,47.71,46.0,1
ahmedabad,2025-04-17,4,0.58,44.07,99.3,1
ahmedabad,2025-04-18,4,1.2,45.83,34.6,1
ahmedabad,2025-04-19,4,0.44,44.96,133.9,1
ahmedabad,2025-04-20,4,0.5,43.42,118.6,1
ahmedabad,2025-04-21,4,1.05,43.01,113.4,1
ahmedabad,2025-04-22,4,1.21,48.19,69.9,1
ahmedabad,2025-04-23,4,3.72,45.94,103.4,1
ahmedabad,2025-04-24,4,2.15,47.58,120.8,1
ahmedabad,2025-04-25,4,1.1,47.78,99.4,1
ahmedabad,2025-04-26,4,1.61,42.23,131.7,1
ahmedabad,2025-04-27,4,1.38,44.41,100.7,1
ahmedabad,2025-04-28,4,0.64,44.68,73.8,1
ahmedabad,2025-04-29,4,1.58,51.09,108.7,1
ahmedabad,2025-04-30,4,1.32,44.05,112.6,1
ahmedabad,2025-05-01,5,0.66,50.84,66.0,1
ahmedabad,2025-05-02,5,0.32,52.78,110.3,1
ahmedabad,2025-05-03,5,1.56,53.65,114.7,1
ahmedabad,2025-05-04,5,0.38,50.79,112.2,1
ahmedabad,2025-05-05,5,2.49,50.55,58.6,1
ahmedabad,2025-05-06,5,2.44,48.44,154.2,1
ahmedabad,2025-05-07,5,0.99,53.31,161.7,1
ahmedabad,2025-05-08,5,0.58,55.94,42.1,1
ahmedabad,2025-05-09,5,2.82,51.25,82.9,1
ahmedabad,2025-05-10,5,2.39,51.37,118.1,1
ahmedabad,2025-05-11,5,0.61,51.55,92.8,1
ahmedabad,2025-05-12,5,0.4,52.63,101.1,1
ahmedabad,2025-05-13,5,0.26,50.93,86.1,1
ahmedabad,2025-05-14,5,1.38,49.12,158.4,1
ahmedabad,2025-05-15,5,4.65,51.13,118.8,1
ahmedabad,2025-05-16,5,0.44,49.9,96.0,1
ahmedabad,2025-05-17,5,1.4,54.63,152.2,1
ahmedabad,2025-05-18,5,2.96,49.57,121.8,1
ahmedabad,2025-05-19,5,0.97,51.97,120.3,1
ahmedabad,2025-05-20,5,2.43,48.86,117.9,1
ahmedabad,2025-05-21,5,0.59,48.97,89.8,1
ahmedabad,2025-05-22,5,3.17,52.52,109.2,1
ahmedabad,2025-05-23,5,0.64,50.04,72.3,1
ahmedabad,2025-05-24,5,1.33,48.67,52.3,1
ahmedabad,2025-05-25,5,3.1,53.74,95.0,1
ahmedabad,2025-05-26,5,0.44,51.2,124.3,1
ahmedabad,2025-05-27,5,0.84,51.62,123.3,1
ahmedabad,2025-05-28,5,0.31,52.31,124.1,1
ahmedabad,2025-05-29,5,1.76,51.75,138.1,1
ahmedabad,2025-05-30,5,2.66,47.53,81.5,1
ahmedabad,2025-05-31,5,4.11,49.72,88.6,1
ahmedabad,2025-06-01,6,10.46,47.03,86.1,1
ahmedabad,2025-06-02,6,5.07,48.02,136.3,1
ahmedabad,2025-06-03,6,27.42,44.98,39.2,1
ahmedabad,2025-06-04,6,17.63,46.37,119.6,1
ahmedabad,2025-06-05,6,23.92,45.59,99.7,1
ahmedabad,2025-06-06,6,19.28,46.7,151.4,1
ahmedabad,2025-06-07,6,46.2,45.83,59.5,1
ahmedabad,2025-06-08,6,9.53,43.95,111.0,1
ahmedabad,2025-06-09,6,16.67,43.86,49.8,1
ahmedabad,2025-06-10,6,6.48,43.86,20.0,1
ahmedabad,2025-06-11,6,13.8,42.9,91.8,1
ahmedabad,2025-06-12,6,11.35,48.34,103.5,1
ahmedabad,2025-06-13,6,8.23,41.71,92.0,0
ahmedabad,2025-06-14,6,47.13,44.35,38.7,1
ahmedabad,2025-06-15,6,17.11,46.57,58.5,1
ahmedabad,2025-06-16,6,11.86,43.12,122.5,1
ahmedabad,2025-06-17,6,3.98,47.45,85.7,1
ahmedabad,2025-06-18,6,5.03,48.39,114.8,1
ahmedabad,2025-06-19,6,20.22,42.55,53.6,1
ahmedabad,2025-06-20,6,5.82,46.33,132.5,1
ahmedabad,2025-06-21,6,3.21,49.03,94.2,1
ahmedabad,2025-06-22,6,3.42,46.98,74.9,1
ahmedabad,2025-06-23,6,5.74,44.81,77.6,1
ahmedabad,2025-06-24,6,18.65,46.25,97.4,1
ahmedabad,2025-06-25,6,4.84,41.88,83.0,0
ahmedabad,2025-06-26,6,7.23,46.69,70.6,1
ahmedabad,2025-06-27,6,16.85,46.39,103.5,1
ahmedabad,2025-06-28,6,4.86,46.78,110.1,1
ahmedabad,2025-06-29,6,14.11,43.14,91.7,1
ahmedabad,2025-06-30,6,3.33,45.08,74.4,1
ahmedabad,2025-07-01,7,3.66,38.76,106.3,0
ahmedabad,2025-07-02,7,1.47,41.04,78.9,0
ahmedabad,2025-07-03,7,20.74,38.19,30.9,0
ahmedabad,2025-07-04,7,27.51,36.31,94.5,0
ahmedabad,2025-07-05,7,25.03,37.28,72.3,0
ahmedabad,2025-07-06,7,19.75,37.83,31.6,0
ahmedabad,2025-07-07,7,11.02,38.27,59.9,0
ahmedabad,2025-07-08,7,8.33,41.28,76.3,0
ahmedabad,2025-07-09,7,32.52,37.79,108.4,0
ahmedabad,2025-07-10,7,12.72,34.01,132.1,0
ahmedabad,2025-07-11,7,11.32,37.97,108.2,0
ahmedabad,2025-07-12,7,19.84,35.7,157.0,0
ahmedabad,2025-07-13,7,9.7,39.48,128.7,0
ahmedabad,2025-07-14,7,12.48,36.52,103.0,0
ahmedabad,2025-07-15,7,29.37,38.62,43.9,0
ahmedabad,2025-07-16,7,35.06,33.81,80.2,0
ahmedabad,2025-07-17,7,8.01,37.67,89.1,0
ahmedabad,2025-07-18,7,25.45,36.85,149.6,0
ahmedabad,2025-07-19,7,19.01,38.46,137.2,0
ahmedabad,2025-07-20,7,12.3,40.11,78.4,0
ahmedabad,2025-07-21,7,27.97,39.63,89.3,0
ahmedabad,2025-07-22,7,36.94,38.22,92.1,0
ahmedabad,2025-07-23,7,36.3,36.71,94.7,0
ahmedabad,2025-07-24,7,22.09,39.25,106.7,0
ahmedabad,2025-07-25,7,6.66,34.91,69.4,0
ahmedabad,2025-07-26,7,39.37,37.61,78.3,0
ahmedabad,2025-07-27,7,35.23,37.54,88.1,0
ahmedabad,2025-07-28,7,3.92,37.74,176.7,0
ahmedabad,2025-07-29,7,11.38,37.82,105.5,0
ahmedabad,2025-07-30,7,36.96,36.4,103.2,0
ahmedabad,2025-07-31,7,14.63,38.66,138.7,0
ahmedabad,2025-08-01,8,34.1,40.05,64.8,0
ahmedabad,2025-08-02,8,7.83,38.34,75.3,0
ahmedabad,2025-08-03,8,27.24,42.78,83.1,1
ahmedabad,2025-08-04,8,0.36,38.33,100.9,0
ahmedabad,2025-08-05,8,8.92,39.57,105.8,0
ahmedabad,2025-08-06,8,7.54,36.78,70.7,0
ahmedabad,2025-08-07,8,7.08,36.1,102.7,0
ahmedabad,2025-08-08,8,61.27,36.43,93.0,1
ahmedabad,2025-08-09,8,12.64,37.76,76.9,0
ahmedabad,2025-08-10,8,53.47,40.29,122.6,1
ahmedabad,2025-08-11,8,1.39,34.56,132.1,0
ahmedabad,2025-08-12,8,38.87,40.47,90.9,0
ahmedabad,2025-08-13,8,3.56,38.76,106.8,0
ahmedabad,2025-08-14,8,7.1,38.94,119.5,0
ahmedabad,2025-08-15,8,7.51,38.56,103.1,0
ahmedabad,2025-08-16,8,51.08,40.65,83.8,1
ahmedabad,2025-08-17,8,12.64,36.35,107.6,0
ahmedabad,2025-08-18,8,13.9,38.44,127.0,0
ahmedabad,2025-08-19,8,10.77,38.96,120.2,0
ahmedabad,2025-08-20,8,8.01,39.37,99.1,0
ahmedabad,2025-08-21,8,6.2,35.42,123.2,0
ahmedabad,2025-08-22,8,18.59,38.91,128.4,0
ahmedabad,2025-08-23,8,12.0,38.73,94.0,0
ahmedabad,2025-08-24,8,19.68,37.4,27.6,0
ahmedabad,2025-08-25,8,9.7,39.91,97.4,0
ahmedabad,2025-08-26,8,81.59,37.57,67.4,1
ahmedabad,2025-08-27,8,13.84,35.77,103.7,0
ahmedabad,2025-08-28,8,47.69,37.25,73.6,0
ahmedabad,2025-08-29,8,40.46,36.83,94.8,0
ahmedabad,2025-08-30,8,4.98,37.95,116.4,0
ahmedabad,2025-08-31,8,16.58,38.61,83.0,0
ahmedabad,2025-09-01,9,16.76,34.86,84.9,0
ahmedabad,2025-09-02,9,5.2,35.16,90.1,0
ahmedabad,2025-09-03,9,2.37,34.36,136.4,0
ahmedabad,2025-09-04,9,4.46,36.77,80.5,0
ahmedabad,2025-09-05,9,17.52,37.43,94.0,0
ahmedabad,2025-09-06,9,19.87,36.31,55.3,0
ahmedabad,2025-09-07,9,15.7,38.75,84.2,0
ahmedabad,2025-09-08,9,10.24,38.42,99.3,0
ahmedabad,2025-09-09,9,10.29,40.8,78.1,0
ahmedabad,2025-09-10,9,13.65,36.29,112.5,0
ahmedabad,2025-09-11,9,11.71,37.47,90.7,0
ahmedabad,2025-09-12,9,11.12,36.08,71.3,0
ahmedabad,2025-09-13,9,4.44,39.54,135.5,0
ahmedabad,2025-09-14,9,15.18,35.63,98.5,0
ahmedabad,2025-09-15,9,24.35,37.86,83.0,0
ahmedabad,2025-09-16,9,16.48,40.6,70.4,0
ahmedabad,2025-09-17,9,6.35,37.74,45.1,0
ahmedabad,2025-09-18,9,1.75,35.64,67.8,0
ahmedabad,2025-09-19,9,1.17,38.44,136.1,0
ahmedabad,2025-09-20,9,8.7,38.2,43.9,0
ahmedabad,2025-09-21,9,6.21,41.0,111.5,0
ahmedabad,2025-09-22,9,9.94,39.32,81.5,0
ahmedabad,2025-09-23,9,23.04,35.52,111.9,0
ahmedabad,2025-09-24,9,6.68,37.23,37.1,0
ahmedabad,2025-09-25,9,12.08,38.92,126.9,0
ahmedabad,2025-09-26,9,6.98,37.66,60.3,0
ahmedabad,2025-09-27,9,11.25,38.57,119.4,0
ahmedabad,2025-09-28,9,7.64,40.52,83.5,0
ahmedabad,2025-09-29,9,8.78,36.81,137.0,0
ahmedabad,2025-09-30,9,5.24,36.98,98.0,0
ahmedabad,2025-10-01,10,0.29,38.99,78.3,0
ahmedabad,2025-10-02,10,0.49,37.93,113.9,0
ahmedabad,2025-10-03,10,1.5,41.07,131.7,0
ahmedabad,2025-10-04,10,1.04,38.28,182.1,0
ahmedabad,2025-10-05,10,0.88,36.57,134.7,0
ahmedabad,2025-10-06,10,0.4,35.51,209.1,0
ahmedabad,2025-10-07,10,1.87,38.51,109.1,0
ahmedabad,2025-10-08,10,1.0,36.05,155.5,0
ahmedabad,2025-10-09,10,4.6,35.04,164.6,0
ahmedabad,2025-10-10,10,2.67,41.76,186.0,0
ahmedabad,2025-10-11,10,0.31,39.53,163.9,0
ahmedabad,2025-10-12,10,1.75,35.93,147.7,0
ahmedabad,2025-10-13,10,1.05,39.37,102.9,0
ahmedabad,2025-10-14,10,0.98,39.23,154.0,0
ahmedabad,2025-10-15,10,0.66,42.84,109.6,1
ahmedabad,2025-10-16,10,1.66,39.57,143.1,0
ahmedabad,2025-10-17,10,2.32,36.67,176.2,0
ahmedabad,2025-10-18,10,1.66,38.92,170.2,0
ahmedabad,2025-10-19,10,1.09,38.11,162.7,0
ahmedabad,2025-10-20,10,2.18,41.49,176.3,0
ahmedabad,2025-10-21,10,1.57,36.56,172.5,0
ahmedabad,2025-10-22,10,4.43,35.93,90.5,0
ahmedabad,2025-10-23,10,3.14,36.85,105.2,0
ahmedabad,2025-10-24,10,1.23,38.0,186.5,0
ahmedabad,2025-10-25,10,0.48,38.94,124.0,0
ahmedabad,2025-10-26,10,0.46,42.2,96.2,1
ahmedabad,2025-10-27,10,0.14,38.04,111.7,0
ahmedabad,2025-10-28,10,0.73,39.14,159.8,0
ahmedabad,2025-10-29,10,0.34,40.05,119.3,0
ahmedabad,2025-10-30,10,1.37,38.01,110.0,0
ahmedabad,2025-10-31,10,2.9,38.1,138.2,0
ahmedabad,2025-11-01,11,2.02,37.95,153.6,0
ahmedabad,2025-11-02,11,1.15,39.87,170.4,0
ahmedabad,2025-11-03,11,0.34,34.77,148.8,0
ahmedabad,2025-11-04,11,0.75,37.46,208.6,0
ahmedabad,2025-11-05,11,3.32,40.37,168.6,0
ahmedabad,2025-11-06,11,1.49,36.88,187.8,0
ahmedabad,2025-11-07,11,1.97,41.42,157.3,0
ahmedabad,2025-11-08,11,1.83,36.57,238.7,0
ahmedabad,2025-11-09,11,0.49,34.37,164.3,0
ahmedabad,2025-11-10,11,0.27,37.64,157.1,0
ahmedabad,2025-11-11,11,2.44,38.3,156.2,0
ahmedabad,2025-11-12,11,0.8,39.18,140.8,0
ahmedabad,2025-11-13,11,3.84,41.03,170.5,0
ahmedabad,2025-11-14,11,3.15,41.23,150.9,0
ahmedabad,2025-11-15,11,1.63,38.4,209.5,0
ahmedabad,2025-11-16,11,0.42,39.67,172.7,0
ahmedabad,2025-11-17,11,0.6,38.38,169.9,0
ahmedabad,2025-11-18,11,5.08,37.76,228.1,0
ahmedabad,2025-11-19,11,1.2,37.79,163.0,0
ahmedabad,2025-11-20,11,0.54,33.84,173.1,0
ahmedabad,2025-11-21,11,0.33,39.31,228.3,0
ahmedabad,2025-11-22,11,1.04,41.05,167.2,0
ahmedabad,2025-11-23,11,1.82,41.29,178.0,0
ahmedabad,2025-11-24,11,0.8,40.15,177.8,0
ahmedabad,2025-11-25,11,1.42,38.31,138.4,0
ahmedabad,2025-11-26,11,0.61,37.11,172.0,0
ahmedabad,2025-11-27,11,1.69,37.82,167.7,0
ahmedabad,2025-11-28,11,3.94,36.98,139.0,0
ahmedabad,2025-11-29,11,2.99,35.69,186.6,0
ahmedabad,2025-11-30,11,0.98,36.46,180.9,0
ahmedabad,2025-12-01,12,0.18,29.06,206.1,0
ahmedabad,2025-12-02,12,1.21,26.54,192.8,0
ahmedabad,2025-12-03,12,2.0,25.78,198.2,0
ahmedabad,2025-12-04,12,0.05,26.38,229.1,0
ahmedabad,2025-12-05,12,0.79,25.96,228.4,0
ahmedabad,2025-12-06,12,2.31,25.04,244.6,0
ahmedabad,2025-12-07,12,1.29,28.08,272.0,0
ahmedabad,2025-12-08,12,0.26,27.97,235.7,0
ahmedabad,2025-12-09,12,1.99,29.07,216.0,0
ahmedabad,2025-12-10,12,0.24,27.26,214.4,0
ahmedabad,2025-12-11,12,3.85,26.02,213.9,0
ahmedabad,2025-12-12,12,0.7,28.47,254.7,0
ahmedabad,2025-12-13,12,1.41,27.82,262.0,0
ahmedabad,2025-12-14,12,2.52,28.27,253.0,0
ahmedabad,2025-12-15,12,2.72,28.59,213.1,0
ahmedabad,2025-12-16,12,1.53,27.42,177.3,0
ahmedabad,2025-12-17,12,0.22,24.49,237.3,0
ahmedabad,2025-12-18,12,1.85,28.77,159.8,0
ahmedabad,2025-12-19,12,2.1,26.71,222.8,0
ahmedabad,2025-12-20,12,1.16,27.09,290.3,0
ahmedabad,2025-12-21,12,2.51,22.55,240.1,0
ahmedabad,2025-12-22,12,2.13,24.61,188.7,0
ahmedabad,2025-12-23,12,2.34,26.81,228.4,0
ahmedabad,2025-12-24,12,0.26,27.18,224.4,0
ahmedabad,2025-12-25,12,0.91,28.24,256.6,0
ahmedabad,2025-12-26,12,0.25,24.05,185.0,0
ahmedabad,2025-12-27,12,2.9,26.38,268.6,0
ahmedabad,2025-12-28,12,2.61,26.9,244.4,0
ahmedabad,2025-12-29,12,2.89,29.96,228.7,0
ahmedabad,2025-12-30,12,0.9,25.75,204.9,0
jaipur,2023-01-01,1,1.11,24.06,278.0,0
jaipur,2023-01-02,1,0.58,23.89,234.0,0
jaipur,2023-01-03,1,0.42,27.21,244.6,0
jaipur,2023-01-04,1,0.32,22.08,240.7,0
jaipur,2023-01-05,1,0.92,23.69,229.5,0
jaipur,2023-01-06,1,0.65,23.43,229.4,0
jaipur,2023-01-07,1,0.5,26.6,218.4,0
jaipur,2023-01-08,1,0.72,23.66,289.0,0
jaipur,2023-01-09,1,1.25,28.85,269.5,0
jaipur,2023-01-10,1,2.45,25.18,247.1,0
jaipur,2023-01-11,1,0.81,23.59,227.5,0
jaipur,2023-01-12,1,1.09,27.87,226.4,0
jaipur,2023-01-13,1,1.49,24.5,285.6,0
jaipur,2023-01-14,1,3.31,27.05,244.5,0
jaipur,2023-01-15,1,2.01,23.1,250.1,0
jaipur,2023-01-16,1,1.23,22.97,306.6,0
jaipur,2023-01-17,1,2.39,28.59,224.8,0
jaipur,2023-01-18,1,0.79,21.07,217.5,0
jaipur,2023-01-19,1,0.65,31.05,267.1,0
jaipur,2023-01-20,1,2.44,24.98,249.7,0
jaipur,2023-01-21,1,2.51,26.0,234.4,0
jaipur,2023-01-22,1,1.45,23.5,269.2,0
jaipur,2023-01-23,1,0.57,24.22,186.7,0
jaipur,2023-01-24,1,1.34,27.24,218.8,0
jaipur,2023-01-25,1,1.0,20.58,263.9,0
jaipur,2023-01-26,1,2.24,27.64,236.8,0
jaipur,2023-01-27,1,5.37,25.68,282.8,0
jaipur,2023-01-28,1,0.84,27.65,264.6,0
jaipur,2023-01-29,1,1.16,27.81,238.7,0
jaipur,2023-01-30,1,0.25,24.59,236.2,0
jaipur,2023-01-31,1,4.54,24.19,241.5,0
jaipur,2023-02-01,2,2.43,24.63,99.8,0
jaipur,2023-02-02,2,3.52,25.53,96.7,0
jaipur,2023-02-03,2,2.18,30.54,87.7,0
jaipur,2023-02-04,2,2.24,27.98,53.0,0
jaipur,2023-02-05,2,2.07,28.08,131.2,0
jaipur,2023-02-06,2,3.94,25.28,118.6,0
jaipur,2023-02-07,2,2.61,29.12,70.4,0
jaipur,2023-02-08,2,0.68,27.39,103.8,0
jaipur,2023-02-09,2,3.24,31.56,104.4,0
jaipur,2023-02-10,2,0.58,26.11,120.7,0
jaipur,2023-02-11,2,0.58,27.62,135.7,0
jaipur,2023-02-12,2,0.28,25.6,69.0,0
jaipur,2023-02-13,2,0.19,30.09,110.8,0
jaipur,2023-02-14,2,2.29,28.53,89.7,0
jaipur,2023-02-15,2,1.44,28.73,145.4,0
jaipur,2023-02-16,2,0.5,26.93,98.5,0
jaipur,2023-02-17,2,2.24,25.74,79.0,0
jaipur,2023-02-18,2,1.47,28.22,83.7,0
jaipur,2023-02-19,2,0.82,28.75,117.2,0
jaipur,2023-02-20,2,2.52,27.35,143.6,0
jaipur,2023-02-21,2,0.9,29.54,32.0,0
jaipur,2023-02-22,2,0.95,22.83,65.5,0
jaipur,2023-02-23,2,1.0,24.76,93.2,0
jaipur,2023-02-24,2,2.53,26.42,100.9,0
jaipur,2023-02-25,2,0.46,26.86,73.3,0
jaipur,2023-02-26,2,2.74,24.44,79.0,0
jaipur,2023-02-27,2,2.78,30.63,84.0,0
jaipur,2023-02-28,2,0.57,27.27,91.0,0
jaipur,2023-03-01,3,0.34,39.51,44.1,0
jaipur,2023-03-02,3,3.07,36.11,109.6,0
jaipur,2023-03-03,3,0.64,36.41,132.6,0
jaipur,2023-03-04,3,2.01,36.5,78.1,0
jaipur,2023-03-05,3,0.17,39.39,103.9,0
jaipur,2023-03-06,3,1.06,36.54,51.2,0
jaipur,2023-03-07,3,1.53,36.25,101.0,0
jaipur,2023-03-08,3,0.66,40.31,75.0,0
jaipur,2023-03-09,3,1.67,38.95,137.0,0
jaipur,2023-03-10,3,0.41,38.38,79.2,0
jaipur,2023-03-11,3,1.31,35.98,35.8,0
jaipur,2023-03-12,3,1.88,37.28,155.9,0
jaipur,2023-03-13,3,0.37,33.69,74.4,0
jaipur,2023-03-14,3,0.22,36.36,104.1,0
jaipur,2023-03-15,3,0.98,37.77,99.7,0
jaipur,2023-03-16,3,3.45,36.6,166.1,0
jaipur,2023-03-17,3,2.39,39.46,124.5,0
jaipur,2023-03-18,3,0.84,37.84,74.4,0
jaipur,2023-03-19,3,1.11,38.12,48.6,0
jaipur,2023-03-20,3,0.8,40.63,104.6,0
jaipur,2023-03-21,3,0.84,36.79,82.6,0
jaipur,2023-03-22,3,1.47,37.61,89.2,0
jaipur,2023-03-23,3,0.25,33.74,70.5,0
jaipur,2023-03-24,3,1.13,39.12,104.3,0
jaipur,2023-03-25,3,0.23,39.03,128.4,0
jaipur,2023-03-26,3,0.91,39.31,62.0,0
jaipur,2023-03-27,3,1.91,38.39,81.1,0
jaipur,2023-03-28,3,1.64,36.93,109.7,0
jaipur,2023-03-29,3,0.64,34.45,95.5,0
jaipur,2023-03-30,3,2.04,38.27,62.5,0
jaipur,2023-03-31,3,0.51,35.71,107.7,0
jaipur,2023-04-01,4,0.94,47.95,46.4,1
jaipur,2023-04-02,4,2.93,46.97,86.5,1
jaipur,2023-04-03,4,2.36,46.12,75.0,1
jaipur,2023-04-04,4,1.31,45.6,115.3,1
jaipur,2023-04-05,4,0.54,47.45,125.7,1
jaipur,2023-04-06,4,1.54,45.97,125.3,1
jaipur,2023-04-07,4,2.76,46.38,91.3,1
jaipur,2023-04-08,4,1.96,44.43,103.3,1
jaipur,2023-04-09,4,0.86,43.55,151.8,1
jaipur,2023-04-10,4,0.41,47.85,82.8,1
jaipur,2023-04-11,4,1.83,43.7,82.0,1
jaipur,2023-04-12,4,1.94,44.81,115.5,1
jaipur,2023-04-13,4,1.17,42.44,64.2,1
jaipur,2023-04-14,4,0.28,41.28,62.1,0
jaipur,2023-04-15,4,1.45,46.51,119.6,1
jaipur,2023-04-16,4,0.83,47.98,59.3,1
jaipur,2023-04-17,4,0.33,45.69,120.1,1
jaipur,2023-04-18,4,2.51,42.93,90.2,1
jaipur,2023-04-19,4,2.55,45.2,59.9,1
jaipur,2023-04-20,4,1.0,44.5,103.3,1
jaipur,2023-04-21,4,1.43,47.6,122.5,1
jaipur,2023-04-22,4,1.66,43.61,108.8,1
jaipur,2023-04-23,4,1.5,45.22,100.5,1
jaipur,2023-04-24,4,4.23,46.9,87.4,1
jaipur,2023-04-25,4,1.05,42.14,93.4,1
jaipur,2023-04-26,4,1.36,44.19,85.6,1
jaipur,2023-04-27,4,0.44,48.62,121.0,1
jaipur,2023-04-28,4,2.19,43.7,56.6,1
jaipur,2023-04-29,4,0.43,44.24,85.7,1
jaipur,2023-04-30,4,0.71,44.77,96.0,1
jaipur,2023-05-01,5,1.22,53.24,46.5,1
jaipur,2023-05-02,5,0.82,50.48,124.9,1
jaipur,2023-05-03,5,0.6,50.1,96.5,1
jaipur,2023-05-04,5,1.18,50.54,104.0,1
jaipur,2023-05-05,5,0.85,53.41,41.5,1
jaipur,2023-05-06,5,3.9,47.51,130.1,1
jaipur,2023-05-07,5,5.05,50.72,93.2,1
jaipur,2023-05-08,5,1.59,50.75,28.6,1
jaipur,2023-05-09,5,0.68,48.51,100.4,1
jaipur,2023-05-10,5,2.46,55.12,59.2,1
jaipur,2023-05-11,5,1.95,52.89,117.7,1
jaipur,2023-05-12,5,2.45,52.1,75.4,1
jaipur,2023-05-13,5,2.95,51.77,129.6,1
jaipur,2023-05-14,5,1.33,49.61,66.2,1
jaipur,2023-05-15,5,1.67,46.88,68.7,1
jaipur,2023-05-16,5,1.62,51.98,98.1,1
jaipur,2023-05-17,5,3.0,51.8,77.3,1
jaipur,2023-05-18,5,1.15,50.89,154.7,1
jaipur,2023-05-19,5,1.75,49.72,120.6,1
jaipur,2023-05-20,5,0.16,55.61,142.0,1
jaipur,2023-05-21,5,1.95,50.06,102.9,1
jaipur,2023-05-22,5,1.27,50.38,90.5,1
jaipur,2023-05-23,5,0.8,51.47,84.6,1
jaipur,2023-05-24,5,1.96,50.07,119.5,1
jaipur,2023-05-25,5,1.2,50.21,103.5,1
jaipur,2023-05-26,5,1.37,50.24,82.3,1
jaipur,2023-05-27,5,2.05,54.17,93.8,1
jaipur,2023-05-28,5,1.33,51.21,92.8,1
jaipur,2023-05-29,5,2.86,45.95,128.0,1
jaipur,2023-05-30,5,1.58,50.29,81.6,1
jaipur,2023-05-31,5,1.04,48.82,116.3,1
jaipur,2023-06-01,6,8.66,43.86,20.9,1
jaipur,2023-06-02,6,13.08,48.11,81.5,1
jaipur,2023-06-03,6,22.2,43.71,115.4,1
jaipur,2023-06-04,6,2.83,42.37,20.0,1
jaipur,2023-06-05,6,9.64,47.78,123.7,1
jaipur,2023-06-06,6,5.6,44.24,88.2,1
jaipur,2023-06-07,6,7.17,47.57,124.5,1
jaipur,2023-06-08,6,15.01,46.98,45.3,1
jaipur,2023-06-09,6,5.59,47.09,107.6,1
jaipur,2023-06-10,6,5.52,46.31,113.8,1
jaipur,2023-06-11,6,29.91,43.12,52.8,1
jaipur,2023-06-12,6,39.06,45.17,114.7,1
jaipur,2023-06-13,6,14.69,47.79,75.6,1
jaipur,2023-06-14,6,48.48,43.14,35.1,1
jaipur,2023-06-15,6,5.85,47.01,113.6,1
jaipur,2023-06-16,6,20.25,46.95,88.9,1
jaipur,2023-06-17,6,6.95,44.71,89.3,1
jaipur,2023-06-18,6,21.57,46.66,95.5,1
jaipur,2023-06-19,6,4.99,44.11,62.1,1
jaipur,2023-06-20,6,9.41,43.44,140.1,1
jaipur,2023-06-21,6,16.18,47.94,91.5,1
jaipur,2023-06-22,6,8.11,46.46,50.7,1
jaipur,2023-06-23,6,7.54,46.86,61.2,1
jaipur,2023-06-24,6,43.99,44.35,75.1,1
jaipur,2023-06-25,6,16.25,47.75,65.5,1
jaipur,2023-06-26,6,13.31,45.47,51.8,1
jaipur,2023-06-27,6,11.66,47.72,94.3,1
jaipur,2023-06-28,6,2.09,41.77,142.4,0
jaipur,2023-06-29,6,0.65,46.89,108.7,1
jaipur,2023-06-30,6,23.31,45.83,98.8,1
jaipur,2023-07-01,7,42.89,37.19,67.7,0
jaipur,2023-07-02,7,25.63,40.37,87.6,0
jaipur,2023-07-03,7,19.24,37.32,98.5,0
jaipur,2023-07-04,7,13.71,38.16,67.7,0
jaipur,2023-07-05,7,23.69,37.04,44.2,0
jaipur,2023-07-06,7,18.22,37.61,104.0,0
jaipur,2023-07-07,7,32.52,37.51,98.6,0
jaipur,2023-07-08,7,9.71,37.17,104.1,0
jaipur,2023-07-09,7,33.68,38.01,114.2,0
jaipur,2023-07-10,7,10.83,35.34,134.3,0
jaipur,2023-07-11,7,7.85,37.13,50.0,0
jaipur,2023-07-12,7,13.28,37.81,66.2,0
jaipur,2023-07-13,7,13.58,34.54,109.7,0
jaipur,2023-07-14,7,5.45,38.62,65.3,0
jaipur,2023-07-15,7,8.78,38.26,86.7,0
jaipur,2023-07-16,7,9.92,39.96,83.3,0
jaipur,2023-07-17,7,31.29,35.17,98.2,0
jaipur,2023-07-18,7,9.96,37.05,93.2,0
jaipur,2023-07-19,7,7.94,37.92,76.0,0
jaipur,2023-07-20,7,3.6,38.87,130.5,0
jaipur,2023-07-21,7,9.18,38.27,122.3,0
jaipur,2023-07-22,7,23.38,37.1,82.9,0
jaipur,2023-07-23,7,77.61,38.05,101.7,1
jaipur,2023-07-24,7,6.2,40.64,81.9,0
jaipur,2023-07-25,7,15.46,37.67,51.6,0
jaipur,2023-07-26,7,46.06,37.54,43.5,0
jaipur,2023-07-27,7,14.06,37.96,101.2,0
jaipur,2023-07-28,7,10.91,35.8,75.5,0
jaipur,2023-07-29,7,6.98,38.76,65.9,0
jaipur,2023-07-30,7,20.02,40.32,113.2,0
jaipur,2023-07-31,7,41.91,37.74,84.8,0
jaipur,2023-08-01,8,14.31,36.31,67.2,0
jaipur,2023-08-02,8,33.74,36.01,101.1,0
jaipur,2023-08-03,8,33.05,37.94,50.7,0
jaipur,2023-08-04,8,9.47,36.37,58.8,0
jaipur,2023-08-05,8,13.9,42.04,116.6,1
jaipur,2023-08-06,8,24.4,36.33,121.5,0
jaipur,2023-08-07,8,11.04,40.38,114.5,0
jaipur,2023-08-08,8,16.31,34.57,63.5,0
jaipur,2023-08-09,8,14.52,37.54,85.2,0
jaipur,2023-08-10,8,7.29,37.92,50.5,0
jaipur,2023-08-11,8,24.95,36.49,128.3,0
jaipur,2023-08-12,8,24.98,39.27,116.3,0
jaipur,2023-08-13,8,19.46,35.59,58.8,0
jaipur,2023-08-14,8,18.32,36.42,82.3,0
jaipur,2023-08-15,8,19.81,38.49,99.8,0
jaipur,2023-08-16,8,9.79,37.52,101.7,0
jaipur,2023-08-17,8,13.27,36.08,83.3,0
jaipur,2023-08-18,8,24.78,35.73,112.6,0
jaipur,2023-08-19,8,9.1,33.84,145.7,0
jaipur,2023-08-20,8,29.86,34.92,127.5,0
jaipur,2023-08-21,8,5.39,38.79,93.7,0
jaipur,2023-08-22,8,9.04,41.2,72.8,0
jaipur,2023-08-23,8,29.41,40.57,82.1,0
jaipur,2023-08-24,8,18.7,37.69,59.8,0
jaipur,2023-08-25,8,2.13,37.09,31.4,0
jaipur,2023-08-26,8,5.35,38.49,91.7,0
jaipur,2023-08-27,8,5.66,37.35,40.8,0
jaipur,2023-08-28,8,12.43,35.52,100.1,0
jaipur,2023-08-29,8,19.75,43.04,119.0,1
jaipur,2023-08-30,8,13.16,39.16,114.7,0
jaipur,2023-08-31,8,1.23,36.54,71.4,0
jaipur,2023-09-01,9,7.22,38.15,115.4,0
jaipur,2023-09-02,9,7.84,37.32,63.8,0
jaipur,2023-09-03,9,9.35,38.58,27.6,0
jaipur,2023-09-04,9,18.79,37.08,100.1,0
jaipur,2023-09-05,9,6.01,37.91,48.3,0
jaipur,2023-09-06,9,4.77,34.25,42.8,0
jaipur,2023-09-07,9,3.35,37.8,76.9,0
jaipur,2023-09-08,9,11.46,35.53,81.2,0
jaipur,2023-09-09,9,0.99,34.22,103.2,0
jaipur,2023-09-10,9,6.01,37.49,98.1,0
jaipur,2023-09-11,9,4.97,37.36,56.5,0
jaipur,2023-09-12,9,20.19,35.32,137.0,0
jaipur,2023-09-13,9,12.76,34.17,103.5,0
jaipur,2023-09-14,9,10.93,39.41,129.9,0
jaipur,2023-09-15,9,14.07,35.78,99.7,0
jaipur,2023-09-16,9,18.19,36.02,56.8,0
jaipur,2023-09-17,9,5.28,37.73,131.1,0
jaipur,2023-09-18,9,8.01,36.44,92.3,0
jaipur,2023-09-19,9,9.28,38.79,151.0,0
jaipur,2023-09-20,9,11.63,36.47,76.8,0
jaipur,2023-09-21,9,9.2,35.89,159.7,0
jaipur,2023-09-22,9,4.44,36.46,87.0,0
jaipur,2023-09-23,9,4.72,39.85,73.4,0
jaipur,2023-09-24,9,5.94,41.43,102.0,0
jaipur,2023-09-25,9,9.61,41.24,20.0,0
jaipur,2023-09-26,9,17.48,41.09,104.8,0
jaipur,2023-09-27,9,22.66,36.19,135.5,0
jaipur,2023-09-28,9,11.12,42.09,46.6,1
jaipur,2023-09-29,9,6.83,43.35,108.9,1
jaipur,2023-09-30,9,14.43,39.56,95.6,0
jaipur,2023-10-01,10,0.89,35.69,113.1,0
jaipur,2023-10-02,10,0.93,36.65,211.9,0
jaipur,2023-10-03,10,0.69,37.98,160.1,0
jaipur,2023-10-04,10,0.77,37.8,178.5,0
jaipur,2023-10-05,10,3.91,39.04,146.1,0
jaipur,2023-10-06,10,1.1,37.19,115.4,0
jaipur,2023-10-07,10,4.36,35.37,118.6,0
jaipur,2023-10-08,10,0.58,36.85,113.2,0
jaipur,2023-10-09,10,3.45,39.53,127.7,0
jaipur,2023-10-10,10,1.59,38.02,165.5,0
jaipur,2023-10-11,10,0.47,38.42,173.2,0
jaipur,2023-10-12,10,1.04,36.6,101.9,0
jaipur,2023-10-13,10,0.59,37.51,142.1,0
jaipur,2023-10-14,10,0.47,36.24,96.3,0
jaipur,2023-10-15,10,0.68,36.09,129.1,0
jaipur,2023-10-16,10,0.35,37.72,115.2,0
jaipur,2023-10-17,10,0.92,37.06,173.9,0
jaipur,2023-10-18,10,0.55,41.13,170.0,0
jaipur,2023-10-19,10,0.12,40.51,159.0,0
jaipur,2023-10-20,10,1.31,40.52,159.8,0
jaipur,2023-10-21,10,0.84,34.78,104.5,0
jaipur,2023-10-22,10,1.1,40.23,170.2,0
jaipur,2023-10-23,10,3.08,43.23,168.2,1
jaipur,2023-10-24,10,0.66,43.72,122.0,1
jaipur,2023-10-25,10,1.0,39.37,111.3,0
jaipur,2023-10-26,10,4.21,36.26,142.7,0
jaipur,2023-10-27,10,1.1,38.08,168.4,0
jaipur,2023-10-28,10,0.08,38.57,108.0,0
jaipur,2023-10-29,10,0.17,36.4,173.7,0
jaipur,2023-10-30,10,2.24,37.62,147.3,0
jaipur,2023-10-31,10,2.6,40.62,166.0,0
jaipur,2023-11-01,11,0.53,36.27,138.8,0
jaipur,2023-11-02,11,2.39,37.4,197.6,0
jaipur,2023-11-03,11,1.22,39.05,175.2,0
jaipur,2023-11-04,11,0.87,38.96,200.9,0
jaipur,2023-11-05,11,1.48,39.89,197.3,0
jaipur,2023-11-06,11,0.26,39.27,175.3,0
jaipur,2023-11-07,11,2.54,38.86,214.0,0
jaipur,2023-11-08,11,0.58,34.77,228.0,0
jaipur,2023-11-09,11,1.0,35.78,114.8,0
jaipur,2023-11-10,11,1.23,35.54,262.7,0
jaipur,2023-11-11,11,1.39,39.9,226.6,0
jaipur,2023-11-12,11,0.31,37.08,237.6,0
jaipur,2023-11-13,11,0.74,35.89,181.6,0
jaipur,2023-11-14,11,1.34,38.06,161.9,0
jaipur,2023-11-15,11,0.17,40.44,139.2,0
jaipur,2023-11-16,11,3.55,36.76,158.5,0
jaipur,2023-11-17,11,1.58,38.11,167.4,0
jaipur,2023-11-18,11,1.01,40.97,166.4,0
jaipur,2023-11-19,11,2.79,44.28,191.2,1
jaipur,2023-11-20,11,0.63,37.44,187.5,0
jaipur,2023-11-21,11,1.48,37.8,186.1,0
jaipur,2023-11-22,11,1.75,36.79,171.9,0
jaipur,2023-11-23,11,1.87,39.1,204.2,0
jaipur,2023-11-24,11,1.41,36.96,184.0,0
jaipur,2023-11-25,11,1.07,35.79,176.3,0
jaipur,2023-11-26,11,0.84,37.06,134.7,0
jaipur,2023-11-27,11,1.22,35.71,199.9,0
jaipur,2023-11-28,11,1.78,41.06,155.7,0
jaipur,2023-11-29,11,0.65,39.31,169.7,0
jaipur,2023-11-30,11,1.22,39.12,237.5,0
jaipur,2023-12-01,12,1.16,23.64,204.7,0
jaipur,2023-12-02,12,1.87,26.31,153.6,0
jaipur,2023-12-03,12,1.33,25.79,219.0,0
jaipur,2023-12-04,12,1.27,26.61,272.3,0
jaipur,2023-12-05,12,2.02,28.56,245.6,0
jaipur,2023-12-06,12,1.33,24.44,221.2,0
jaipur,2023-12-07,12,0.95,25.39,217.0,0
jaipur,2023-12-08,12,1.17,25.42,277.7,0
jaipur,2023-12-09,12,1.75,28.87,224.6,0
jaipur,2023-12-10,12,2.98,21.11,198.5,0
jaipur,2023-12-11,12,1.02,27.61,208.4,0
jaipur,2023-12-12,12,1.9,28.56,227.7,0
jaipur,2023-12-13,12,0.76,26.79,206.6,0
jaipur,2023-12-14,12,1.2,24.55,240.0,0
jaipur,2023-12-15,12,0.72,25.67,202.9,0
jaipur,2023-12-16,12,1.74,27.36,195.3,0
jaipur,2023-12-17,12,1.72,26.16,212.8,0
jaipur,2023-12-18,12,0.48,27.6,236.6,0
jaipur,2023-12-19,12,3.49,26.59,234.2,0
jaipur,2023-12-20,12,1.38,26.57,156.3,0
jaipur,2023-12-21,12,0.4,28.76,200.7,0
jaipur,2023-12-22,12,0.65,28.07,249.1,0
jaipur,2023-12-23,12,0.7,24.16,260.6,0
jaipur,2023-12-24,12,0.4,28.05,276.0,0
jaipur,2023-12-25,12,0.65,24.96,211.7,0
jaipur,2023-12-26,12,2.83,23.75,238.9,0
jaipur,2023-12-27,12,0.53,26.94,179.6,0
jaipur,2023-12-28,12,2.44,24.08,231.8,0
jaipur,2023-12-29,12,0.44,25.69,191.8,0
jaipur,2023-12-30,12,1.6,24.85,240.5,0
jaipur,2023-12-31,12,4.39,25.79,216.1,0
jaipur,2024-01-01,1,0.92,25.2,296.4,0
jaipur,2024-01-02,1,2.05,24.74,209.9,0
jaipur,2024-01-03,1,0.9,27.81,259.1,0
jaipur,2024-01-04,1,0.56,23.92,225.5,0
jaipur,2024-01-05,1,1.67,27.82,249.9,0
jaipur,2024-01-06,1,2.57,22.04,242.7,0
jaipur,2024-01-07,1,1.19,19.98,267.6,0
jaipur,2024-01-08,1,1.44,27.32,228.2,0
jaipur,2024-01-09,1,2.61,22.2,262.8,0
jaipur,2024-01-10,1,1.7,18.2,246.0,0
jaipur,2024-01-11,1,0.22,24.95,249.3,0
jaipur,2024-01-12,1,1.57,25.6,294.6,0
jaipur,2024-01-13,1,0.59,22.77,259.8,0
jaipur,2024-01-14,1,2.21,25.18,255.6,0
jaipur,2024-01-15,1,0.11,25.48,261.7,0
jaipur,2024-01-16,1,0.62,24.8,294.2,0
jaipur,2024-01-17,1,3.24,23.64,241.6,0
jaipur,2024-01-18,1,0.16,26.63,226.1,0
jaipur,2024-01-19,1,2.41,25.47,206.5,0
jaipur,2024-01-20,1,1.49,23.48,262.2,0
jaipur,2024-01-21,1,0.42,25.94,251.1,0
jaipur,2024-01-22,1,1.05,22.89,214.2,0
jaipur,2024-01-23,1,0.17,20.71,236.1,0
jaipur,2024-01-24,1,2.35,28.84,214.4,0
jaipur,2024-01-25,1,2.18,22.05,232.0,0
jaipur,2024-01-26,1,2.36,27.95,248.9,0
jaipur,2024-01-27,1,2.51,25.11,208.1,0
jaipur,2024-01-28,1,2.37,23.85,274.8,0
jaipur,2024-01-29,1,1.6,24.44,218.9,0
jaipur,2024-01-30,1,1.36,25.47,244.5,0
jaipur,2024-01-31,1,1.34,24.24,236.3,0
jaipur,2024-02-01,2,1.81,29.44,79.0,0
jaipur,2024-02-02,2,0.43,26.34,77.4,0
jaipur,2024-02-03,2,0.41,28.34,66.6,0
jaipur,2024-02-04,2,0.83,26.82,60.9,0
jaipur,2024-02-05,2,0.37,26.76,49.0,0
jaipur,2024-02-06,2,0.29,28.66,137.6,0
jaipur,2024-02-07,2,1.35,27.83,91.7,0
jaipur,2024-02-08,2,0.49,28.06,55.6,0
jaipur,2024-02-09,2,1.69,28.68,83.2,0
jaipur,2024-02-10,2,1.42,27.22,93.2,0
jaipur,2024-02-11,2,2.92,29.51,67.9,0
jaipur,2024-02-12,2,6.6,27.34,69.8,0
jaipur,2024-02-13,2,0.22,26.74,116.8,0
jaipur,2024-02-14,2,2.16,25.86,118.3,0
jaipur,2024-02-15,2,1.37,24.32,85.2,0
jaipur,2024-02-16,2,1.55,27.38,135.6,0
jaipur,2024-02-17,2,2.37,23.96,114.4,0
jaipur,2024-02-18,2,1.74,28.84,79.8,0
jaipur,2024-02-19,2,2.57,27.43,63.0,0
jaipur,2024-02-20,2,1.47,25.07,117.4,0
jaipur,2024-02-21,2,1.33,24.85,89.3,0
jaipur,2024-02-22,2,0.25,25.69,102.6,0
jaipur,2024-02-23,2,2.23,27.23,59.1,0
jaipur,2024-02-24,2,2.04,27.97,107.1,0
jaipur,2024-02-25,2,1.02,21.82,49.0,0
jaipur,2024-02-26,2,0.97,25.25,46.9,0
jaipur,2024-02-27,2,0.51,28.95,126.4,0
jaipur,2024-02-28,2,1.95,27.96,67.5,0
jaipur,2024-02-29,2,2.04,24.93,84.3,0
jaipur,2024-03-01,3,0.79,40.3,95.5,0
jaipur,2024-03-02,3,0.61,42.22,64.1,1
jaipur,2024-03-03,3,0.81,40.24,128.9,0
jaipur,2024-03-04,3,0.34,34.31,91.4,0
jaipur,2024-03-05,3,0.34,41.85,68.2,0
jaipur,2024-03-06,3,0.77,39.4,68.7,0
jaipur,2024-03-07,3,0.63,37.94,96.9,0
jaipur,2024-03-08,3,2.31,39.75,106.6,0
jaipur,2024-03-09,3,1.98,34.15,84.7,0
jaipur,2024-03-10,3,0.66,33.4,59.9,0
jaipur,2024-03-11,3,0.71,33.69,71.3,0
jaipur,2024-03-12,3,1.41,38.89,57.2,0
jaipur,2024-03-13,3,3.35,37.45,108.8,0
jaipur,2024-03-14,3,0.49,37.04,72.2,0
jaipur,2024-03-15,3,1.17,35.82,99.0,0
jaipur,2024-03-16,3,0.22,39.63,34.4,0
jaipur,2024-03-17,3,0.14,39.68,102.8,0
jaipur,2024-03-18,3,2.91,36.49,97.2,0
jaipur,2024-03-19,3,1.51,41.19,60.0,0
jaipur,2024-03-20,3,1.67,33.36,91.0,0
jaipur,2024-03-21,3,0.32,38.7,100.9,0
jaipur,2024-03-22,3,2.03,38.95,54.5,0
jaipur,2024-03-23,3,4.51,37.58,79.4,0
jaipur,2024-03-24,3,0.54,34.98,130.8,0
jaipur,2024-03-25,3,2.62,39.48,112.6,0
jaipur,2024-03-26,3,1.49,36.38,85.4,0
jaipur,2024-03-27,3,1.74,31.84,51.3,0
jaipur,2024-03-28,3,0.96,35.56,125.5,0
jaipur,2024-03-29,3,2.56,36.8,106.0,0
jaipur,2024-03-30,3,1.21,38.95,80.4,0
jaipur,2024-03-31,3,1.82,36.07,142.6,0
jaipur,2024-04-01,4,0.44,43.92,42.1,1
jaipur,2024-04-02,4,0.24,45.09,98.1,1
jaipur,2024-04-03,4,0.8,45.51,41.2,1
jaipur,2024-04-04,4,1.06,48.1,105.4,1
jaipur,2024-04-05,4,1.06,49.32,34.9,1
jaipur,2024-04-06,4,2.33,45.41,96.5,1
jaipur,2024-04-07,4,0.58,41.6,66.9,0
jaipur,2024-04-08,4,2.4,45.56,38.7,1
jaipur,2024-04-09,4,1.23,42.29,52.3,1
jaipur,2024-04-10,4,0.55,44.08,121.3,1
jaipur,2024-04-11,4,0.49,44.63,103.2,1
jaipur,2024-04-12,4,1.76,43.8,94.2,1
jaipur,2024-04-13,4,1.17,46.34,86.1,1
jaipur,2024-04-14,4,0.66,45.84,161.9,1
jaipur,2024-04-15,4,1.71,43.7,117.8,1
jaipur,2024-04-16,4,0.46,41.84,110.0,0
jaipur,2024-04-17,4,0.1,46.52,149.9,1
jaipur,2024-04-18,4,1.99,45.48,94.2,1
jaipur,2024-04-19,4,3.3,43.35,110.3,1
jaipur,2024-04-20,4,0.83,44.49,81.0,1
jaipur,2024-04-21,4,0.8,44.62,86.4,1
jaipur,2024-04-22,4,0.26,41.69,112.5,0
jaipur,2024-04-23,4,0.78,45.36,81.4,1
jaipur,2024-04-24,4,0.66,42.35,93.6,1
jaipur,2024-04-25,4,0.83,46.32,59.1,1
jaipur,2024-04-26,4,1.93,45.75,52.9,1
jaipur,2024-04-27,4,1.38,45.56,72.2,1
jaipur,2024-04-28,4,0.51,47.1,76.4,1
jaipur,2024-04-29,4,2.51,44.51,76.7,1
jaipur,2024-04-30,4,2.46,48.55,95.2,1
jaipur,2024-05-01,5,1.68,49.29,84.9,1
jaipur,2024-05-02,5,0.83,49.07,56.6,1
jaipur,2024-05-03,5,1.74,50.37,91.6,1
jaipur,2024-05-04,5,0.27,51.7,71.4,1
jaipur,2024-05-05,5,1.22,49.35,47.9,1
jaipur,2024-05-06,5,1.83,53.2,147.2,1
jaipur,2024-05-07,5,1.25,53.92,103.7,1
jaipur,2024-05-08,5,1.37,52.5,95.3,1
jaipur,2024-05-09,5,1.42,51.31,46.0,1
jaipur,2024-05-10,5,1.44,50.3,72.3,1
jaipur,2024-05-11,5,0.72,49.2,72.8,1
jaipur,2024-05-12,5,1.97,50.7,124.4,1
jaipur,2024-05-13,5,2.74,52.05,60.2,1
jaipur,2024-05-14,5,0.42,49.81,117.3,1
jaipur,2024-05-15,5,2.17,51.23,97.9,1
jaipur,2024-05-16,5,3.23,52.01,97.5,1
jaipur,2024-05-17,5,0.38,49.51,84.4,1
jaipur,2024-05-18,5,1.04,51.44,92.7,1
jaipur,2024-05-19,5,1.38,51.33,83.8,1
jaipur,2024-05-20,5,2.58,49.42,74.1,1
jaipur,2024-05-21,5,0.42,51.19,91.4,1
jaipur,2024-05-22,5,1.37,52.23,119.6,1
jaipur,2024-05-23,5,0.55,50.39,104.7,1
jaipur,2024-05-24,5,2.27,51.49,142.9,1
jaipur,2024-05-25,5,0.19,50.04,89.4,1
jaipur,2024-05-26,5,0.83,56.25,97.4,1
jaipur,2024-05-27,5,1.93,50.01,107.7,1
jaipur,2024-05-28,5,0.53,52.12,92.1,1
jaipur,2024-05-29,5,0.23,47.87,26.5,1
jaipur,2024-05-30,5,1.87,48.28,118.0,1
jaipur,2024-05-31,5,0.62,48.15,106.2,1
jaipur,2024-06-01,6,4.48,44.13,131.9,1
jaipur,2024-06-02,6,13.75,47.72,72.2,1
jaipur,2024-06-03,6,20.82,47.46,92.7,1
jaipur,2024-06-04,6,24.29,48.65,87.9,1
jaipur,2024-06-05,6,18.94,44.17,118.0,1
jaipur,2024-06-06,6,24.44,44.13,103.1,1
jaipur,2024-06-07,6,26.94,47.02,69.9,1
jaipur,2024-06-08,6,11.76,48.4,114.4,1
jaipur,2024-06-09,6,6.17,46.82,71.8,1
jaipur,2024-06-10,6,18.45,46.43,70.6,1
jaipur,2024-06-11,6,3.6,45.71,62.8,1
jaipur,2024-06-12,6,55.18,45.91,84.9,1
jaipur,2024-06-13,6,15.83,42.11,89.1,1
jaipur,2024-06-14,6,44.8,48.02,96.8,1
jaipur,2024-06-15,6,8.69,44.33,102.8,1
jaipur,2024-06-16,6,18.05,47.45,60.6,1
jaipur,2024-06-17,6,9.06,45.45,59.0,1
jaipur,2024-06-18,6,4.54,46.14,35.4,1
jaipur,2024-06-19,6,9.21,46.2,44.8,1
jaipur,2024-06-20,6,18.1,46.28,99.7,1
jaipur,2024-06-21,6,8.68,50.6,58.2,1
jaipur,2024-06-22,6,3.68,45.81,111.5,1
jaipur,2024-06-23,6,10.18,45.83,101.0,1
jaipur,2024-06-24,6,9.79,46.11,92.1,1
jaipur,2024-06-25,6,21.34,49.31,97.2,1
jaipur,2024-06-26,6,13.87,48.72,114.5,1
jaipur,2024-06-27,6,7.55,47.2,77.6,1
jaipur,2024-06-28,6,10.1,47.56,86.7,1
jaipur,2024-06-29,6,23.85,46.84,80.8,1
jaipur,2024-06-30,6,13.85,41.52,69.8,0
jaipur,2024-07-01,7,8.35,40.12,105.5,0
jaipur,2024-07-02,7,6.19,38.28,105.9,0
jaipur,2024-07-03,7,18.05,39.48,116.9,0
jaipur,2024-07-04,7,20.31,38.83,66.5,0
jaipur,2024-07-05,7,13.47,38.29,112.4,0
jaipur,2024-07-06,7,24.19,35.83,119.8,0
jaipur,2024-07-07,7,36.57,40.09,95.5,0
jaipur,2024-07-08,7,37.21,34.93,101.9,0
jaipur,2024-07-09,7,4.76,36.22,91.6,0
jaipur,2024-07-10,7,18.75,39.44,56.3,0
jaipur,2024-07-11,7,36.48,39.62,79.8,0
jaipur,2024-07-12,7,5.45,38.67,141.7,0
jaipur,2024-07-13,7,4.21,39.71,128.6,0
jaipur,2024-07-14,7,6.6,41.58,117.3,0
jaipur,2024-07-15,7,24.35,35.57,83.7,0
jaipur,2024-07-16,7,39.82,39.01,65.2,0
jaipur,2024-07-17,7,11.84,34.92,103.0,0
jaipur,2024-07-18,7,14.64,38.31,115.2,0
jaipur,2024-07-19,7,6.17,37.59,133.3,0
jaipur,2024-07-20,7,29.04,38.47,51.8,0
jaipur,2024-07-21,7,32.37,39.24,74.2,0
jaipur,2024-07-22,7,9.92,37.64,114.3,0
jaipur,2024-07-23,7,14.91,36.99,114.0,0
jaipur,2024-07-24,7,23.01,34.65,69.9,0
jaipur,2024-07-25,7,16.84,36.21,103.9,0
jaipur,2024-07-26,7,16.53,34.46,160.1,0
jaipur,2024-07-27,7,10.72,36.89,95.1,0
jaipur,2024-07-28,7,16.84,38.07,87.4,0
jaipur,2024-07-29,7,20.83,40.05,83.9,0
jaipur,2024-07-30,7,31.4,33.05,51.3,0
jaipur,2024-07-31,7,35.74,40.17,63.3,0
jaipur,2024-08-01,8,8.36,36.08,110.0,0
jaipur,2024-08-02,8,17.22,41.41,162.0,0
jaipur,2024-08-03,8,23.23,38.73,61.4,0
jaipur,2024-08-04,8,12.61,38.78,70.9,0
jaipur,2024-08-05,8,0.91,39.14,100.7,0
jaipur,2024-08-06,8,24.14,41.11,104.2,0
jaipur,2024-08-07,8,15.8,39.32,58.7,0
jaipur,2024-08-08,8,28.62,36.37,113.0,0
jaipur,2024-08-09,8,24.29,35.45,118.7,0
jaipur,2024-08-10,8,17.02,39.46,50.4,0
jaipur,2024-08-11,8,16.37,40.54,119.9,0
jaipur,2024-08-12,8,21.92,38.05,69.8,0
jaipur,2024-08-13,8,13.52,36.95,73.8,0
jaipur,2024-08-14,8,4.08,38.14,85.0,0
jaipur,2024-08-15,8,11.79,38.45,48.3,0
jaipur,2024-08-16,8,30.24,37.68,94.5,0
jaipur,2024-08-17,8,22.01,38.31,92.6,0
jaipur,2024-08-18,8,8.11,36.65,56.5,0
jaipur,2024-08-19,8,11.81,36.47,121.7,0
jaipur,2024-08-20,8,20.24,38.88,95.8,0
jaipur,2024-08-21,8,7.43,36.02,91.3,0
jaipur,2024-08-22,8,4.82,37.96,102.0,0
jaipur,2024-08-23,8,22.1,38.31,75.3,0
jaipur,2024-08-24,8,2.29,40.85,92.4,0
jaipur,2024-08-25,8,26.67,38.72,113.1,0
jaipur,2024-08-26,8,26.65,40.1,61.5,0
jaipur,2024-08-27,8,5.98,40.44,144.3,0
jaipur,2024-08-28,8,32.6,39.32,81.7,0
jaipur,2024-08-29,8,7.28,36.58,91.9,0
jaipur,2024-08-30,8,10.59,38.52,107.5,0
jaipur,2024-08-31,8,17.21,39.84,110.1,0
jaipur,2024-09-01,9,11.3,35.16,67.6,0
jaipur,2024-09-02,9,4.99,38.68,97.9,0
jaipur,2024-09-03,9,1.04,35.82,68.6,0
jaipur,2024-09-04,9,14.74,33.1,134.1,0
jaipur,2024-09-05,9,8.6,41.77,117.1,0
jaipur,2024-09-06,9,18.01,39.0,90.1,0
jaipur,2024-09-07,9,8.52,35.91,88.1,0
jaipur,2024-09-08,9,6.34,40.13,87.5,0
jaipur,2024-09-09,9,19.21,39.35,122.7,0
jaipur,2024-09-10,9,14.9,42.26,138.5,1
jaipur,2024-09-11,9,11.72,37.12,41.0,0
jaipur,2024-09-12,9,9.93,40.24,149.4,0
jaipur,2024-09-13,9,2.04,37.9,108.2,0
jaipur,2024-09-14,9,7.54,39.51,94.6,0
jaipur,2024-09-15,9,1.55,38.25,133.4,0
jaipur,2024-09-16,9,4.0,39.09,99.7,0
jaipur,2024-09-17,9,3.91,37.22,105.9,0
jaipur,2024-09-18,9,0.71,39.46,85.2,0
jaipur,2024-09-19,9,1.64,36.31,93.5,0
jaipur,2024-09-20,9,2.82,36.3,155.0,0
jaipur,2024-09-21,9,2.26,39.77,114.4,0
jaipur,2024-09-22,9,2.29,35.73,80.0,0
jaipur,2024-09-23,9,9.47,38.21,65.1,0
jaipur,2024-09-24,9,6.29,33.01,82.5,0
jaipur,2024-09-25,9,3.69,38.36,66.8,0
jaipur,2024-09-26,9,10.18,42.71,96.1,1
jaipur,2024-09-27,9,11.05,35.12,136.4,0
jaipur,2024-09-28,9,7.66,37.9,48.7,0
jaipur,2024-09-29,9,2.21,40.34,70.5,0
jaipur,2024-09-30,9,24.72,40.46,53.1,0
jaipur,2024-10-01,10,2.69,36.83,133.3,0
jaipur,2024-10-02,10,2.89,35.77,78.1,0
jaipur,2024-10-03,10,1.33,39.07,145.4,0
jaipur,2024-10-04,10,3.22,39.48,149.1,0
jaipur,2024-10-05,10,2.86,33.57,92.1,0
jaipur,2024-10-06,10,1.03,44.04,119.5,1
jaipur,2024-10-07,10,1.36,37.2,95.1,0
jaipur,2024-10-08,10,0.2,39.09,122.3,0
jaipur,2024-10-09,10,4.21,35.51,169.5,0
jaipur,2024-10-10,10,4.53,37.32,173.3,0
jaipur,2024-10-11,10,0.63,38.54,163.2,0
jaipur,2024-10-12,10,1.2,36.14,148.8,0
jaipur,2024-10-13,10,0.48,39.74,137.5,0
jaipur,2024-10-14,10,1.88,37.68,146.6,0
jaipur,2024-10-15,10,0.65,40.41,101.1,0
jaipur,2024-10-16,10,0.45,36.93,139.5,0
jaipur,2024-10-17,10,1.7,38.01,128.2,0
jaipur,2024-10-18,10,1.82,40.13,108.4,0
jaipur,2024-10-19,10,0.71,38.39,153.7,0
jaipur,2024-10-20,10,2.11,40.3,166.8,0
jaipur,2024-10-21,10,1.7,37.85,110.1,0
jaipur,2024-10-22,10,3.24,36.82,174.8,0
jaipur,2024-10-23,10,0.53,38.98,125.8,0
jaipur,2024-10-24,10,1.07,37.58,108.9,0
jaipur,2024-10-25,10,4.62,37.95,101.8,0
jaipur,2024-10-26,10,0.2,39.19,143.7,0
jaipur,2024-10-27,10,0.84,38.02,120.8,0
jaipur,2024-10-28,10,0.07,40.44,159.1,0
jaipur,2024-10-29,10,2.62,35.87,123.9,0
jaipur,2024-10-30,10,1.89,40.9,158.7,0
jaipur,2024-10-31,10,1.03,40.26,93.7,0
jaipur,2024-11-01,11,1.36,35.13,193.2,0
jaipur,2024-11-02,11,2.21,38.67,186.8,0
jaipur,2024-11-03,11,1.08,37.98,151.7,0
jaipur,2024-11-04,11,0.28,36.95,176.1,0
jaipur,2024-11-05,11,3.2,40.26,156.7,0
jaipur,2024-11-06,11,1.08,37.05,221.2,0
jaipur,2024-11-07,11,4.55,38.64,169.9,0
jaipur,2024-11-08,11,3.64,38.24,175.6,0
jaipur,2024-11-09,11,1.05,39.52,186.5,0
jaipur,2024-11-10,11,0.97,37.02,197.9,0
jaipur,2024-11-11,11,0.66,38.7,187.9,0
jaipur,2024-11-12,11,0.97,37.23,146.6,0
jaipur,2024-11-13,11,0.63,39.93,183.2,0
jaipur,2024-11-14,11,2.25,35.48,204.0,0
jaipur,2024-11-15,11,0.54,37.3,119.7,0
jaipur,2024-11-16,11,1.97,40.51,139.2,0
jaipur,2024-11-17,11,1.47,35.55,191.7,0
jaipur,2024-11-18,11,0.46,39.75,181.0,0
jaipur,2024-11-19,11,1.44,40.53,184.6,0
jaipur,2024-11-20,11,1.9,38.48,166.2,0
jaipur,2024-11-21,11,0.79,37.33,155.8,0
jaipur,2024-11-22,11,3.66,36.1,167.8,0
jaipur,2024-11-23,11,2.8,37.44,187.0,0
jaipur,2024-11-24,11,0.8,36.67,226.8,0
jaipur,2024-11-25,11,1.13,37.32,181.4,0
jaipur,2024-11-26,11,0.61,38.54,160.0,0
jaipur,2024-11-27,11,1.92,38.32,162.5,0
jaipur,2024-11-28,11,0.02,35.61,180.9,0
jaipur,2024-11-29,11,0.67,36.69,190.3,0
jaipur,2024-11-30,11,0.59,36.64,161.3,0
jaipur,2024-12-01,12,1.88,22.53,266.6,0
jaipur,2024-12-02,12,3.62,29.71,193.0,0
jaipur,2024-12-03,12,1.95,24.87,191.7,0
jaipur,2024-12-04,12,0.74,26.93,221.5,0
jaipur,2024-12-05,12,1.13,26.02,270.0,0
jaipur,2024-12-06,12,4.73,25.7,224.3,0
jaipur,2024-12-07,12,1.2,25.18,285.0,0
jaipur,2024-12-08,12,0.34,21.69,230.5,0
jaipur,2024-12-09,12,2.51,28.06,223.2,0
jaipur,2024-12-10,12,0.68,27.49,204.0,0
jaipur,2024-12-11,12,1.12,28.44,175.5,0
jaipur,2024-12-12,12,1.0,25.56,209.5,0
jaipur,2024-12-13,12,2.13,27.48,235.0,0
jaipur,2024-12-14,12,0.18,26.47,229.0,0
jaipur,2024-12-15,12,2.64,25.14,260.6,0
jaipur,2024-12-16,12,1.08,25.06,217.3,0
jaipur,2024-12-17,12,1.96,28.39,239.0,0
jaipur,2024-12-18,12,0.93,23.93,240.8,0
jaipur,2024-12-19,12,2.83,28.61,228.4,0
jaipur,2024-12-20,12,1.5,28.66,223.4,0
jaipur,2024-12-21,12,0.53,23.93,185.9,0
jaipur,2024-12-22,12,0.69,24.73,185.2,0
jaipur,2024-12-23,12,0.98,26.53,171.4,0
jaipur,2024-12-24,12,2.74,22.7,179.0,0
jaipur,2024-12-25,12,0.89,29.09,249.4,0
jaipur,2024-12-26,12,0.62,26.74,239.9,0
jaipur,2024-12-27,12,0.75,30.47,263.3,0
jaipur,2024-12-28,12,0.62,26.98,243.5,0
jaipur,2024-12-29,12,2.19,27.71,222.2,0
jaipur,2024-12-30,12,2.05,27.25,243.2,0
jaipur,2024-12-31,12,1.67,23.09,204.7,0
jaipur,2025-01-01,1,0.4,24.7,294.4,0
jaipur,2025-01-02,1,0.54,22.44,250.1,0
jaipur,2025-01-03,1,0.51,21.81,215.0,0
jaipur,2025-01-04,1,1.44,26.69,242.1,0
jaipur,2025-01-05,1,2.89,24.98,221.1,0
jaipur,2025-01-06,1,0.57,22.73,243.3,0
jaipur,2025-01-07,1,0.1,26.68,232.2,0
jaipur,2025-01-08,1,4.9,25.38,265.8,0
jaipur,2025-01-09,1,2.75,23.94,219.6,0
jaipur,2025-01-10,1,1.03,24.05,256.1,0
jaipur,2025-01-11,1,2.4,27.29,202.0,0
jaipur,2025-01-12,1,3.94,27.49,267.9,0
jaipur,2025-01-13,1,1.07,26.81,210.9,0
jaipur,2025-01-14,1,0.71,22.07,287.9,0
jaipur,2025-01-15,1,1.25,24.0,254.9,0
jaipur,2025-01-16,1,0.4,24.51,230.9,0
jaipur,2025-01-17,1,0.24,24.24,242.6,0
jaipur,2025-01-18,1,4.6,28.24,247.5,0
jaipur,2025-01-19,1,6.02,24.45,259.1,0
jaipur,2025-01-20,1,1.06,22.62,242.7,0
jaipur,2025-01-21,1,1.75,24.98,222.2,0
jaipur,2025-01-22,1,1.17,25.08,315.8,0
jaipur,2025-01-23,1,0.55,23.59,268.8,0
jaipur,2025-01-24,1,1.26,24.3,225.9,0
jaipur,2025-01-25,1,1.82,29.77,218.0,0
jaipur,2025-01-26,1,0.94,24.07,232.1,0
jaipur,2025-01-27,1,0.32,26.09,232.9,0
jaipur,2025-01-28,1,1.15,26.05,249.3,0
jaipur,2025-01-29,1,0.37,22.13,219.2,0
jaipur,2025-01-30,1,3.91,23.41,264.1,0
jaipur,2025-01-31,1,1.45,25.91,251.6,0
jaipur,2025-02-01,2,1.51,29.93,116.1,0
jaipur,2025-02-02,2,1.92,27.98,162.6,0
jaipur,2025-02-03,2,1.88,27.66,112.5,0
jaipur,2025-02-04,2,0.35,27.59,175.0,0
jaipur,2025-02-05,2,2.27,29.84,70.7,0
jaipur,2025-02-06,2,3.47,27.26,103.9,0
jaipur,2025-02-07,2,0.82,27.8,27.8,0
jaipur,2025-02-08,2,1.7,26.74,101.9,0
jaipur,2025-02-09,2,2.44,25.97,53.0,0
jaipur,2025-02-10,2,2.01,25.99,103.1,0
jaipur,2025-02-11,2,3.58,27.39,58.9,0
jaipur,2025-02-12,2,1.15,27.41,44.6,0
jaipur,2025-02-13,2,0.96,25.34,115.5,0
jaipur,2025-02-14,2,2.57,26.45,160.8,0
jaipur,2025-02-15,2,2.38,27.39,140.8,0
jaipur,2025-02-16,2,1.38,29.82,105.4,0
jaipur,2025-02-17,2,1.18,28.49,47.4,0
jaipur,2025-02-18,2,2.17,27.95,131.5,0
jaipur,2025-02-19,2,2.17,25.03,75.5,0
jaipur,2025-02-20,2,2.15,29.69,91.0,0
jaipur,2025-02-21,2,0.93,24.62,101.2,0
jaipur,2025-02-22,2,0.82,27.76,87.0,0
jaipur,2025-02-23,2,2.97,29.54,113.1,0
jaipur,2025-02-24,2,0.16,28.04,124.5,0
jaipur,2025-02-25,2,1.66,26.87,74.0,0
jaipur,2025-02-26,2,1.24,27.53,107.9,0
jaipur,2025-02-27,2,0.14,25.71,59.1,0
jaipur,2025-02-28,2,1.46,28.46,68.2,0
jaipur,2025-03-01,3,0.49,36.54,113.4,0
jaipur,2025-03-02,3,2.36,39.66,78.6,0
jaipur,2025-03-03,3,2.43,40.01,72.8,0
jaipur,2025-03-04,3,2.78,36.69,79.0,0
jaipur,2025-03-05,3,0.99,37.91,83.7,0
jaipur,2025-03-06,3,0.9,42.46,50.5,1
jaipur,2025-03-07,3,0.68,39.39,20.7,0
jaipur,2025-03-08,3,3.81,40.09,124.8,0
jaipur,2025-03-09,3,0.71,39.93,59.2,0
jaipur,2025-03-10,3,1.86,37.13,119.5,0
jaipur,2025-03-11,3,0.28,35.88,88.5,0
jaipur,2025-03-12,3,0.84,39.98,100.7,0
jaipur,2025-03-13,3,0.35,38.13,64.6,0
jaipur,2025-03-14,3,0.57,36.88,50.2,0
jaipur,2025-03-15,3,0.3,38.78,97.2,0
jaipur,2025-03-16,3,0.84,36.81,50.6,0
jaipur,2025-03-17,3,0.9,42.19,49.2,1
jaipur,2025-03-18,3,0.98,40.9,82.6,0
jaipur,2025-03-19,3,0.36,36.98,130.4,0
jaipur,2025-03-20,3,0.78,36.64,168.6,0
jaipur,2025-03-21,3,0.54,39.22,63.2,0
jaipur,2025-03-22,3,0.83,41.0,103.0,0
jaipur,2025-03-23,3,0.97,38.85,131.7,0
jaipur,2025-03-24,3,0.31,39.22,45.7,0
jaipur,2025-03-25,3,3.28,37.8,67.2,0
jaipur,2025-03-26,3,2.44,36.16,157.4,0
jaipur,2025-03-27,3,0.28,35.8,100.1,0
jaipur,2025-03-28,3,1.64,39.8,89.5,0
jaipur,2025-03-29,3,1.01,37.96,118.3,0
jaipur,2025-03-30,3,1.11,37.69,22.0,0
jaipur,2025-03-31,3,0.77,39.81,85.7,0
jaipur,2025-04-01,4,0.22,44.23,55.9,1
jaipur,2025-04-02,4,3.22,47.23,114.7,1
jaipur,2025-04-03,4,1.83,44.27,131.3,1
jaipur,2025-04-04,4,2.96,46.36,137.2,1
jaipur,2025-04-05,4,0.82,43.28,120.5,1
jaipur,2025-04-06,4,0.85,44.83,68.7,1
jaipur,2025-04-07,4,0.43,46.89,113.1,1
jaipur,2025-04-08,4,1.49,44.6,101.8,1
jaipur,2025-04-09,4,0.75,44.96,81.1,1
jaipur,2025-04-10,4,1.41,46.3,74.5,1
jaipur,2025-04-11,4,1.91,46.69,144.1,1
jaipur,2025-04-12,4,1.89,47.93,76.4,1
jaipur,2025-04-13,4,1.79,45.28,88.4,1
jaipur,2025-04-14,4,2.6,44.14,100.8,1
jaipur,2025-04-15,4,1.23,46.03,89.7,1
jaipur,2025-04-16,4,1.5,43.34,116.2,1
jaipur,2025-04-17,4,1.02,47.13,124.3,1
jaipur,2025-04-18,4,3.25,45.89,52.4,1
jaipur,2025-04-19,4,1.2,44.2,54.6,1
jaipur,2025-04-20,4,0.95,44.69,57.8,1
jaipur,2025-04-21,4,1.32,48.06,54.2,1
jaipur,2025-04-22,4,1.12,44.93,42.3,1
jaipur,2025-04-23,4,2.08,46.98,115.3,1
jaipur,2025-04-24,4,1.53,46.38,124.5,1
jaipur,2025-04-25,4,1.54,45.02,81.4,1
jaipur,2025-04-26,4,1.65,46.4,116.9,1
jaipur,2025-04-27,4,3.25,44.12,65.7,1
jaipur,2025-04-28,4,0.56,47.9,84.7,1
jaipur,2025-04-29,4,3.6,47.63,54.1,1
jaipur,2025-04-30,4,0.47,43.32,69.4,1
jaipur,2025-05-01,5,2.43,53.84,69.2,1
jaipur,2025-05-02,5,1.56,49.93,98.1,1
jaipur,2025-05-03,5,1.03,53.49,108.9,1
jaipur,2025-05-04,5,0.33,50.78,91.3,1
jaipur,2025-05-05,5,0.93,55.39,24.6,1
jaipur,2025-05-06,5,0.31,51.63,172.0,1
jaipur,2025-05-07,5,0.32,53.08,175.4,1
jaipur,2025-05-08,5,2.99,48.7,134.8,1
jaipur,2025-05-09,5,1.2,52.71,127.1,1
jaipur,2025-05-10,5,2.2,51.87,69.0,1
jaipur,2025-05-11,5,1.05,50.69,123.7,1
jaipur,2025-05-12,5,3.1,48.83,62.5,1
jaipur,2025-05-13,5,0.32,48.38,86.5,1
jaipur,2025-05-14,5,2.18,51.45,121.0,1
jaipur,2025-05-15,5,3.33,53.85,134.6,1
jaipur,2025-05-16,5,0.65,53.07,20.0,1
jaipur,2025-05-17,5,2.28,49.24,60.8,1
jaipur,2025-05-18,5,1.66,51.71,110.7,1
jaipur,2025-05-19,5,1.61,52.38,105.6,1
jaipur,2025-05-20,5,1.04,50.81,128.6,1
jaipur,2025-05-21,5,0.7,54.41,60.8,1
jaipur,2025-05-22,5,1.04,49.53,78.3,1
jaipur,2025-05-23,5,0.45,53.61,133.6,1
jaipur,2025-05-24,5,1.69,51.89,30.7,1
jaipur,2025-05-25,5,2.15,54.95,58.7,1
jaipur,2025-05-26,5,1.46,52.72,82.0,1
jaipur,2025-05-27,5,0.94,50.73,102.5,1
jaipur,2025-05-28,5,0.29,53.95,102.6,1
jaipur,2025-05-29,5,1.98,49.0,59.9,1
jaipur,2025-05-30,5,1.2,54.34,74.1,1
jaipur,2025-05-31,5,1.9,47.94,91.2,1
jaipur,2025-06-01,6,15.1,45.45,84.4,1
jaipur,2025-06-02,6,39.25,46.51,101.6,1
jaipur,2025-06-03,6,10.87,44.92,121.5,1
jaipur,2025-06-04,6,7.0,46.58,127.2,1
jaipur,2025-06-05,6,5.34,43.01,115.6,1
jaipur,2025-06-06,6,5.26,45.9,149.2,1
jaipur,2025-06-07,6,12.47,43.26,119.4,1
jaipur,2025-06-08,6,3.49,44.89,62.1,1
jaipur,2025-06-09,6,31.3,44.42,96.6,1
jaipur,2025-06-10,6,6.98,47.72,72.3,1
jaipur,2025-06-11,6,8.44,41.56,88.3,0
jaipur,2025-06-12,6,12.83,45.78,31.0,1
jaipur,2025-06-13,6,12.24,49.0,77.0,1
jaipur,2025-06-14,6,12.77,49.98,80.0,1
jaipur,2025-06-15,6,4.09,45.64,49.9,1
jaipur,2025-06-16,6,26.42,47.11,148.7,1
jaipur,2025-06-17,6,7.57,44.23,117.8,1
jaipur,2025-06-18,6,8.3,43.83,116.8,1
jaipur,2025-06-19,6,8.32,49.05,116.8,1
jaipur,2025-06-20,6,8.26,47.41,105.8,1
jaipur,2025-06-21,6,4.5,46.66,28.1,1
jaipur,2025-06-22,6,14.33,48.72,79.6,1
jaipur,2025-06-23,6,33.03,45.46,114.7,1
jaipur,2025-06-24,6,21.11,44.95,63.9,1
jaipur,2025-06-25,6,5.97,43.22,47.0,1
jaipur,2025-06-26,6,14.63,43.81,100.4,1
jaipur,2025-06-27,6,14.77,44.07,67.1,1
jaipur,2025-06-28,6,20.73,47.43,87.4,1
jaipur,2025-06-29,6,13.32,47.14,31.2,1
jaipur,2025-06-30,6,1.0,41.59,44.6,0
jaipur,2025-07-01,7,10.89,37.79,134.0,0
jaipur,2025-07-02,7,23.99,42.23,84.8,1
jaipur,2025-07-03,7,16.32,35.84,90.7,0
jaipur,2025-07-04,7,31.91,38.2,108.0,0
jaipur,2025-07-05,7,24.75,39.06,86.6,0
jaipur,2025-07-06,7,8.6,37.49,65.1,0
jaipur,2025-07-07,7,44.36,37.9,130.9,0
jaipur,2025-07-08,7,12.34,37.17,136.2,0
jaipur,2025-07-09,7,17.74,39.33,76.4,0
jaipur,2025-07-10,7,11.52,39.23,54.2,0
jaipur,2025-07-11,7,22.55,33.95,78.2,0
jaipur,2025-07-12,7,24.36,38.99,79.8,0
jaipur,2025-07-13,7,2.45,37.59,74.3,0
jaipur,2025-07-14,7,12.51,40.42,94.9,0
jaipur,2025-07-15,7,13.77,37.43,114.6,0
jaipur,2025-07-16,7,34.04,38.75,102.8,0
jaipur,2025-07-17,7,13.71,36.5,102.9,0
jaipur,2025-07-18,7,10.87,38.43,78.4,0
jaipur,2025-07-19,7,1.92,35.05,124.9,0
jaipur,2025-07-20,7,45.86,35.62,103.5,0
jaipur,2025-07-21,7,26.79,36.77,118.6,0
jaipur,2025-07-22,7,22.79,36.69,77.3,0
jaipur,2025-07-23,7,36.45,35.3,139.5,0
jaipur,2025-07-24,7,6.69,41.75,124.4,0
jaipur,2025-07-25,7,7.91,39.11,110.3,0
jaipur,2025-07-26,7,8.31,39.67,79.6,0
jaipur,2025-07-27,7,19.75,38.19,121.8,0
jaipur,2025-07-28,7,22.25,33.68,86.3,0
jaipur,2025-07-29,7,17.63,37.24,93.5,0
jaipur,2025-07-30,7,18.16,34.04,53.9,0
jaipur,2025-07-31,7,10.55,39.82,108.5,0
jaipur,2025-08-01,8,35.98,41.47,64.5,0
jaipur,2025-08-02,8,18.25,44.56,108.4,1
jaipur,2025-08-03,8,37.15,38.87,39.1,0
jaipur,2025-08-04,8,8.96,38.72,105.0,0
jaipur,2025-08-05,8,12.07,39.18,84.5,0
jaipur,2025-08-06,8,17.26,34.63,80.6,0
jaipur,2025-08-07,8,30.58,36.39,129.4,0
jaipur,2025-08-08,8,17.9,36.67,94.1,0
jaipur,2025-08-09,8,5.74,35.59,58.3,0
jaipur,2025-08-10,8,7.66,37.61,134.0,0
jaipur,2025-08-11,8,6.69,39.7,125.6,0
jaipur,2025-08-12,8,20.48,38.14,85.1,0
jaipur,2025-08-13,8,17.75,39.45,95.0,0
jaipur,2025-08-14,8,2.21,38.17,69.6,0
jaipur,2025-08-15,8,8.16,37.89,92.1,0
jaipur,2025-08-16,8,24.88,37.09,63.3,0
jaipur,2025-08-17,8,13.19,37.78,112.3,0
jaipur,2025-08-18,8,6.37,37.56,99.5,0
jaipur,2025-08-19,8,14.41,37.98,75.2,0
jaipur,2025-08-20,8,5.16,37.43,93.6,0
jaipur,2025-08-21,8,20.22,40.48,29.0,0
jaipur,2025-08-22,8,40.69,38.53,87.7,0
jaipur,2025-08-23,8,15.37,37.7,106.8,0
jaipur,2025-08-24,8,8.59,41.16,78.4,0
jaipur,2025-08-25,8,14.63,36.4,88.7,0
jaipur,2025-08-26,8,10.57,37.3,68.4,0
jaipur,2025-08-27,8,10.62,38.97,47.4,0
jaipur,2025-08-28,8,12.31,37.56,104.6,0
jaipur,2025-08-29,8,26.41,42.41,23.2,1
jaipur,2025-08-30,8,36.12,39.59,53.3,0
jaipur,2025-08-31,8,6.79,36.96,82.0,0
jaipur,2025-09-01,9,12.58,35.62,67.5,0
jaipur,2025-09-02,9,10.25,38.79,106.6,0
jaipur,2025-09-03,9,7.52,38.09,79.4,0
jaipur,2025-09-04,9,10.5,41.1,106.3,0
jaipur,2025-09-05,9,3.25,41.64,121.0,0
jaipur,2025-09-06,9,12.67,34.95,53.2,0
jaipur,2025-09-07,9,3.47,38.3,113.8,0
jaipur,2025-09-08,9,8.93,37.38,82.2,0
jaipur,2025-09-09,9,9.08,40.25,88.6,0
jaipur,2025-09-10,9,14.12,40.64,92.0,0
jaipur,2025-09-11,9,6.57,36.37,103.7,0
jaipur,2025-09-12,9,12.47,35.91,138.9,0
jaipur,2025-09-13,9,9.47,38.05,97.2,0
jaipur,2025-09-14,9,6.49,42.63,109.8,1
jaipur,2025-09-15,9,7.17,38.51,80.2,0
jaipur,2025-09-16,9,12.2,37.78,104.3,0
jaipur,2025-09-17,9,15.66,42.22,80.0,1
jaipur,2025-09-18,9,9.16,35.44,88.0,0
jaipur,2025-09-19,9,16.6,37.58,66.3,0
jaipur,2025-09-20,9,7.34,37.95,121.0,0
jaipur,2025-09-21,9,1.91,38.95,61.4,0
jaipur,2025-09-22,9,2.92,33.41,115.5,0
jaipur,2025-09-23,9,11.58,35.8,71.7,0
jaipur,2025-09-24,9,10.3,35.34,117.0,0
jaipur,2025-09-25,9,3.2,38.19,83.1,0
jaipur,2025-09-26,9,6.48,37.45,74.7,0
jaipur,2025-09-27,9,25.16,39.83,51.3,0
jaipur,2025-09-28,9,9.44,35.12,69.0,0
jaipur,2025-09-29,9,9.4,39.86,117.9,0
jaipur,2025-09-30,9,6.99,34.92,78.7,0
jaipur,2025-10-01,10,1.68,38.26,131.1,0
jaipur,2025-10-02,10,1.65,37.4,110.3,0
jaipur,2025-10-03,10,4.76,37.84,127.7,0
jaipur,2025-10-04,10,1.44,41.18,134.7,0
jaipur,2025-10-05,10,1.59,36.26,120.7,0
jaipur,2025-10-06,10,3.67,37.12,119.2,0
jaipur,2025-10-07,10,0.99,39.34,134.8,0
jaipur,2025-10-08,10,0.74,36.44,108.4,0
jaipur,2025-10-09,10,1.76,38.6,176.5,0
jaipur,2025-10-10,10,2.45,37.49,147.0,0
jaipur,2025-10-11,10,1.25,33.91,113.2,0
jaipur,2025-10-12,10,2.81,41.8,117.1,0
jaipur,2025-10-13,10,1.76,36.57,112.2,0
jaipur,2025-10-14,10,0.66,39.7,140.7,0
jaipur,2025-10-15,10,1.74,36.75,146.6,0
jaipur,2025-10-16,10,2.46,35.68,117.2,0
jaipur,2025-10-17,10,1.48,38.8,124.0,0
jaipur,2025-10-18,10,2.32,40.19,194.0,0
jaipur,2025-10-19,10,1.52,38.1,165.3,0
jaipur,2025-10-20,10,1.79,39.66,94.4,0
jaipur,2025-10-21,10,0.63,35.55,141.9,0
jaipur,2025-10-22,10,1.6,39.26,84.5,0
jaipur,2025-10-23,10,0.69,38.44,114.5,0
jaipur,2025-10-24,10,1.84,36.68,134.9,0
jaipur,2025-10-25,10,0.52,38.48,113.0,0
jaipur,2025-10-26,10,0.42,39.0,103.3,0
jaipur,2025-10-27,10,2.6,39.65,161.9,0
jaipur,2025-10-28,10,0.89,36.09,103.8,0
jaipur,2025-10-29,10,0.51,39.6,156.4,0
jaipur,2025-10-30,10,1.33,36.64,142.7,0
jaipur,2025-10-31,10,2.44,39.52,158.8,0
jaipur,2025-11-01,11,0.57,36.8,207.3,0
jaipur,2025-11-02,11,0.87,35.33,179.9,0
jaipur,2025-11-03,11,0.58,37.62,187.9,0
jaipur,2025-11-04,11,1.67,38.26,194.5,0
jaipur,2025-11-05,11,1.52,35.57,164.7,0
jaipur,2025-11-06,11,2.57,39.13,210.3,0
jaipur,2025-11-07,11,2.31,38.21,153.4,0
jaipur,2025-11-08,11,1.11,35.52,213.5,0
jaipur,2025-11-09,11,0.61,39.61,215.5,0
jaipur,2025-11-10,11,0.41,38.78,145.0,0
jaipur,2025-11-11,11,0.35,36.68,187.6,0
jaipur,2025-11-12,11,2.42,38.07,218.8,0
jaipur,2025-11-13,11,0.55,37.26,126.3,0
jaipur,2025-11-14,11,1.75,40.7,172.0,0
jaipur,2025-11-15,11,2.09,38.2,181.6,0
jaipur,2025-11-16,11,2.5,35.48,129.6,0
jaipur,2025-11-17,11,0.23,39.19,254.5,0
jaipur,2025-11-18,11,2.02,41.23,151.0,0
jaipur,2025-11-19,11,1.55,38.57,212.7,0
jaipur,2025-11-20,11,0.21,38.79,220.9,0
jaipur,2025-11-21,11,1.21,38.63,179.9,0
jaipur,2025-11-22,11,1.58,40.32,176.2,0
jaipur,2025-11-23,11,0.85,39.94,84.6,0
jaipur,2025-11-24,11,2.82,36.68,207.0,0
jaipur,2025-11-25,11,0.65,38.56,159.7,0
jaipur,2025-11-26,11,3.24,39.22,198.7,0
jaipur,2025-11-27,11,0.47,38.52,126.5,0
jaipur,2025-11-28,11,0.55,37.24,154.9,0
jaipur,2025-11-29,11,0.27,36.33,190.6,0
jaipur,2025-11-30,11,1.83,38.8,203.9,0
jaipur,2025-12-01,12,1.83,24.4,225.2,0
jaipur,2025-12-02,12,1.66,27.31,218.9,0
jaipur,2025-12-03,12,2.48,27.28,246.4,0
jaipur,2025-12-04,12,0.58,25.81,211.7,0
jaipur,2025-12-05,12,2.74,25.06,276.5,0
jaipur,2025-12-06,12,0.53,26.06,197.2,0
jaipur,2025-12-07,12,2.38,23.95,281.6,0
jaipur,2025-12-08,12,0.64,24.84,229.8,0
jaipur,2025-12-09,12,1.63,25.72,170.0,0
jaipur,2025-12-10,12,3.84,27.99,250.8,0
jaipur,2025-12-11,12,0.38,29.54,265.4,0
jaipur,2025-12-12,12,1.32,25.63,254.3,0
jaipur,2025-12-13,12,3.23,26.68,187.8,0
jaipur,2025-12-14,12,0.42,26.4,246.6,0
jaipur,2025-12-15,12,2.16,26.02,207.5,0
jaipur,2025-12-16,12,1.11,25.42,219.0,0
jaipur,2025-12-17,12,0.26,28.6,279.3,0
jaipur,2025-12-18,12,1.09,26.32,201.3,0
jaipur,2025-12-19,12,1.38,26.0,187.1,0
jaipur,2025-12-20,12,2.33,25.13,203.9,0
jaipur,2025-12-21,12,0.74,26.02,233.0,0
jaipur,2025-12-22,12,2.33,25.97,203.8,0
jaipur,2025-12-23,12,0.16,24.79,188.1,0
jaipur,2025-12-24,12,0.76,26.8,211.4,0
jaipur,2025-12-25,12,1.89,23.68,207.5,0
jaipur,2025-12-26,12,2.02,23.68,245.6,0
jaipur,2025-12-27,12,2.2,28.68,251.5,0
jaipur,2025-12-28,12,3.41,25.51,222.0,0
jaipur,2025-12-29,12,0.27,27.85,191.2,0
jaipur,2025-12-30,12,0.82,26.26,181.7,0
lucknow,2023-01-01,1,0.34,18.59,779.8,1
lucknow,2023-01-02,1,0.41,19.12,807.5,1
lucknow,2023-01-03,1,0.57,22.81,826.3,1
lucknow,2023-01-04,1,2.7,18.87,759.2,1
lucknow,2023-01-05,1,0.65,21.07,776.4,1
lucknow,2023-01-06,1,0.72,17.58,764.8,1
lucknow,2023-01-07,1,3.21,22.18,813.1,1
lucknow,2023-01-08,1,0.33,22.05,749.3,1
lucknow,2023-01-09,1,1.17,22.59,779.9,1
lucknow,2023-01-10,1,1.3,19.13,761.9,1
lucknow,2023-01-11,1,1.88,19.27,768.4,1
lucknow,2023-01-12,1,1.13,24.3,793.0,1
lucknow,2023-01-13,1,2.09,21.33,769.6,1
lucknow,2023-01-14,1,0.51,20.15,797.1,1
lucknow,2023-01-15,1,0.66,23.71,770.2,1
lucknow,2023-01-16,1,0.93,22.47,800.9,1
lucknow,2023-01-17,1,2.7,23.46,770.0,1
lucknow,2023-01-18,1,3.26,24.08,791.8,1
lucknow,2023-01-19,1,0.87,19.71,761.1,1
lucknow,2023-01-20,1,0.8,19.9,754.5,1
lucknow,2023-01-21,1,0.58,15.58,791.6,1
lucknow,2023-01-22,1,2.0,20.89,716.8,1
lucknow,2023-01-23,1,2.09,18.78,773.0,1
lucknow,2023-01-24,1,1.63,18.33,782.5,1
lucknow,2023-01-25,1,0.54,23.24,737.1,1
lucknow,2023-01-26,1,1.04,22.8,726.7,1
lucknow,2023-01-27,1,1.13,21.91,765.8,1
lucknow,2023-01-28,1,1.99,20.95,809.5,1
lucknow,2023-01-29,1,4.37,22.32,797.8,1
lucknow,2023-01-30,1,1.66,18.54,767.9,1
lucknow,2023-01-31,1,2.42,19.48,720.9,1
lucknow,2023-02-01,2,1.81,23.98,285.0,0
lucknow,2023-02-02,2,2.08,23.82,254.4,0
lucknow,2023-02-03,2,0.14,22.81,245.7,0
lucknow,2023-02-04,2,0.58,22.44,299.1,0
lucknow,2023-02-05,2,0.66,27.43,270.8,0
lucknow,2023-02-06,2,0.6,19.51,291.0,0
lucknow,2023-02-07,2,1.04,22.39,265.7,0
lucknow,2023-02-08,2,2.23,17.55,288.5,0
lucknow,2023-02-09,2,1.1,21.66,297.6,0
lucknow,2023-02-10,2,1.34,21.6,283.2,0
lucknow,2023-02-11,2,2.39,23.68,257.8,0
lucknow,2023-02-12,2,2.14,22.07,286.1,0
lucknow,2023-02-13,2,2.65,23.1,223.5,0
lucknow,2023-02-14,2,1.3,22.56,304.6,0
lucknow,2023-02-15,2,2.36,25.72,277.4,0
lucknow,2023-02-16,2,4.65,22.03,254.2,0
lucknow,2023-02-17,2,2.27,24.28,254.4,0
lucknow,2023-02-18,2,0.49,21.11,297.3,0
lucknow,2023-02-19,2,2.41,22.07,258.4,0
lucknow,2023-02-20,2,0.49,20.85,247.7,0
lucknow,2023-02-21,2,2.38,20.39,289.1,0
lucknow,2023-02-22,2,0.8,22.71,305.8,0
lucknow,2023-02-23,2,0.86,21.7,262.2,0
lucknow,2023-02-24,2,1.17,22.89,317.3,0
lucknow,2023-02-25,2,0.88,26.01,246.5,0
lucknow,2023-02-26,2,0.88,23.37,268.5,0
lucknow,2023-02-27,2,1.57,26.44,262.9,0
lucknow,2023-02-28,2,1.64,22.38,317.3,0
lucknow,2023-03-01,3,0.49,30.23,239.6,0
lucknow,2023-03-02,3,6.0,32.61,305.2,0
lucknow,2023-03-03,3,0.35,31.18,305.8,0
lucknow,2023-03-04,3,1.21,28.95,297.6,0
lucknow,2023-03-05,3,0.35,27.14,285.8,0
lucknow,2023-03-06,3,0.15,32.72,273.7,0
lucknow,2023-03-07,3,0.68,27.91,242.6,0
lucknow,2023-03-08,3,3.16,34.86,289.7,0
lucknow,2023-03-09,3,0.39,30.85,233.3,0
lucknow,2023-03-10,3,2.31,30.98,274.3,0
lucknow,2023-03-11,3,1.14,34.24,252.6,0
lucknow,2023-03-12,3,0.64,33.54,312.6,0
lucknow,2023-03-13,3,1.31,33.46,269.5,0
lucknow,2023-03-14,3,0.8,31.23,270.4,0
lucknow,2023-03-15,3,0.16,36.19,361.8,0
lucknow,2023-03-16,3,2.32,30.66,257.6,0
lucknow,2023-03-17,3,0.46,29.68,228.7,0
lucknow,2023-03-18,3,0.49,31.16,278.7,0
lucknow,2023-03-19,3,3.18,31.33,269.3,0
lucknow,2023-03-20,3,0.05,31.32,261.0,0
lucknow,2023-03-21,3,1.97,32.31,234.3,0
lucknow,2023-03-22,3,0.44,34.24,268.6,0
lucknow,2023-03-23,3,1.63,30.14,251.4,0
lucknow,2023-03-24,3,1.16,35.98,220.1,0
lucknow,2023-03-25,3,1.8,28.29,245.1,0
lucknow,2023-03-26,3,0.97,33.44,255.9,0
lucknow,2023-03-27,3,1.79,31.57,292.0,0
lucknow,2023-03-28,3,2.58,33.75,307.9,0
lucknow,2023-03-29,3,1.29,28.53,263.6,0
lucknow,2023-03-30,3,0.32,30.77,272.9,0
lucknow,2023-03-31,3,0.92,32.06,265.7,0
lucknow,2023-04-01,4,0.99,41.94,321.9,0
lucknow,2023-04-02,4,1.81,39.62,270.6,0
lucknow,2023-04-03,4,2.34,36.62,322.9,0
lucknow,2023-04-04,4,4.03,37.25,271.1,0
lucknow,2023-04-05,4,1.53,36.76,265.9,0
lucknow,2023-04-06,4,0.89,39.53,291.2,0
lucknow,2023-04-07,4,1.09,36.86,277.0,0
lucknow,2023-04-08,4,0.42,35.71,306.7,0
lucknow,2023-04-09,4,0.21,36.94,327.9,0
lucknow,2023-04-10,4,1.39,39.39,303.3,0
lucknow,2023-04-11,4,1.8,37.3,233.0,0
lucknow,2023-04-12,4,0.1,36.53,257.4,0
lucknow,2023-04-13,4,0.87,40.26,256.2,0
lucknow,2023-04-14,4,1.27,39.4,272.1,0
lucknow,2023-04-15,4,0.69,37.48,378.8,0
lucknow,2023-04-16,4,1.03,35.5,240.9,0
lucknow,2023-04-17,4,0.84,43.43,291.2,1
lucknow,2023-04-18,4,3.4,37.6,306.0,0
lucknow,2023-04-19,4,1.67,39.42,243.1,0
lucknow,2023-04-20,4,0.66,39.3,294.9,0
lucknow,2023-04-21,4,0.8,37.09,293.5,0
lucknow,2023-04-22,4,0.51,37.71,330.8,0
lucknow,2023-04-23,4,0.57,39.82,287.5,0
lucknow,2023-04-24,4,1.81,38.57,224.5,0
lucknow,2023-04-25,4,0.33,37.14,326.6,0
lucknow,2023-04-26,4,1.54,38.22,248.1,0
lucknow,2023-04-27,4,1.37,39.04,245.5,0
lucknow,2023-04-28,4,0.54,41.25,259.7,0
lucknow,2023-04-29,4,1.88,36.78,319.7,0
lucknow,2023-04-30,4,0.82,36.8,256.0,0
lucknow,2023-05-01,5,0.99,42.78,274.7,1
lucknow,2023-05-02,5,1.18,45.19,277.9,1
lucknow,2023-05-03,5,4.52,41.76,305.2,0
lucknow,2023-05-04,5,0.61,42.65,338.3,1
lucknow,2023-05-05,5,1.5,41.46,303.8,0
lucknow,2023-05-06,5,1.07,43.64,319.2,1
lucknow,2023-05-07,5,1.32,43.23,266.2,1
lucknow,2023-05-08,5,1.67,44.94,277.8,1
lucknow,2023-05-09,5,0.79,47.5,320.2,1
lucknow,2023-05-10,5,0.41,41.87,277.6,0
lucknow,2023-05-11,5,2.02,43.62,273.9,1
lucknow,2023-05-12,5,1.92,41.91,311.6,0
lucknow,2023-05-13,5,1.55,44.57,276.0,1
lucknow,2023-05-14,5,0.86,44.26,349.6,1
lucknow,2023-05-15,5,1.1,40.79,269.1,0
lucknow,2023-05-16,5,2.09,41.0,280.2,0
lucknow,2023-05-17,5,1.22,43.58,246.6,1
lucknow,2023-05-18,5,1.84,42.29,243.6,1
lucknow,2023-05-19,5,1.87,43.8,249.4,1
lucknow,2023-05-20,5,2.2,42.64,272.8,1
lucknow,2023-05-21,5,3.11,46.13,263.2,1
lucknow,2023-05-22,5,1.07,43.03,316.5,1
lucknow,2023-05-23,5,1.53,42.24,326.1,1
lucknow,2023-05-24,5,0.6,44.33,279.5,1
lucknow,2023-05-25,5,0.48,43.31,283.6,1
lucknow,2023-05-26,5,2.69,47.14,341.5,1
lucknow,2023-05-27,5,0.57,41.91,320.0,0
lucknow,2023-05-28,5,1.02,43.58,243.3,1
lucknow,2023-05-29,5,3.51,39.44,292.4,0
lucknow,2023-05-30,5,1.05,43.83,261.6,1
lucknow,2023-05-31,5,1.3,43.46,307.5,1
lucknow,2023-06-01,6,17.38,38.98,312.4,0
lucknow,2023-06-02,6,5.11,38.3,313.6,0
lucknow,2023-06-03,6,12.22,41.39,279.4,0
lucknow,2023-06-04,6,17.24,41.34,249.8,0
lucknow,2023-06-05,6,8.59,38.64,274.1,0
lucknow,2023-06-06,6,11.64,37.55,299.6,0
lucknow,2023-06-07,6,21.55,38.36,347.4,0
lucknow,2023-06-08,6,4.89,42.41,272.0,1
lucknow,2023-06-09,6,3.02,34.81,231.6,0
lucknow,2023-06-10,6,27.61,39.76,265.4,0
lucknow,2023-06-11,6,4.94,38.66,310.6,0
lucknow,2023-06-12,6,5.03,38.67,281.5,0
lucknow,2023-06-13,6,10.09,36.84,282.9,0
lucknow,2023-06-14,6,34.55,40.49,284.5,0
lucknow,2023-06-15,6,23.47,40.67,225.9,0
lucknow,2023-06-16,6,2.22,36.39,253.7,0
lucknow,2023-06-17,6,2.89,38.16,284.1,0
lucknow,2023-06-18,6,23.03,37.87,334.4,0
lucknow,2023-06-19,6,5.25,36.6,283.7,0
lucknow,2023-06-20,6,18.87,37.66,269.6,0
lucknow,2023-06-21,6,35.77,37.52,236.2,0
lucknow,2023-06-22,6,4.49,36.78,288.5,0
lucknow,2023-06-23,6,11.46,38.96,184.1,0
lucknow,2023-06-24,6,4.88,40.67,296.9,0
lucknow,2023-06-25,6,5.3,36.81,300.6,0
lucknow,2023-06-26,6,6.72,33.55,273.9,0
lucknow,2023-06-27,6,8.44,36.57,336.0,0
lucknow,2023-06-28,6,73.89,38.44,274.4,1
lucknow,2023-06-29,6,6.18,41.6,286.3,0
lucknow,2023-06-30,6,3.17,39.21,277.6,0
lucknow,2023-07-01,7,11.0,33.53,257.1,0
lucknow,2023-07-02,7,46.35,29.89,304.1,1
lucknow,2023-07-03,7,19.47,30.25,319.8,0
lucknow,2023-07-04,7,21.57,29.5,298.2,0
lucknow,2023-07-05,7,13.88,27.9,291.7,0
lucknow,2023-07-06,7,5.25,30.49,314.7,0
lucknow,2023-07-07,7,26.87,32.08,274.4,0
lucknow,2023-07-08,7,9.05,35.04,248.2,0
lucknow,2023-07-09,7,12.52,30.67,247.6,0
lucknow,2023-07-10,7,21.43,32.45,230.7,0
lucknow,2023-07-11,7,48.18,33.93,327.0,0
lucknow,2023-07-12,7,10.14,33.74,258.6,0
lucknow,2023-07-13,7,24.39,34.54,251.5,0
lucknow,2023-07-14,7,17.01,35.29,252.4,0
lucknow,2023-07-15,7,8.51,32.65,230.0,0
lucknow,2023-07-16,7,38.95,28.76,281.6,0
lucknow,2023-07-17,7,45.36,32.6,282.8,0
lucknow,2023-07-18,7,18.33,35.92,239.1,0
lucknow,2023-07-19,7,5.07,30.94,242.2,0
lucknow,2023-07-20,7,2.04,29.09,279.7,0
lucknow,2023-07-21,7,2.68,28.08,315.5,0
lucknow,2023-07-22,7,38.23,34.46,281.7,0
lucknow,2023-07-23,7,15.73,30.89,257.4,0
lucknow,2023-07-24,7,27.36,34.42,260.4,0
lucknow,2023-07-25,7,16.02,30.34,245.4,0
lucknow,2023-07-26,7,9.92,30.05,251.9,0
lucknow,2023-07-27,7,19.15,33.71,288.9,0
lucknow,2023-07-28,7,23.91,30.96,295.5,0
lucknow,2023-07-29,7,19.8,34.2,266.0,0
lucknow,2023-07-30,7,15.64,32.16,273.8,0
lucknow,2023-07-31,7,5.08,32.68,322.0,0
lucknow,2023-08-01,8,10.47,32.72,299.4,0
lucknow,2023-08-02,8,8.16,33.11,282.3,0
lucknow,2023-08-03,8,20.49,35.33,264.2,0
lucknow,2023-08-04,8,7.67,31.68,294.8,0
lucknow,2023-08-05,8,15.6,33.59,285.2,0
lucknow,2023-08-06,8,33.74,30.7,285.9,0
lucknow,2023-08-07,8,24.44,34.82,290.6,0
lucknow,2023-08-08,8,3.03,37.49,313.0,0
lucknow,2023-08-09,8,12.67,30.41,331.5,0
lucknow,2023-08-10,8,8.34,27.29,242.3,0
lucknow,2023-08-11,8,20.72,35.57,359.6,0
lucknow,2023-08-12,8,8.22,31.45,315.6,0
lucknow,2023-08-13,8,9.3,35.35,247.8,0
lucknow,2023-08-14,8,11.42,29.93,261.3,0
lucknow,2023-08-15,8,19.18,30.78,278.9,0
lucknow,2023-08-16,8,2.45,29.33,253.9,0
lucknow,2023-08-17,8,17.51,31.59,328.7,0
lucknow,2023-08-18,8,8.74,33.42,251.0,0
lucknow,2023-08-19,8,49.16,32.56,300.9,0
lucknow,2023-08-20,8,21.43,28.78,286.4,0
lucknow,2023-08-21,8,24.87,33.07,202.2,0
lucknow,2023-08-22,8,21.24,33.12,291.5,0
lucknow,2023-08-23,8,25.72,32.66,261.9,0
lucknow,2023-08-24,8,17.76,29.86,289.0,0
lucknow,2023-08-25,8,5.81,31.91,303.1,0
lucknow,2023-08-26,8,3.54,31.41,309.9,0
lucknow,2023-08-27,8,3.02,29.64,324.4,0
lucknow,2023-08-28,8,13.37,31.91,351.0,0
lucknow,2023-08-29,8,19.15,33.15,259.4,0
lucknow,2023-08-30,8,46.19,32.57,302.3,0
lucknow,2023-08-31,8,10.81,33.0,330.1,0
lucknow,2023-09-01,9,7.33,30.43,256.2,0
lucknow,2023-09-02,9,1.3,32.82,319.1,0
lucknow,2023-09-03,9,2.61,29.18,297.5,0
lucknow,2023-09-04,9,4.75,29.13,315.0,0
lucknow,2023-09-05,9,30.45,30.88,227.7,0
lucknow,2023-09-06,9,3.54,30.56,329.9,0
lucknow,2023-09-07,9,18.14,31.1,286.8,0
lucknow,2023-09-08,9,5.55,36.04,271.8,0
lucknow,2023-09-09,9,2.46,30.49,303.0,0
lucknow,2023-09-10,9,16.64,30.4,299.8,0
lucknow,2023-09-11,9,14.26,33.54,280.0,0
lucknow,2023-09-12,9,4.71,37.42,286.2,0
lucknow,2023-09-13,9,5.17,33.02,296.7,0
lucknow,2023-09-14,9,31.0,32.1,307.3,0
lucknow,2023-09-15,9,8.09,32.39,307.6,0
lucknow,2023-09-16,9,13.95,31.19,269.1,0
lucknow,2023-09-17,9,0.24,27.29,275.2,0
lucknow,2023-09-18,9,9.23,33.71,249.1,0
lucknow,2023-09-19,9,13.45,31.79,254.5,0
lucknow,2023-09-20,9,9.89,28.83,287.4,0
lucknow,2023-09-21,9,9.17,34.33,229.6,0
lucknow,2023-09-22,9,6.4,33.1,279.5,0
lucknow,2023-09-23,9,3.06,30.81,340.8,0
lucknow,2023-09-24,9,14.66,34.75,261.0,0
lucknow,2023-09-25,9,3.39,33.16,299.6,0
lucknow,2023-09-26,9,5.59,34.86,224.1,0
lucknow,2023-09-27,9,4.0,30.49,244.3,0
lucknow,2023-09-28,9,27.36,31.35,288.9,0
lucknow,2023-09-29,9,5.44,30.85,268.0,0
lucknow,2023-09-30,9,2.03,32.28,259.2,0
lucknow,2023-10-01,10,2.04,29.81,440.4,1
lucknow,2023-10-02,10,5.18,33.09,423.1,1
lucknow,2023-10-03,10,0.43,30.47,418.1,1
lucknow,2023-10-04,10,1.47,32.94,384.6,0
lucknow,2023-10-05,10,1.67,30.78,430.7,1
lucknow,2023-10-06,10,1.96,33.11,426.9,1
lucknow,2023-10-07,10,0.81,31.84,427.0,1
lucknow,2023-10-08,10,0.34,33.46,422.9,1
lucknow,2023-10-09,10,0.8,31.97,453.0,1
lucknow,2023-10-10,10,0.69,32.78,426.9,1
lucknow,2023-10-11,10,1.68,30.05,437.1,1
lucknow,2023-10-12,10,0.4,31.39,402.7,1
lucknow,2023-10-13,10,1.0,32.09,380.7,0
lucknow,2023-10-14,10,3.71,35.0,467.2,1
lucknow,2023-10-15,10,4.25,32.12,392.6,0
lucknow,2023-10-16,10,1.78,32.95,421.2,1
lucknow,2023-10-17,10,1.48,30.31,362.5,0
lucknow,2023-10-18,10,1.59,27.96,431.5,1
lucknow,2023-10-19,10,1.09,33.12,422.8,1
lucknow,2023-10-20,10,2.74,33.95,461.4,1
lucknow,2023-10-21,10,1.79,30.27,433.8,1
lucknow,2023-10-22,10,3.86,31.2,458.5,1
lucknow,2023-10-23,10,0.84,31.97,404.3,1
lucknow,2023-10-24,10,0.64,31.89,401.8,1
lucknow,2023-10-25,10,5.92,33.67,449.5,1
lucknow,2023-10-26,10,1.57,37.25,416.7,1
lucknow,2023-10-27,10,0.75,30.49,365.5,0
lucknow,2023-10-28,10,2.01,30.44,457.4,1
lucknow,2023-10-29,10,4.59,31.71,379.5,0
lucknow,2023-10-30,10,2.06,32.82,414.6,1
lucknow,2023-10-31,10,1.49,34.44,424.9,1
lucknow,2023-11-01,11,0.84,34.19,570.9,1
lucknow,2023-11-02,11,1.37,30.98,577.4,1
lucknow,2023-11-03,11,0.43,31.21,568.1,1
lucknow,2023-11-04,11,2.67,34.29,557.7,1
lucknow,2023-11-05,11,1.17,34.94,561.9,1
lucknow,2023-11-06,11,1.18,32.5,604.9,1
lucknow,2023-11-07,11,2.23,30.86,532.1,1
lucknow,2023-11-08,11,1.17,36.32,576.1,1
lucknow,2023-11-09,11,0.87,33.84,508.4,1
lucknow,2023-11-10,11,0.57,33.82,531.0,1
lucknow,2023-11-11,11,2.07,34.11,584.6,1
lucknow,2023-11-12,11,1.5,32.94,580.0,1
lucknow,2023-11-13,11,2.47,33.28,553.3,1
lucknow,2023-11-14,11,5.11,32.46,540.4,1
lucknow,2023-11-15,11,2.73,32.65,541.8,1
lucknow,2023-11-16,11,4.14,31.56,557.9,1
lucknow,2023-11-17,11,0.45,30.37,591.1,1
lucknow,2023-11-18,11,2.91,28.7,554.4,1
lucknow,2023-11-19,11,0.34,35.15,516.0,1
lucknow,2023-11-20,11,1.75,30.81,622.9,1
lucknow,2023-11-21,11,2.66,30.74,550.3,1
lucknow,2023-11-22,11,4.0,32.28,555.4,1
lucknow,2023-11-23,11,0.99,29.32,557.6,1
lucknow,2023-11-24,11,0.29,30.6,536.5,1
lucknow,2023-11-25,11,2.47,32.67,578.0,1
lucknow,2023-11-26,11,0.41,30.12,582.5,1
lucknow,2023-11-27,11,1.01,33.47,604.7,1
lucknow,2023-11-28,11,1.44,34.75,553.0,1
lucknow,2023-11-29,11,0.59,34.45,558.4,1
lucknow,2023-11-30,11,3.13,30.1,513.0,1
lucknow,2023-12-01,12,3.07,22.74,697.9,1
lucknow,2023-12-02,12,0.81,18.79,667.1,1
lucknow,2023-12-03,12,0.41,20.29,697.3,1
lucknow,2023-12-04,12,0.65,21.84,673.4,1
lucknow,2023-12-05,12,0.77,23.38,766.5,1
lucknow,2023-12-06,12,0.92,21.83,716.4,1
lucknow,2023-12-07,12,2.39,23.19,646.2,1
lucknow,2023-12-08,12,0.72,22.78,676.8,1
lucknow,2023-12-09,12,1.89,24.0,627.2,1
lucknow,2023-12-10,12,0.62,25.22,739.1,1
lucknow,2023-12-11,12,2.81,22.56,693.4,1
lucknow,2023-12-12,12,1.65,22.73,757.4,1
lucknow,2023-12-13,12,1.46,23.52,711.5,1
lucknow,2023-12-14,12,0.76,23.93,653.0,1
lucknow,2023-12-15,12,0.77,22.1,725.4,1
lucknow,2023-12-16,12,1.22,22.48,731.2,1
lucknow,2023-12-17,12,1.15,27.1,681.7,1
lucknow,2023-12-18,12,0.6,22.96,672.6,1
lucknow,2023-12-19,12,0.29,20.9,661.5,1
lucknow,2023-12-20,12,1.02,17.67,713.2,1
lucknow,2023-12-21,12,1.62,23.14,681.1,1
lucknow,2023-12-22,12,1.74,25.5,722.3,1
lucknow,2023-12-23,12,0.48,20.98,677.5,1
lucknow,2023-12-24,12,2.73,23.84,678.8,1
lucknow,2023-12-25,12,0.54,22.78,689.3,1
lucknow,2023-12-26,12,0.54,25.01,694.4,1
lucknow,2023-12-27,12,0.58,20.93,708.9,1
lucknow,2023-12-28,12,1.75,24.15,672.8,1
lucknow,2023-12-29,12,1.84,23.73,705.5,1
lucknow,2023-12-30,12,1.08,21.16,718.3,1
lucknow,2023-12-31,12,0.79,21.7,707.1,1
lucknow,2024-01-01,1,0.53,20.19,723.5,1
lucknow,2024-01-02,1,1.28,23.94,759.1,1
lucknow,2024-01-03,1,1.2,18.72,818.4,1
lucknow,2024-01-04,1,0.88,22.14,744.2,1
lucknow,2024-01-05,1,2.35,21.74,794.9,1
lucknow,2024-01-06,1,1.23,27.01,798.3,1
lucknow,2024-01-07,1,0.45,23.78,767.8,1
lucknow,2024-01-08,1,1.27,19.79,822.5,1
lucknow,2024-01-09,1,1.25,26.11,819.3,1
lucknow,2024-01-10,1,1.23,24.2,760.4,1
lucknow,2024-01-11,1,2.44,20.21,794.0,1
lucknow,2024-01-12,1,1.7,19.65,787.7,1
lucknow,2024-01-13,1,0.08,22.78,802.1,1
lucknow,2024-01-14,1,3.35,19.27,789.5,1
lucknow,2024-01-15,1,2.04,21.89,765.5,1
lucknow,2024-01-16,1,1.39,21.7,750.1,1
lucknow,2024-01-17,1,1.17,18.04,767.0,1
lucknow,2024-01-18,1,0.68,18.83,817.0,1
lucknow,2024-01-19,1,2.52,23.43,803.3,1
lucknow,2024-01-20,1,1.37,15.71,742.0,1
lucknow,2024-01-21,1,1.24,20.36,753.8,1
lucknow,2024-01-22,1,3.27,22.75,803.6,1
lucknow,2024-01-23,1,1.52,22.68,854.0,1
lucknow,2024-01-24,1,1.34,20.32,785.4,1
lucknow,2024-01-25,1,0.16,17.52,757.6,1
lucknow,2024-01-26,1,1.56,20.16,826.7,1
lucknow,2024-01-27,1,4.9,22.62,827.2,1
lucknow,2024-01-28,1,1.68,17.39,739.4,1
lucknow,2024-01-29,1,4.23,18.98,812.4,1
lucknow,2024-01-30,1,1.05,21.62,770.5,1
lucknow,2024-01-31,1,1.22,19.03,748.8,1
lucknow,2024-02-01,2,1.11,21.11,245.1,0
lucknow,2024-02-02,2,1.83,27.71,289.1,0
lucknow,2024-02-03,2,1.32,21.96,318.0,0
lucknow,2024-02-04,2,1.99,24.12,251.5,0
lucknow,2024-02-05,2,0.12,23.46,297.3,0
lucknow,2024-02-06,2,1.28,24.59,295.4,0
lucknow,2024-02-07,2,2.26,21.4,257.3,0
lucknow,2024-02-08,2,1.91,18.69,278.8,0
lucknow,2024-02-09,2,0.71,23.68,295.9,0
lucknow,2024-02-10,2,2.29,23.41,331.2,0
lucknow,2024-02-11,2,2.58,23.0,288.6,0
lucknow,2024-02-12,2,2.49,22.3,278.1,0
lucknow,2024-02-13,2,0.81,23.34,279.0,0
lucknow,2024-02-14,2,3.01,21.12,248.6,0
lucknow,2024-02-15,2,0.62,24.53,252.0,0
lucknow,2024-02-16,2,0.64,26.58,280.9,0
lucknow,2024-02-17,2,0.89,20.42,340.4,0
lucknow,2024-02-18,2,1.07,23.54,227.9,0
lucknow,2024-02-19,2,1.85,21.76,278.0,0
lucknow,2024-02-20,2,1.38,20.43,281.3,0
lucknow,2024-02-21,2,1.46,22.5,274.1,0
lucknow,2024-02-22,2,2.51,23.61,342.0,0
lucknow,2024-02-23,2,0.28,23.9,260.9,0
lucknow,2024-02-24,2,0.07,24.59,267.3,0
lucknow,2024-02-25,2,0.28,24.52,255.7,0
lucknow,2024-02-26,2,2.7,23.17,237.8,0
lucknow,2024-02-27,2,1.23,26.61,233.9,0
lucknow,2024-02-28,2,1.54,21.39,335.1,0
lucknow,2024-02-29,2,0.69,23.6,266.7,0
lucknow,2024-03-01,3,2.55,30.77,247.6,0
lucknow,2024-03-02,3,0.34,35.92,297.5,0
lucknow,2024-03-03,3,1.72,30.97,253.5,0
lucknow,2024-03-04,3,1.54,29.38,305.9,0
lucknow,2024-03-05,3,1.61,33.61,267.5,0
lucknow,2024-03-06,3,1.16,30.72,220.5,0
lucknow,2024-03-07,3,2.75,34.1,278.9,0
lucknow,2024-03-08,3,3.47,30.67,229.0,0
lucknow,2024-03-09,3,2.43,33.46,247.3,0
lucknow,2024-03-10,3,2.28,34.69,296.1,0
lucknow,2024-03-11,3,0.27,31.74,233.8,0
lucknow,2024-03-12,3,0.46,31.47,284.9,0
lucknow,2024-03-13,3,1.36,31.95,256.8,0
lucknow,2024-03-14,3,1.41,32.15,323.0,0
lucknow,2024-03-15,3,1.1,32.99,288.0,0
lucknow,2024-03-16,3,1.35,32.57,305.4,0
lucknow,2024-03-17,3,1.81,33.31,251.3,0
lucknow,2024-03-18,3,1.68,29.66,269.4,0
lucknow,2024-03-19,3,3.43,31.66,336.5,0
lucknow,2024-03-20,3,1.53,26.65,288.7,0
lucknow,2024-03-21,3,0.24,30.55,299.8,0
lucknow,2024-03-22,3,0.46,29.6,313.7,0
lucknow,2024-03-23,3,0.44,28.55,346.7,0
lucknow,2024-03-24,3,2.99,33.3,329.3,0
lucknow,2024-03-25,3,0.82,31.07,205.6,0
lucknow,2024-03-26,3,0.76,28.66,316.1,0
lucknow,2024-03-27,3,1.82,29.26,282.9,0
lucknow,2024-03-28,3,0.2,29.64,301.2,0
lucknow,2024-03-29,3,0.44,32.44,281.8,0
lucknow,2024-03-30,3,1.43,33.01,277.6,0
lucknow,2024-03-31,3,0.29,31.12,290.3,0
lucknow,2024-04-01,4,0.33,36.04,326.4,0
lucknow,2024-04-02,4,1.4,40.36,309.6,0
lucknow,2024-04-03,4,1.4,38.76,268.3,0
lucknow,2024-04-04,4,0.92,41.39,252.1,0
lucknow,2024-04-05,4,0.64,40.34,239.8,0
lucknow,2024-04-06,4,1.19,38.03,264.9,0
lucknow,2024-04-07,4,1.01,36.75,268.9,0
lucknow,2024-04-08,4,0.5,40.13,305.9,0
lucknow,2024-04-09,4,1.47,39.27,269.8,0
lucknow,2024-04-10,4,0.85,39.38,271.9,0
lucknow,2024-04-11,4,1.56,37.88,315.1,0
lucknow,2024-04-12,4,0.88,41.09,257.0,0
lucknow,2024-04-13,4,1.76,36.83,275.4,0
lucknow,2024-04-14,4,1.8,37.65,272.7,0
lucknow,2024-04-15,4,1.52,39.52,272.0,0
lucknow,2024-04-16,4,3.49,39.81,316.3,0
lucknow,2024-04-17,4,1.33,36.68,293.8,0
lucknow,2024-04-18,4,1.8,35.31,277.9,0
lucknow,2024-04-19,4,0.64,39.35,230.7,0
lucknow,2024-04-20,4,0.81,40.08,319.9,0
lucknow,2024-04-21,4,2.06,35.22,276.8,0
lucknow,2024-04-22,4,2.27,39.8,300.3,0
lucknow,2024-04-23,4,3.87,38.82,279.9,0
lucknow,2024-04-24,4,0.66,33.09,289.7,0
lucknow,2024-04-25,4,1.52,39.09,302.1,0
lucknow,2024-04-26,4,2.15,38.44,241.4,0
lucknow,2024-04-27,4,1.25,37.09,261.6,0
lucknow,2024-04-28,4,1.15,36.54,253.9,0
lucknow,2024-04-29,4,2.62,37.19,259.6,0
lucknow,2024-04-30,4,0.83,40.76,268.1,0
lucknow,2024-05-01,5,0.52,43.63,273.5,1
lucknow,2024-05-02,5,1.11,45.23,264.2,1
lucknow,2024-05-03,5,1.34,44.24,283.1,1
lucknow,2024-05-04,5,2.69,41.72,236.2,0
lucknow,2024-05-05,5,0.94,43.84,278.3,1
lucknow,2024-05-06,5,1.41,44.78,322.4,1
lucknow,2024-05-07,5,1.54,42.09,277.6,1
lucknow,2024-05-08,5,0.96,42.79,271.6,1
lucknow,2024-05-09,5,1.01,46.44,283.0,1
lucknow,2024-05-10,5,1.66,39.18,318.6,0
lucknow,2024-05-11,5,0.11,45.89,266.8,1
lucknow,2024-05-12,5,5.01,43.25,269.2,1
lucknow,2024-05-13,5,2.41,44.77,271.1,1
lucknow,2024-05-14,5,1.08,43.75,278.4,1
lucknow,2024-05-15,5,1.3,45.61,292.1,1
lucknow,2024-05-16,5,1.11,42.95,302.3,1
lucknow,2024-05-17,5,1.42,43.38,267.3,1
lucknow,2024-05-18,5,0.99,44.5,281.1,1
lucknow,2024-05-19,5,0.23,44.92,319.9,1
lucknow,2024-05-20,5,3.43,41.82,298.0,0
lucknow,2024-05-21,5,3.25,43.54,261.4,1
lucknow,2024-05-22,5,0.31,39.5,236.6,0
lucknow,2024-05-23,5,4.09,40.61,279.5,0
lucknow,2024-05-24,5,0.2,45.19,285.3,1
lucknow,2024-05-25,5,0.14,46.27,278.4,1
lucknow,2024-05-26,5,1.89,42.91,269.6,1
lucknow,2024-05-27,5,2.61,44.83,246.6,1
lucknow,2024-05-28,5,1.57,45.52,232.8,1
lucknow,2024-05-29,5,3.52,45.78,282.0,1
lucknow,2024-05-30,5,1.12,46.02,315.6,1
lucknow,2024-05-31,5,0.88,45.71,272.8,1
lucknow,2024-06-01,6,30.36,38.38,326.3,0
lucknow,2024-06-02,6,25.8,40.85,319.8,0
lucknow,2024-06-03,6,16.54,42.38,261.7,1
lucknow,2024-06-04,6,10.65,36.36,286.4,0
lucknow,2024-06-05,6,13.13,36.5,314.0,0
lucknow,2024-06-06,6,8.6,37.33,296.2,0
lucknow,2024-06-07,6,28.96,38.14,315.9,0
lucknow,2024-06-08,6,22.42,34.9,331.1,0
lucknow,2024-06-09,6,19.48,37.9,265.7,0
lucknow,2024-06-10,6,14.67,40.24,266.5,0
lucknow,2024-06-11,6,19.6,39.69,268.3,0
lucknow,2024-06-12,6,9.81,41.86,285.8,0
lucknow,2024-06-13,6,16.67,40.06,322.6,0
lucknow,2024-06-14,6,2.47,37.27,271.3,0
lucknow,2024-06-15,6,14.88,37.87,233.5,0
lucknow,2024-06-16,6,23.72,37.36,284.7,0
lucknow,2024-06-17,6,18.86,39.51,206.2,0
lucknow,2024-06-18,6,17.39,37.85,317.7,0
lucknow,2024-06-19,6,17.55,38.78,258.5,0
lucknow,2024-06-20,6,7.05,39.55,269.1,0
lucknow,2024-06-21,6,11.85,39.91,289.3,0
lucknow,2024-06-22,6,29.62,40.63,302.3,0
lucknow,2024-06-23,6,10.25,36.49,277.7,0
lucknow,2024-06-24,6,16.12,35.23,241.0,0
lucknow,2024-06-25,6,24.58,38.34,240.2,0
lucknow,2024-06-26,6,22.76,38.75,252.0,0
lucknow,2024-06-27,6,18.72,36.04,298.6,0
lucknow,2024-06-28,6,4.62,39.68,316.9,0
lucknow,2024-06-29,6,26.05,37.63,276.6,0
lucknow,2024-06-30,6,7.79,35.77,345.8,0
lucknow,2024-07-01,7,19.0,34.43,291.9,0
lucknow,2024-07-02,7,22.46,31.63,289.7,0
lucknow,2024-07-03,7,17.04,35.76,297.0,0
lucknow,2024-07-04,7,14.11,31.8,266.7,0
lucknow,2024-07-05,7,30.32,30.76,262.2,0
lucknow,2024-07-06,7,8.91,34.25,231.2,0
lucknow,2024-07-07,7,23.24,34.68,309.6,0
lucknow,2024-07-08,7,22.04,33.84,314.5,0
lucknow,2024-07-09,7,38.31,29.07,281.1,0
lucknow,2024-07-10,7,13.1,33.35,320.0,0
lucknow,2024-07-11,7,9.86,30.67,296.5,0
lucknow,2024-07-12,7,6.7,31.95,296.6,0
lucknow,2024-07-13,7,27.37,34.37,279.2,0
lucknow,2024-07-14,7,10.96,32.34,242.2,0
lucknow,2024-07-15,7,19.64,29.62,296.2,0
lucknow,2024-07-16,7,40.61,32.43,304.7,1
lucknow,2024-07-17,7,6.57,35.95,247.5,0
lucknow,2024-07-18,7,12.13,33.01,306.9,0
lucknow,2024-07-19,7,13.42,35.85,289.1,0
lucknow,2024-07-20,7,9.8,32.21,319.2,0
lucknow,2024-07-21,7,41.23,33.88,281.4,0
lucknow,2024-07-22,7,44.89,32.2,254.0,0
lucknow,2024-07-23,7,21.53,33.19,228.1,0
lucknow,2024-07-24,7,21.83,34.6,295.3,0
lucknow,2024-07-25,7,3.51,31.84,309.3,0
lucknow,2024-07-26,7,8.03,33.59,321.3,0
lucknow,2024-07-27,7,16.1,31.07,331.9,0
lucknow,2024-07-28,7,38.02,32.76,294.9,0
lucknow,2024-07-29,7,17.22,36.34,270.2,0
lucknow,2024-07-30,7,13.24,34.64,278.5,0
lucknow,2024-07-31,7,6.8,30.55,290.4,0
lucknow,2024-08-01,8,5.56,29.59,315.6,0
lucknow,2024-08-02,8,11.42,32.31,328.0,0
lucknow,2024-08-03,8,12.57,32.94,257.7,0
lucknow,2024-08-04,8,28.91,29.77,254.0,0
lucknow,2024-08-05,8,18.2,32.04,256.1,0
lucknow,2024-08-06,8,7.29,27.18,286.6,0
lucknow,2024-08-07,8,9.79,33.64,268.6,0
lucknow,2024-08-08,8,6.6,30.9,258.4,0
lucknow,2024-08-09,8,10.27,31.06,323.1,0
lucknow,2024-08-10,8,21.25,34.47,310.4,0
lucknow,2024-08-11,8,37.54,34.54,262.3,0
lucknow,2024-08-12,8,7.11,31.63,316.7,0
lucknow,2024-08-13,8,12.63,33.67,344.4,0
lucknow,2024-08-14,8,6.04,34.54,236.5,0
lucknow,2024-08-15,8,17.67,29.2,266.6,0
lucknow,2024-08-16,8,14.45,32.0,279.0,0
lucknow,2024-08-17,8,4.0,34.88,321.1,0
lucknow,2024-08-18,8,35.06,32.5,334.1,0
lucknow,2024-08-19,8,30.55,27.27,308.5,0
lucknow,2024-08-20,8,34.32,31.74,280.9,0
lucknow,2024-08-21,8,38.09,35.06,336.6,0
lucknow,2024-08-22,8,6.58,32.52,252.5,0
lucknow,2024-08-23,8,2.82,33.6,264.4,0
lucknow,2024-08-24,8,9.77,31.09,259.7,0
lucknow,2024-08-25,8,24.15,30.12,278.1,0
lucknow,2024-08-26,8,12.02,34.88,262.6,0
lucknow,2024-08-27,8,20.88,31.38,328.9,0
lucknow,2024-08-28,8,11.56,35.88,327.5,0
lucknow,2024-08-29,8,9.46,32.35,250.7,0
lucknow,2024-08-30,8,31.24,34.33,317.5,0
lucknow,2024-08-31,8,34.82,30.04,301.5,0
lucknow,2024-09-01,9,7.96,32.22,262.4,0
lucknow,2024-09-02,9,2.55,28.96,248.7,0
lucknow,2024-09-03,9,29.41,30.36,295.1,0
lucknow,2024-09-04,9,15.09,31.38,279.5,0
lucknow,2024-09-05,9,12.93,31.86,265.0,0
lucknow,2024-09-06,9,14.23,32.83,252.0,0
lucknow,2024-09-07,9,9.54,31.1,335.0,0
lucknow,2024-09-08,9,7.03,34.07,281.9,0
lucknow,2024-09-09,9,1.97,30.52,252.3,0
lucknow,2024-09-10,9,3.25,31.57,277.8,0
lucknow,2024-09-11,9,11.67,32.19,227.6,0
lucknow,2024-09-12,9,1.86,35.57,286.8,0
lucknow,2024-09-13,9,9.0,32.66,255.3,0
lucknow,2024-09-14,9,4.24,25.73,306.2,0
lucknow,2024-09-15,9,15.83,33.48,296.0,0
lucknow,2024-09-16,9,7.11,31.03,338.2,0
lucknow,2024-09-17,9,7.9,30.45,235.3,0
lucknow,2024-09-18,9,3.69,31.68,296.4,0
lucknow,2024-09-19,9,11.46,29.08,280.4,0
lucknow,2024-09-20,9,18.97,31.99,223.5,0
lucknow,2024-09-21,9,7.74,34.63,336.2,0
lucknow,2024-09-22,9,19.7,35.82,296.0,0
lucknow,2024-09-23,9,6.3,34.75,283.1,0
lucknow,2024-09-24,9,3.21,33.52,276.8,0
lucknow,2024-09-25,9,13.06,33.31,274.6,0
lucknow,2024-09-26,9,12.8,29.26,321.3,0
lucknow,2024-09-27,9,12.34,32.34,234.4,0
lucknow,2024-09-28,9,15.27,30.18,313.3,0
lucknow,2024-09-29,9,22.3,32.56,317.7,0
lucknow,2024-09-30,9,4.29,35.09,305.0,0
lucknow,2024-10-01,10,0.93,28.86,396.5,0
lucknow,2024-10-02,10,0.67,30.7,331.4,0
lucknow,2024-10-03,10,1.62,28.57,455.6,1
lucknow,2024-10-04,10,0.52,30.53,424.6,1
lucknow,2024-10-05,10,2.02,32.61,427.9,1
lucknow,2024-10-06,10,1.25,33.08,453.7,1
lucknow,2024-10-07,10,0.67,30.13,351.9,0
lucknow,2024-10-08,10,0.49,35.71,409.2,1
lucknow,2024-10-09,10,1.27,29.35,407.8,1
lucknow,2024-10-10,10,4.58,31.66,417.7,1
lucknow,2024-10-11,10,0.89,28.52,369.0,0
lucknow,2024-10-12,10,5.06,34.42,418.6,1
lucknow,2024-10-13,10,1.56,30.66,447.5,1
lucknow,2024-10-14,10,0.4,33.23,429.8,1
lucknow,2024-10-15,10,0.31,30.86,414.5,1
lucknow,2024-10-16,10,0.84,27.01,457.9,1
lucknow,2024-10-17,10,0.57,30.32,395.3,0
lucknow,2024-10-18,10,1.32,32.25,489.7,1
lucknow,2024-10-19,10,2.97,33.92,473.3,1
lucknow,2024-10-20,10,1.88,34.86,443.1,1
lucknow,2024-10-21,10,1.95,31.53,429.3,1
lucknow,2024-10-22,10,1.37,29.93,433.4,1
lucknow,2024-10-23,10,1.14,30.12,436.2,1
lucknow,2024-10-24,10,1.29,31.31,450.1,1
lucknow,2024-10-25,10,1.03,31.58,408.4,1
lucknow,2024-10-26,10,1.94,31.9,403.5,1
lucknow,2024-10-27,10,1.52,33.63,422.3,1
lucknow,2024-10-28,10,4.1,30.88,406.9,1
lucknow,2024-10-29,10,0.7,35.96,396.3,0
lucknow,2024-10-30,10,1.19,28.73,379.7,0
lucknow,2024-10-31,10,1.39,29.22,393.5,0
lucknow,2024-11-01,11,0.46,32.54,565.7,1
lucknow,2024-11-02,11,1.82,34.67,609.6,1
lucknow,2024-11-03,11,0.28,30.44,579.0,1
lucknow,2024-11-04,11,0.43,30.14,551.5,1
lucknow,2024-11-05,11,1.22,31.66,526.2,1
lucknow,2024-11-06,11,0.64,33.42,567.1,1
lucknow,2024-11-07,11,0.59,33.02,567.1,1
lucknow,2024-11-08,11,0.37,31.9,541.4,1
lucknow,2024-11-09,11,0.97,30.71,538.6,1
lucknow,2024-11-10,11,2.72,30.63,579.0,1
lucknow,2024-11-11,11,1.77,32.87,498.0,1
lucknow,2024-11-12,11,0.57,34.45,533.5,1
lucknow,2024-11-13,11,1.57,30.29,542.4,1
lucknow,2024-11-14,11,4.51,30.42,538.7,1
lucknow,2024-11-15,11,1.14,29.5,589.6,1
lucknow,2024-11-16,11,1.76,28.85,567.3,1
lucknow,2024-11-17,11,1.46,32.87,595.9,1
lucknow,2024-11-18,11,2.0,32.74,606.2,1
lucknow,2024-11-19,11,3.0,31.77,559.1,1
lucknow,2024-11-20,11,0.08,33.0,550.2,1
lucknow,2024-11-21,11,1.84,28.04,543.0,1
lucknow,2024-11-22,11,0.93,30.25,576.6,1
lucknow,2024-11-23,11,1.82,33.16,548.1,1
lucknow,2024-11-24,11,0.21,30.66,554.9,1
lucknow,2024-11-25,11,1.54,29.94,508.1,1
lucknow,2024-11-26,11,0.64,35.73,547.1,1
lucknow,2024-11-27,11,1.6,32.08,531.9,1
lucknow,2024-11-28,11,1.83,29.89,537.7,1
lucknow,2024-11-29,11,0.6,33.28,565.5,1
lucknow,2024-11-30,11,2.35,28.57,562.9,1
lucknow,2024-12-01,12,3.03,25.47,697.5,1
lucknow,2024-12-02,12,2.3,23.94,687.8,1
lucknow,2024-12-03,12,2.62,18.32,739.8,1
lucknow,2024-12-04,12,2.72,20.35,748.7,1
lucknow,2024-12-05,12,0.96,22.08,705.1,1
lucknow,2024-12-06,12,1.09,20.99,709.1,1
lucknow,2024-12-07,12,1.52,22.22,639.8,1
lucknow,2024-12-08,12,0.49,24.81,701.7,1
lucknow,2024-12-09,12,0.53,24.72,703.6,1
lucknow,2024-12-10,12,1.42,25.54,673.0,1
lucknow,2024-12-11,12,1.71,24.35,738.7,1
lucknow,2024-12-12,12,2.59,20.94,758.2,1
lucknow,2024-12-13,12,1.79,24.1,718.0,1
lucknow,2024-12-14,12,2.23,22.23,695.1,1
lucknow,2024-12-15,12,1.19,22.66,703.6,1
lucknow,2024-12-16,12,0.85,23.49,747.2,1
lucknow,2024-12-17,12,2.6,23.98,750.1,1
lucknow,2024-12-18,12,4.12,23.95,723.9,1
lucknow,2024-12-19,12,0.6,23.87,709.0,1
lucknow,2024-12-20,12,1.72,23.9,705.5,1
lucknow,2024-12-21,12,1.75,22.28,734.2,1
lucknow,2024-12-22,12,2.21,21.3,724.4,1
lucknow,2024-12-23,12,1.51,23.25,690.8,1
lucknow,2024-12-24,12,0.48,18.47,676.9,1
lucknow,2024-12-25,12,2.68,20.37,703.1,1
lucknow,2024-12-26,12,1.58,25.34,690.5,1
lucknow,2024-12-27,12,2.23,21.87,654.5,1
lucknow,2024-12-28,12,3.23,24.17,759.4,1
lucknow,2024-12-29,12,2.06,22.33,701.1,1
lucknow,2024-12-30,12,0.3,24.55,752.1,1
lucknow,2024-12-31,12,2.25,20.84,714.3,1
lucknow,2025-01-01,1,0.91,20.99,757.0,1
lucknow,2025-01-02,1,2.99,20.08,762.3,1
lucknow,2025-01-03,1,2.53,19.46,798.0,1
lucknow,2025-01-04,1,3.48,22.16,774.2,1
lucknow,2025-01-05,1,0.66,22.91,811.7,1
lucknow,2025-01-06,1,1.89,21.34,790.9,1
lucknow,2025-01-07,1,1.31,20.19,784.5,1
lucknow,2025-01-08,1,1.36,22.03,780.1,1
lucknow,2025-01-09,1,0.88,21.46,780.1,1
lucknow,2025-01-10,1,1.41,18.42,793.5,1
lucknow,2025-01-11,1,3.23,21.48,797.1,1
lucknow,2025-01-12,1,1.74,21.65,810.7,1
lucknow,2025-01-13,1,1.95,22.68,801.2,1
lucknow,2025-01-14,1,2.29,19.94,816.8,1
lucknow,2025-01-15,1,1.88,20.13,798.2,1
lucknow,2025-01-16,1,0.5,22.4,782.2,1
lucknow,2025-01-17,1,0.18,18.14,785.1,1
lucknow,2025-01-18,1,0.57,20.98,778.4,1
lucknow,2025-01-19,1,2.78,21.21,825.6,1
lucknow,2025-01-20,1,1.11,21.8,740.4,1
lucknow,2025-01-21,1,2.55,23.34,760.7,1
lucknow,2025-01-22,1,1.08,19.6,787.7,1
lucknow,2025-01-23,1,0.75,23.54,704.0,1
lucknow,2025-01-24,1,2.38,19.0,778.6,1
lucknow,2025-01-25,1,0.49,20.61,734.4,1
lucknow,2025-01-26,1,1.61,20.83,748.0,1
lucknow,2025-01-27,1,2.99,19.72,770.5,1
lucknow,2025-01-28,1,1.2,20.74,815.7,1
lucknow,2025-01-29,1,3.03,19.82,806.0,1
lucknow,2025-01-30,1,3.21,23.61,829.8,1
lucknow,2025-01-31,1,0.74,22.18,819.1,1
lucknow,2025-02-01,2,1.04,22.12,275.4,0
lucknow,2025-02-02,2,0.28,22.42,225.9,0
lucknow,2025-02-03,2,1.29,25.19,311.2,0
lucknow,2025-02-04,2,1.06,22.94,253.3,0
lucknow,2025-02-05,2,1.85,24.56,277.1,0
lucknow,2025-02-06,2,1.21,23.7,258.8,0
lucknow,2025-02-07,2,2.15,27.68,302.1,0
lucknow,2025-02-08,2,1.39,25.24,274.4,0
lucknow,2025-02-09,2,1.62,25.31,335.4,0
lucknow,2025-02-10,2,0.52,23.42,311.5,0
lucknow,2025-02-11,2,3.79,22.86,273.1,0
lucknow,2025-02-12,2,1.31,24.01,214.6,0
lucknow,2025-02-13,2,0.64,20.97,313.6,0
lucknow,2025-02-14,2,0.12,23.19,255.6,0
lucknow,2025-02-15,2,3.12,25.74,257.5,0
lucknow,2025-02-16,2,0.68,23.98,266.1,0
lucknow,2025-02-17,2,1.05,21.0,257.6,0
lucknow,2025-02-18,2,2.22,20.56,309.7,0
lucknow,2025-02-19,2,4.64,23.9,226.6,0
lucknow,2025-02-20,2,0.5,24.8,312.1,0
lucknow,2025-02-21,2,2.96,21.87,255.5,0
lucknow,2025-02-22,2,3.67,24.92,288.2,0
lucknow,2025-02-23,2,2.43,24.56,279.0,0
lucknow,2025-02-24,2,0.57,26.54,267.3,0
lucknow,2025-02-25,2,0.75,22.67,298.7,0
lucknow,2025-02-26,2,1.9,23.76,256.1,0
lucknow,2025-02-27,2,1.02,25.86,250.1,0
lucknow,2025-02-28,2,0.69,24.22,250.7,0
lucknow,2025-03-01,3,0.42,32.1,307.1,0
lucknow,2025-03-02,3,0.82,31.22,258.0,0
lucknow,2025-03-03,3,3.43,32.63,252.9,0
lucknow,2025-03-04,3,1.07,33.87,259.2,0
lucknow,2025-03-05,3,0.5,33.31,260.1,0
lucknow,2025-03-06,3,0.9,29.26,221.9,0
lucknow,2025-03-07,3,0.9,33.26,259.3,0
lucknow,2025-03-08,3,2.28,34.42,307.2,0
lucknow,2025-03-09,3,1.86,33.84,232.6,0
lucknow,2025-03-10,3,0.55,33.77,297.6,0
lucknow,2025-03-11,3,1.59,34.82,268.3,0
lucknow,2025-03-12,3,0.78,33.0,257.3,0
lucknow,2025-03-13,3,3.66,30.61,272.0,0
lucknow,2025-03-14,3,1.06,28.89,295.1,0
lucknow,2025-03-15,3,0.87,31.69,268.6,0
lucknow,2025-03-16,3,0.56,31.81,326.6,0
lucknow,2025-03-17,3,3.38,30.18,273.1,0
lucknow,2025-03-18,3,0.81,26.67,262.4,0
lucknow,2025-03-19,3,1.48,31.54,275.7,0
lucknow,2025-03-20,3,0.55,29.14,277.7,0
lucknow,2025-03-21,3,0.6,35.11,302.9,0
lucknow,2025-03-22,3,0.16,33.32,213.5,0
lucknow,2025-03-23,3,2.84,31.08,275.0,0
lucknow,2025-03-24,3,1.5,29.66,266.8,0
lucknow,2025-03-25,3,0.37,31.06,277.0,0
lucknow,2025-03-26,3,6.46,29.75,278.4,0
lucknow,2025-03-27,3,1.1,34.64,274.2,0
lucknow,2025-03-28,3,2.36,33.25,264.9,0
lucknow,2025-03-29,3,0.85,27.86,250.0,0
lucknow,2025-03-30,3,0.91,34.0,279.5,0
lucknow,2025-03-31,3,1.93,32.75,274.0,0
lucknow,2025-04-01,4,1.42,42.05,287.9,1
lucknow,2025-04-02,4,0.54,40.92,290.5,0
lucknow,2025-04-03,4,2.63,40.4,289.4,0
lucknow,2025-04-04,4,0.95,35.98,263.3,0
lucknow,2025-04-05,4,0.9,40.66,310.7,0
lucknow,2025-04-06,4,0.27,39.47,242.8,0
lucknow,2025-04-07,4,1.2,36.42,328.8,0
lucknow,2025-04-08,4,1.59,37.16,233.5,0
lucknow,2025-04-09,4,3.52,38.87,269.2,0
lucknow,2025-04-10,4,4.13,35.11,264.3,0
lucknow,2025-04-11,4,2.73,39.3,295.0,0
lucknow,2025-04-12,4,1.03,37.15,276.3,0
lucknow,2025-04-13,4,1.4,39.25,345.8,0
lucknow,2025-04-14,4,1.85,37.89,266.7,0
lucknow,2025-04-15,4,1.02,37.89,283.5,0
lucknow,2025-04-16,4,2.03,38.17,280.4,0
lucknow,2025-04-17,4,1.33,40.32,281.7,0
lucknow,2025-04-18,4,1.36,38.51,297.8,0
lucknow,2025-04-19,4,0.47,39.7,275.7,0
lucknow,2025-04-20,4,0.64,38.67,332.1,0
lucknow,2025-04-21,4,2.0,41.27,323.2,0
lucknow,2025-04-22,4,2.58,36.4,233.7,0
lucknow,2025-04-23,4,0.52,38.94,319.4,0
lucknow,2025-04-24,4,0.48,39.18,298.1,0
lucknow,2025-04-25,4,1.95,36.77,294.2,0
lucknow,2025-04-26,4,1.62,35.74,305.7,0
lucknow,2025-04-27,4,1.55,34.11,322.9,0
lucknow,2025-04-28,4,1.87,33.17,287.0,0
lucknow,2025-04-29,4,2.32,40.63,299.5,0
lucknow,2025-04-30,4,1.66,42.42,317.9,1
lucknow,2025-05-01,5,0.71,45.33,217.7,1
lucknow,2025-05-02,5,0.84,41.94,312.7,0
lucknow,2025-05-03,5,0.41,43.57,289.0,1
lucknow,2025-05-04,5,0.14,38.42,280.1,0
lucknow,2025-05-05,5,1.09,43.34,263.3,1
lucknow,2025-05-06,5,1.65,47.47,224.9,1
lucknow,2025-05-07,5,0.41,41.67,289.1,0
lucknow,2025-05-08,5,2.49,41.69,285.3,0
lucknow,2025-05-09,5,2.74,43.31,267.7,1
lucknow,2025-05-10,5,0.47,41.56,238.1,0
lucknow,2025-05-11,5,1.29,41.39,299.4,0
lucknow,2025-05-12,5,0.9,43.84,316.1,1
lucknow,2025-05-13,5,0.21,42.79,309.3,1
lucknow,2025-05-14,5,1.52,41.01,259.7,0
lucknow,2025-05-15,5,0.42,43.76,264.5,1
lucknow,2025-05-16,5,1.16,41.76,307.2,0
lucknow,2025-05-17,5,0.27,45.79,262.8,1
lucknow,2025-05-18,5,1.53,42.35,267.4,1
lucknow,2025-05-19,5,0.63,44.36,308.7,1
lucknow,2025-05-20,5,0.85,40.67,251.5,0
lucknow,2025-05-21,5,3.07,41.39,300.7,0
lucknow,2025-05-22,5,2.94,46.69,262.6,1
lucknow,2025-05-23,5,2.63,43.41,265.4,1
lucknow,2025-05-24,5,1.35,41.78,245.5,0
lucknow,2025-05-25,5,0.17,43.02,232.6,1
lucknow,2025-05-26,5,0.67,42.1,321.8,1
lucknow,2025-05-27,5,0.76,46.09,293.3,1
lucknow,2025-05-28,5,0.54,45.65,302.5,1
lucknow,2025-05-29,5,4.31,44.94,250.2,1
lucknow,2025-05-30,5,5.13,39.83,256.0,0
lucknow,2025-05-31,5,2.64,41.07,314.7,0
lucknow,2025-06-01,6,14.9,40.78,280.7,0
lucknow,2025-06-02,6,14.23,43.35,280.1,1
lucknow,2025-06-03,6,7.57,39.49,252.3,0
lucknow,2025-06-04,6,1.22,39.76,274.3,0
lucknow,2025-06-05,6,3.4,33.84,252.4,0
lucknow,2025-06-06,6,22.1,40.9,222.4,0
lucknow,2025-06-07,6,22.68,38.48,245.4,0
lucknow,2025-06-08,6,16.31,38.44,276.2,0
lucknow,2025-06-09,6,31.94,40.27,264.6,0
lucknow,2025-06-10,6,22.3,39.9,305.7,0
lucknow,2025-06-11,6,0.8,36.95,273.1,0
lucknow,2025-06-12,6,3.92,39.42,283.5,0
lucknow,2025-06-13,6,4.33,39.91,251.3,0
lucknow,2025-06-14,6,15.38,39.26,288.1,0
lucknow,2025-06-15,6,8.88,35.75,248.5,0
lucknow,2025-06-16,6,3.28,36.1,289.5,0
lucknow,2025-06-17,6,9.82,36.45,279.3,0
lucknow,2025-06-18,6,29.04,38.99,294.5,0
lucknow,2025-06-19,6,23.73,37.44,295.6,0
lucknow,2025-06-20,6,5.44,38.16,295.2,0
lucknow,2025-06-21,6,15.11,36.71,260.5,0
lucknow,2025-06-22,6,3.34,38.95,292.0,0
lucknow,2025-06-23,6,17.19,43.88,257.2,1
lucknow,2025-06-24,6,6.61,39.94,258.2,0
lucknow,2025-06-25,6,25.05,39.15,238.0,0
lucknow,2025-06-26,6,25.92,40.39,277.6,0
lucknow,2025-06-27,6,3.5,40.45,285.0,0
lucknow,2025-06-28,6,31.24,37.78,270.5,0
lucknow,2025-06-29,6,3.04,38.3,239.9,0
lucknow,2025-06-30,6,13.48,39.39,264.9,0
lucknow,2025-07-01,7,8.2,34.03,217.7,0
lucknow,2025-07-02,7,7.49,36.08,219.2,0
lucknow,2025-07-03,7,28.9,30.11,309.2,0
lucknow,2025-07-04,7,24.79,34.13,234.0,0
lucknow,2025-07-05,7,8.36,33.99,317.6,0
lucknow,2025-07-06,7,22.02,29.94,316.9,0
lucknow,2025-07-07,7,22.22,30.75,257.7,0
lucknow,2025-07-08,7,24.1,30.74,307.1,0
lucknow,2025-07-09,7,9.92,32.81,274.8,0
lucknow,2025-07-10,7,11.42,32.49,251.2,0
lucknow,2025-07-11,7,19.49,30.95,247.6,0
lucknow,2025-07-12,7,5.08,33.15,239.1,0
lucknow,2025-07-13,7,17.77,32.75,271.7,0
lucknow,2025-07-14,7,19.98,32.33,245.3,0
lucknow,2025-07-15,7,4.87,32.72,239.3,0
lucknow,2025-07-16,7,36.62,33.23,301.6,0
lucknow,2025-07-17,7,17.38,31.58,314.2,0
lucknow,2025-07-18,7,45.09,30.39,277.5,0
lucknow,2025-07-19,7,40.18,32.2,285.8,0
lucknow,2025-07-20,7,12.0,30.54,274.8,0
lucknow,2025-07-21,7,14.89,34.55,290.6,0
lucknow,2025-07-22,7,17.41,31.3,311.5,0
lucknow,2025-07-23,7,20.54,29.84,272.0,0
lucknow,2025-07-24,7,14.42,34.47,324.6,0
lucknow,2025-07-25,7,14.37,35.06,293.1,0
lucknow,2025-07-26,7,17.13,27.94,290.2,0
lucknow,2025-07-27,7,14.75,30.14,265.5,0
lucknow,2025-07-28,7,17.04,30.6,244.5,0
lucknow,2025-07-29,7,29.55,31.15,245.9,0
lucknow,2025-07-30,7,3.19,33.37,306.1,0
lucknow,2025-07-31,7,8.84,33.21,275.0,0
lucknow,2025-08-01,8,14.25,30.06,288.1,0
lucknow,2025-08-02,8,15.42,33.08,240.5,0
lucknow,2025-08-03,8,9.96,33.17,332.5,0
lucknow,2025-08-04,8,29.91,32.81,290.4,0
lucknow,2025-08-05,8,8.21,30.23,268.6,0
lucknow,2025-08-06,8,51.12,31.6,311.5,1
lucknow,2025-08-07,8,20.73,31.24,285.4,0
lucknow,2025-08-08,8,17.66,32.14,274.2,0
lucknow,2025-08-09,8,13.36,30.39,249.1,0
lucknow,2025-08-10,8,32.87,30.57,290.2,0
lucknow,2025-08-11,8,2.29,32.18,253.4,0
lucknow,2025-08-12,8,11.03,29.49,269.5,0
lucknow,2025-08-13,8,25.12,32.72,280.6,0
lucknow,2025-08-14,8,6.89,32.72,244.1,0
lucknow,2025-08-15,8,13.4,33.78,288.7,0
lucknow,2025-08-16,8,9.46,33.89,295.2,0
lucknow,2025-08-17,8,41.41,31.29,270.3,0
lucknow,2025-08-18,8,5.41,32.27,288.3,0
lucknow,2025-08-19,8,22.04,31.3,295.8,0
lucknow,2025-08-20,8,2.32,34.4,239.6,0
lucknow,2025-08-21,8,8.1,32.49,329.7,0
lucknow,2025-08-22,8,8.82,35.32,240.8,0
lucknow,2025-08-23,8,19.12,35.67,301.6,0
lucknow,2025-08-24,8,12.08,32.85,294.4,0
lucknow,2025-08-25,8,3.51,34.39,275.1,0
lucknow,2025-08-26,8,6.77,30.07,214.8,0
lucknow,2025-08-27,8,22.82,34.35,275.7,0
lucknow,2025-08-28,8,15.25,30.07,259.4,0
lucknow,2025-08-29,8,7.2,34.18,279.5,0
lucknow,2025-08-30,8,16.99,33.83,295.5,0
lucknow,2025-08-31,8,21.87,32.63,311.8,0
lucknow,2025-09-01,9,14.63,33.45,296.0,0
lucknow,2025-09-02,9,12.61,32.12,304.6,0
lucknow,2025-09-03,9,7.23,32.96,228.5,0
lucknow,2025-09-04,9,6.99,30.6,304.6,0
lucknow,2025-09-05,9,14.94,34.35,304.0,0
lucknow,2025-09-06,9,6.14,34.95,240.7,0
lucknow,2025-09-07,9,8.44,33.67,235.5,0
lucknow,2025-09-08,9,6.95,29.85,284.6,0
lucknow,2025-09-09,9,6.83,28.76,313.5,0
lucknow,2025-09-10,9,19.31,29.29,286.6,0
lucknow,2025-09-11,9,9.06,34.1,256.2,0
lucknow,2025-09-12,9,22.11,31.46,255.3,0
lucknow,2025-09-13,9,4.22,32.26,270.5,0
lucknow,2025-09-14,9,4.29,34.48,258.3,0
lucknow,2025-09-15,9,9.36,36.58,294.8,0
lucknow,2025-09-16,9,15.86,34.36,295.4,0
lucknow,2025-09-17,9,20.06,30.31,258.3,0
lucknow,2025-09-18,9,6.06,34.32,345.2,0
lucknow,2025-09-19,9,20.05,31.2,274.5,0
lucknow,2025-09-20,9,15.89,31.91,258.8,0
lucknow,2025-09-21,9,16.0,28.33,249.4,0
lucknow,2025-09-22,9,9.16,35.84,287.7,0
lucknow,2025-09-23,9,2.67,31.13,226.5,0
lucknow,2025-09-24,9,4.8,33.23,235.2,0
lucknow,2025-09-25,9,18.37,30.51,259.0,0
lucknow,2025-09-26,9,7.39,30.75,275.2,0
lucknow,2025-09-27,9,8.17,33.57,251.6,0
lucknow,2025-09-28,9,3.41,33.04,286.4,0
lucknow,2025-09-29,9,10.96,35.8,302.0,0
lucknow,2025-09-30,9,24.92,32.12,282.6,0
lucknow,2025-10-01,10,0.97,31.71,399.3,0
lucknow,2025-10-02,10,0.82,32.83,435.4,1
lucknow,2025-10-03,10,0.47,27.29,380.0,0
lucknow,2025-10-04,10,4.72,34.36,470.8,1
lucknow,2025-10-05,10,0.34,35.95,477.4,1
lucknow,2025-10-06,10,0.26,31.41,413.5,1
lucknow,2025-10-07,10,0.64,30.27,435.7,1
lucknow,2025-10-08,10,0.81,31.26,400.2,1
lucknow,2025-10-09,10,1.36,36.23,433.7,1
lucknow,2025-10-10,10,1.17,34.63,441.2,1
lucknow,2025-10-11,10,3.26,32.72,393.2,0
lucknow,2025-10-12,10,0.71,33.16,381.1,0
lucknow,2025-10-13,10,0.86,31.09,375.6,0
lucknow,2025-10-14,10,2.57,27.74,409.7,1
lucknow,2025-10-15,10,1.31,35.97,420.7,1
lucknow,2025-10-16,10,0.12,33.09,449.4,1
lucknow,2025-10-17,10,0.58,32.37,444.6,1
lucknow,2025-10-18,10,1.29,30.82,389.5,0
lucknow,2025-10-19,10,2.64,31.93,402.9,1
lucknow,2025-10-20,10,2.26,30.11,418.1,1
lucknow,2025-10-21,10,0.95,31.2,379.6,0
lucknow,2025-10-22,10,0.52,32.83,407.6,1
lucknow,2025-10-23,10,3.2,36.64,455.3,1
lucknow,2025-10-24,10,0.96,32.78,417.0,1
lucknow,2025-10-25,10,0.53,31.54,397.3,0
lucknow,2025-10-26,10,0.76,31.19,450.3,1
lucknow,2025-10-27,10,1.42,27.4,415.4,1
lucknow,2025-10-28,10,1.2,35.8,436.1,1
lucknow,2025-10-29,10,0.99,31.15,458.9,1
lucknow,2025-10-30,10,0.54,33.01,415.3,1
lucknow,2025-10-31,10,0.35,34.83,454.7,1
lucknow,2025-11-01,11,1.3,35.68,610.6,1
lucknow,2025-11-02,11,1.24,31.79,612.9,1
lucknow,2025-11-03,11,0.87,28.54,538.5,1
lucknow,2025-11-04,11,1.42,35.8,590.3,1
lucknow,2025-11-05,11,1.96,31.32,532.3,1
lucknow,2025-11-06,11,1.46,32.52,587.7,1
lucknow,2025-11-07,11,0.49,33.45,535.0,1
lucknow,2025-11-08,11,1.52,31.52,581.1,1
lucknow,2025-11-09,11,0.69,28.64,551.1,1
lucknow,2025-11-10,11,1.08,28.77,606.5,1
lucknow,2025-11-11,11,1.17,33.84,560.1,1
lucknow,2025-11-12,11,2.18,34.78,532.8,1
lucknow,2025-11-13,11,3.21,28.5,598.8,1
lucknow,2025-11-14,11,1.36,32.77,515.6,1
lucknow,2025-11-15,11,1.42,32.77,557.1,1
lucknow,2025-11-16,11,1.54,32.41,547.8,1
lucknow,2025-11-17,11,2.27,34.29,539.9,1
lucknow,2025-11-18,11,1.21,34.71,599.6,1
lucknow,2025-11-19,11,0.74,30.47,581.0,1
lucknow,2025-11-20,11,1.74,32.01,552.4,1
lucknow,2025-11-21,11,3.02,36.29,503.5,1
lucknow,2025-11-22,11,1.28,33.35,535.5,1
lucknow,2025-11-23,11,2.0,30.96,590.9,1
lucknow,2025-11-24,11,1.03,29.28,565.4,1
lucknow,2025-11-25,11,1.43,31.66,567.3,1
lucknow,2025-11-26,11,1.22,29.41,563.4,1
lucknow,2025-11-27,11,0.38,31.53,532.1,1
lucknow,2025-11-28,11,0.52,31.99,543.0,1
lucknow,2025-11-29,11,3.28,34.36,580.7,1
lucknow,2025-11-30,11,1.85,31.41,623.6,1
lucknow,2025-12-01,12,0.54,20.14,712.9,1
lucknow,2025-12-02,12,0.13,24.11,701.0,1
lucknow,2025-12-03,12,0.33,21.46,689.8,1
lucknow,2025-12-04,12,1.95,21.55,678.9,1
lucknow,2025-12-05,12,1.17,23.35,707.3,1
lucknow,2025-12-06,12,0.93,23.34,663.1,1
lucknow,2025-12-07,12,0.66,23.43,665.9,1
lucknow,2025-12-08,12,1.36,22.69,676.1,1
lucknow,2025-12-09,12,2.02,25.0,708.7,1
lucknow,2025-12-10,12,4.04,18.84,730.7,1
lucknow,2025-12-11,12,1.29,25.29,722.2,1
lucknow,2025-12-12,12,0.99,23.49,650.2,1
lucknow,2025-12-13,12,2.65,24.54,727.2,1
lucknow,2025-12-14,12,0.75,23.95,717.0,1
lucknow,2025-12-15,12,1.74,20.53,700.3,1
lucknow,2025-12-16,12,1.36,24.74,707.7,1
lucknow,2025-12-17,12,0.54,23.18,661.6,1
lucknow,2025-12-18,12,2.92,23.26,706.0,1
lucknow,2025-12-19,12,0.5,20.47,676.5,1
lucknow,2025-12-20,12,1.96,23.89,691.0,1
lucknow,2025-12-21,12,0.63,20.69,747.6,1
lucknow,2025-12-22,12,1.79,20.83,708.8,1
lucknow,2025-12-23,12,0.82,22.39,651.7,1
lucknow,2025-12-24,12,1.04,21.17,649.1,1
lucknow,2025-12-25,12,2.07,22.42,727.3,1
lucknow,2025-12-26,12,0.38,23.86,691.7,1
lucknow,2025-12-27,12,0.14,23.34,703.3,1
lucknow,2025-12-28,12,0.66,19.32,702.8,1
lucknow,2025-12-29,12,1.13,17.58,710.2,1
lucknow,2025-12-30,12,1.46,22.3,710.9,1
noida,2023-01-01,1,0.44,20.52,770.5,1
noida,2023-01-02,1,0.43,20.1,720.3,1
noida,2023-01-03,1,1.26,21.73,772.6,1
noida,2023-01-04,1,3.64,23.31,810.4,1
noida,2023-01-05,1,1.16,21.12,822.3,1
noida,2023-01-06,1,0.55,18.14,778.7,1
noida,2023-01-07,1,2.89,18.91,782.7,1
noida,2023-01-08,1,4.35,22.74,775.1,1
noida,2023-01-09,1,1.95,23.09,820.6,1
noida,2023-01-10,1,0.88,19.17,814.4,1
noida,2023-01-11,1,1.01,24.31,751.0,1
noida,2023-01-12,1,4.81,20.92,811.2,1
noida,2023-01-13,1,1.8,19.35,766.6,1
noida,2023-01-14,1,0.2,22.45,862.1,1
noida,2023-01-15,1,1.08,20.46,778.4,1
noida,2023-01-16,1,2.27,20.74,740.7,1
noida,2023-01-17,1,1.04,18.78,828.3,1
noida,2023-01-18,1,1.52,22.76,757.9,1
noida,2023-01-19,1,3.9,23.54,744.7,1
noida,2023-01-20,1,1.64,19.26,831.3,1
noida,2023-01-21,1,1.11,19.48,757.4,1
noida,2023-01-22,1,0.56,21.87,735.2,1
noida,2023-01-23,1,1.35,21.65,775.0,1
noida,2023-01-24,1,1.18,20.7,827.2,1
noida,2023-01-25,1,2.81,19.58,800.9,1
noida,2023-01-26,1,2.84,22.48,765.7,1
noida,2023-01-27,1,0.9,18.3,741.9,1
noida,2023-01-28,1,2.45,20.03,821.4,1
noida,2023-01-29,1,1.49,20.87,756.3,1
noida,2023-01-30,1,1.27,22.56,747.9,1
noida,2023-01-31,1,3.02,19.01,759.3,1
noida,2023-02-01,2,3.82,25.0,248.9,0
noida,2023-02-02,2,3.5,23.25,321.5,0
noida,2023-02-03,2,1.94,26.19,315.6,0
noida,2023-02-04,2,0.49,26.73,330.0,0
noida,2023-02-05,2,2.02,22.36,307.6,0
noida,2023-02-06,2,1.64,23.31,252.6,0
noida,2023-02-07,2,0.85,24.78,260.3,0
noida,2023-02-08,2,2.92,22.88,253.2,0
noida,2023-02-09,2,1.09,22.12,290.2,0
noida,2023-02-10,2,1.12,25.28,238.2,0
noida,2023-02-11,2,3.54,23.63,272.1,0
noida,2023-02-12,2,0.4,26.48,259.0,0
noida,2023-02-13,2,1.85,22.82,360.2,0
noida,2023-02-14,2,2.6,22.84,264.9,0
noida,2023-02-15,2,1.76,21.6,271.4,0
noida,2023-02-16,2,2.3,20.98,290.9,0
noida,2023-02-17,2,1.01,19.4,255.0,0
noida,2023-02-18,2,1.63,20.63,315.4,0
noida,2023-02-19,2,2.26,23.03,254.8,0
noida,2023-02-20,2,1.76,23.64,310.1,0
noida,2023-02-21,2,1.92,23.16,277.2,0
noida,2023-02-22,2,1.02,25.13,320.4,0
noida,2023-02-23,2,0.37,25.27,236.5,0
noida,2023-02-24,2,2.44,22.03,273.7,0
noida,2023-02-25,2,0.9,20.42,255.3,0
noida,2023-02-26,2,1.09,20.44,285.4,0
noida,2023-02-27,2,1.4,22.44,285.6,0
noida,2023-02-28,2,1.44,24.16,327.2,0
noida,2023-03-01,3,1.19,31.36,232.7,0
noida,2023-03-02,3,0.92,35.92,239.7,0
noida,2023-03-03,3,1.63,31.88,233.8,0
noida,2023-03-04,3,0.7,32.99,305.6,0
noida,2023-03-05,3,0.2,29.6,297.5,0
noida,2023-03-06,3,2.97,31.97,302.4,0
noida,2023-03-07,3,0.59,29.22,257.3,0
noida,2023-03-08,3,0.76,31.36,268.3,0
noida,2023-03-09,3,3.71,28.6,331.0,0
noida,2023-03-10,3,1.35,32.96,228.1,0
noida,2023-03-11,3,0.23,34.29,263.1,0
noida,2023-03-12,3,2.82,30.36,270.3,0
noida,2023-03-13,3,0.9,29.95,285.7,0
noida,2023-03-14,3,1.85,31.01,318.9,0
noida,2023-03-15,3,0.57,28.93,272.8,0
noida,2023-03-16,3,2.56,34.54,324.1,0
noida,2023-03-17,3,1.0,34.69,254.4,0
noida,2023-03-18,3,0.41,32.0,317.5,0
noida,2023-03-19,3,3.01,31.13,260.2,0
noida,2023-03-20,3,1.58,30.67,286.9,0
noida,2023-03-21,3,1.65,29.9,291.8,0
noida,2023-03-22,3,1.3,28.51,319.7,0
noida,2023-03-23,3,0.66,32.2,336.9,0
noida,2023-03-24,3,2.07,31.87,199.1,0
noida,2023-03-25,3,0.98,31.93,255.1,0
noida,2023-03-26,3,1.29,32.44,295.2,0
noida,2023-03-27,3,1.68,34.81,275.1,0
noida,2023-03-28,3,0.43,31.24,302.3,0
noida,2023-03-29,3,1.13,26.55,336.5,0
noida,2023-03-30,3,0.13,28.19,306.1,0
noida,2023-03-31,3,1.5,30.86,263.6,0
noida,2023-04-01,4,0.71,40.42,256.0,0
noida,2023-04-02,4,1.8,36.48,286.3,0
noida,2023-04-03,4,3.1,42.55,345.7,1
noida,2023-04-04,4,0.73,36.63,245.0,0
noida,2023-04-05,4,2.35,37.19,304.9,0
noida,2023-04-06,4,0.15,39.97,304.9,0
noida,2023-04-07,4,1.38,36.77,360.9,0
noida,2023-04-08,4,1.06,38.14,293.2,0
noida,2023-04-09,4,6.55,37.34,246.4,0
noida,2023-04-10,4,0.38,37.72,261.6,0
noida,2023-04-11,4,1.53,41.08,360.2,0
noida,2023-04-12,4,3.33,37.68,272.1,0
noida,2023-04-13,4,3.23,36.47,314.0,0
noida,2023-04-14,4,1.69,36.18,237.6,0
noida,2023-04-15,4,1.6,38.46,300.4,0
noida,2023-04-16,4,1.18,40.67,236.6,0
noida,2023-04-17,4,1.83,37.72,239.6,0
noida,2023-04-18,4,1.69,34.37,273.0,0
noida,2023-04-19,4,0.58,38.41,318.1,0
noida,2023-04-20,4,0.49,39.11,279.5,0
noida,2023-04-21,4,1.75,37.4,245.8,0
noida,2023-04-22,4,4.14,38.55,287.1,0
noida,2023-04-23,4,0.73,38.84,356.3,0
noida,2023-04-24,4,0.32,37.93,272.4,0
noida,2023-04-25,4,1.19,38.18,257.3,0
noida,2023-04-26,4,3.23,36.18,231.5,0
noida,2023-04-27,4,1.69,38.14,285.3,0
noida,2023-04-28,4,0.46,37.57,249.7,0
noida,2023-04-29,4,0.41,38.55,330.9,0
noida,2023-04-30,4,1.71,38.37,302.1,0
noida,2023-05-01,5,1.64,46.05,335.2,1
noida,2023-05-02,5,0.84,42.88,231.4,1
noida,2023-05-03,5,1.33,44.73,300.0,1
noida,2023-05-04,5,4.14,44.13,237.7,1
noida,2023-05-05,5,0.96,42.63,292.0,1
noida,2023-05-06,5,2.65,40.44,337.0,0
noida,2023-05-07,5,2.39,41.8,252.5,0
noida,2023-05-08,5,0.75,42.7,229.3,1
noida,2023-05-09,5,1.85,44.36,288.9,1
noida,2023-05-10,5,0.43,44.76,245.0,1
noida,2023-05-11,5,1.65,43.59,233.9,1
noida,2023-05-12,5,0.14,44.22,279.4,1
noida,2023-05-13,5,1.08,42.54,342.3,1
noida,2023-05-14,5,0.25,43.9,251.4,1
noida,2023-05-15,5,1.8,43.92,303.2,1
noida,2023-05-16,5,0.17,43.05,321.8,1
noida,2023-05-17,5,0.93,41.42,288.5,0
noida,2023-05-18,5,1.37,41.62,256.7,0
noida,2023-05-19,5,1.88,46.97,325.2,1
noida,2023-05-20,5,0.95,45.42,231.2,1
noida,2023-05-21,5,0.4,43.86,327.4,1
noida,2023-05-22,5,2.1,41.66,295.9,0
noida,2023-05-23,5,0.73,45.0,316.8,1
noida,2023-05-24,5,1.01,44.14,305.5,1
noida,2023-05-25,5,1.58,44.22,277.6,1
noida,2023-05-26,5,5.86,47.06,202.4,1
noida,2023-05-27,5,3.83,45.74,242.0,1
noida,2023-05-28,5,1.03,44.57,235.3,1
noida,2023-05-29,5,2.64,41.45,241.7,0
noida,2023-05-30,5,1.85,43.66,278.2,1
noida,2023-05-31,5,1.41,39.34,301.3,0
noida,2023-06-01,6,9.08,36.36,263.2,0
noida,2023-06-02,6,25.38,36.68,208.3,0
noida,2023-06-03,6,15.18,41.55,294.4,0
noida,2023-06-04,6,2.39,43.16,284.8,1
noida,2023-06-05,6,14.83,41.29,284.5,0
noida,2023-06-06,6,11.6,33.56,332.1,0
noida,2023-06-07,6,16.68,38.19,311.0,0
noida,2023-06-08,6,19.17,38.49,293.4,0
noida,2023-06-09,6,15.07,39.66,315.8,0
noida,2023-06-10,6,6.99,37.43,281.7,0
noida,2023-06-11,6,7.54,37.83,324.3,0
noida,2023-06-12,6,26.83,37.21,291.1,0
noida,2023-06-13,6,14.97,38.52,312.2,0
noida,2023-06-14,6,43.98,38.14,292.5,1
noida,2023-06-15,6,3.77,36.57,288.6,0
noida,2023-06-16,6,2.08,41.57,293.1,0
noida,2023-06-17,6,17.94,39.21,316.9,0
noida,2023-06-18,6,8.77,40.49,320.5,0
noida,2023-06-19,6,8.14,40.34,248.3,0
noida,2023-06-20,6,44.92,38.24,286.2,0
noida,2023-06-21,6,22.93,37.47,325.4,0
noida,2023-06-22,6,9.96,41.44,317.8,0
noida,2023-06-23,6,22.38,39.03,275.4,0
noida,2023-06-24,6,7.59,40.38,246.4,0
noida,2023-06-25,6,5.58,39.79,297.7,0
noida,2023-06-26,6,20.06,37.78,284.6,0
noida,2023-06-27,6,45.41,37.84,287.2,1
noida,2023-06-28,6,16.55,36.19,213.2,0
noida,2023-06-29,6,19.4,40.8,283.6,0
noida,2023-06-30,6,2.19,41.02,328.9,0
noida,2023-07-01,7,11.16,36.68,256.1,0
noida,2023-07-02,7,11.09,30.52,261.6,0
noida,2023-07-03,7,4.11,29.17,314.3,0
noida,2023-07-04,7,10.29,30.5,288.0,0
noida,2023-07-05,7,16.65,31.37,261.7,0
noida,2023-07-06,7,7.68,30.72,308.8,0
noida,2023-07-07,7,26.34,30.82,250.4,0
noida,2023-07-08,7,7.56,31.51,311.5,0
noida,2023-07-09,7,37.02,26.67,278.1,0
noida,2023-07-10,7,45.11,30.35,329.6,0
noida,2023-07-11,7,20.92,28.13,264.7,0
noida,2023-07-12,7,53.86,32.21,305.3,1
noida,2023-07-13,7,45.15,30.73,311.4,1
noida,2023-07-14,7,22.2,31.32,276.2,0
noida,2023-07-15,7,27.15,33.21,339.9,0
noida,2023-07-16,7,20.07,33.24,237.2,0
noida,2023-07-17,7,9.54,35.0,280.8,0
noida,2023-07-18,7,25.96,32.72,308.1,0
noida,2023-07-19,7,52.68,30.05,294.9,1
noida,2023-07-20,7,33.2,30.62,309.9,0
noida,2023-07-21,7,34.84,35.89,304.6,0
noida,2023-07-22,7,55.96,34.71,272.1,1
noida,2023-07-23,7,9.84,33.19,290.3,0
noida,2023-07-24,7,21.59,31.21,236.9,0
noida,2023-07-25,7,8.14,30.61,262.5,0
noida,2023-07-26,7,27.68,34.6,287.1,0
noida,2023-07-27,7,4.6,30.96,292.1,0
noida,2023-07-28,7,35.33,31.29,271.1,0
noida,2023-07-29,7,8.03,29.54,262.4,0
noida,2023-07-30,7,21.02,30.67,295.0,0
noida,2023-07-31,7,7.59,33.57,330.5,0
noida,2023-08-01,8,8.56,29.22,277.6,0
noida,2023-08-02,8,1.87,30.07,253.2,0
noida,2023-08-03,8,13.75,30.93,270.0,0
noida,2023-08-04,8,4.95,30.78,267.0,0
noida,2023-08-05,8,25.26,32.06,298.1,0
noida,2023-08-06,8,18.16,32.63,275.2,0
noida,2023-08-07,8,13.82,34.14,355.4,0
noida,2023-08-08,8,5.74,30.34,312.2,0
noida,2023-08-09,8,2.77,29.34,271.0,0
noida,2023-08-10,8,18.89,32.68,236.6,0
noida,2023-08-11,8,35.11,32.83,230.7,0
noida,2023-08-12,8,15.54,32.35,279.1,0
noida,2023-08-13,8,4.13,33.25,351.7,0
noida,2023-08-14,8,10.03,33.7,297.7,0
noida,2023-08-15,8,19.08,34.75,273.9,0
noida,2023-08-16,8,30.02,28.56,210.0,0
noida,2023-08-17,8,49.5,29.74,264.3,1
noida,2023-08-18,8,3.09,34.85,258.6,0
noida,2023-08-19,8,5.69,28.03,301.9,0
noida,2023-08-20,8,19.81,33.23,316.9,0
noida,2023-08-21,8,10.35,30.32,224.7,0
noida,2023-08-22,8,6.03,33.21,275.3,0
noida,2023-08-23,8,1.91,32.53,310.1,0
noida,2023-08-24,8,2.54,33.05,287.9,0
noida,2023-08-25,8,31.09,31.47,304.6,0
noida,2023-08-26,8,48.62,30.88,244.7,0
noida,2023-08-27,8,13.32,32.82,253.7,0
noida,2023-08-28,8,34.58,33.36,258.9,0
noida,2023-08-29,8,6.24,32.09,304.7,0
noida,2023-08-30,8,14.09,32.83,298.6,0
noida,2023-08-31,8,22.51,30.91,271.4,0
noida,2023-09-01,9,12.53,33.17,269.8,0
noida,2023-09-02,9,1.59,32.73,280.5,0
noida,2023-09-03,9,5.89,32.58,240.7,0
noida,2023-09-04,9,3.07,31.76,212.3,0
noida,2023-09-05,9,1.4,32.51,293.5,0
noida,2023-09-06,9,10.76,35.26,318.6,0
noida,2023-09-07,9,15.45,34.17,274.3,0
noida,2023-09-08,9,4.52,31.05,300.9,0
noida,2023-09-09,9,2.61,32.66,253.6,0
noida,2023-09-10,9,13.98,28.59,282.0,0
noida,2023-09-11,9,36.19,30.08,290.0,0
noida,2023-09-12,9,3.18,30.92,299.7,0
noida,2023-09-13,9,13.82,35.08,262.6,0
noida,2023-09-14,9,4.19,33.74,278.8,0
noida,2023-09-15,9,6.13,31.17,313.6,0
noida,2023-09-16,9,1.4,31.11,285.6,0
noida,2023-09-17,9,4.43,31.82,295.4,0
noida,2023-09-18,9,16.05,32.87,263.1,0
noida,2023-09-19,9,3.73,34.01,288.3,0
noida,2023-09-20,9,15.84,33.44,260.1,0
noida,2023-09-21,9,8.22,31.53,325.6,0
noida,2023-09-22,9,20.25,33.95,244.1,0
noida,2023-09-23,9,7.47,31.26,211.9,0
noida,2023-09-24,9,8.2,29.87,284.0,0
noida,2023-09-25,9,11.27,31.21,253.3,0
noida,2023-09-26,9,1.03,32.19,231.7,0
noida,2023-09-27,9,6.1,27.59,269.1,0
noida,2023-09-28,9,3.15,35.53,290.2,0
noida,2023-09-29,9,4.59,31.34,303.8,0
noida,2023-09-30,9,7.52,34.05,320.5,0
noida,2023-10-01,10,2.28,31.57,377.6,0
noida,2023-10-02,10,1.0,32.51,492.5,1
noida,2023-10-03,10,3.2,34.38,453.3,1
noida,2023-10-04,10,0.61,31.48,402.5,1
noida,2023-10-05,10,0.8,32.43,419.4,1
noida,2023-10-06,10,3.84,34.03,435.9,1
noida,2023-10-07,10,3.62,33.35,443.8,1
noida,2023-10-08,10,3.33,34.14,460.9,1
noida,2023-10-09,10,0.4,32.77,419.3,1
noida,2023-10-10,10,1.43,28.88,399.6,0
noida,2023-10-11,10,1.15,32.79,404.8,1
noida,2023-10-12,10,1.36,32.7,429.2,1
noida,2023-10-13,10,0.45,29.57,461.7,1
noida,2023-10-14,10,2.19,32.95,458.0,1
noida,2023-10-15,10,4.91,33.12,383.2,0
noida,2023-10-16,10,1.42,33.31,392.8,0
noida,2023-10-17,10,0.63,29.47,406.4,1
noida,2023-10-18,10,1.2,32.21,456.0,1
noida,2023-10-19,10,0.8,30.61,390.1,0
noida,2023-10-20,10,1.2,32.03,439.6,1
noida,2023-10-21,10,6.58,35.49,410.6,1
noida,2023-10-22,10,1.39,32.43,429.7,1
noida,2023-10-23,10,1.94,28.07,375.4,0
noida,2023-10-24,10,0.5,31.35,462.6,1
noida,2023-10-25,10,2.01,31.44,395.1,0
noida,2023-10-26,10,0.38,35.52,464.7,1
noida,2023-10-27,10,0.95,31.01,400.9,1
noida,2023-10-28,10,2.0,32.34,405.8,1
noida,2023-10-29,10,1.75,34.58,451.4,1
noida,2023-10-30,10,0.77,32.26,417.8,1
noida,2023-10-31,10,2.73,33.04,404.4,1
noida,2023-11-01,11,0.13,31.98,518.5,1
noida,2023-11-02,11,0.46,34.63,540.6,1
noida,2023-11-03,11,0.08,29.61,579.7,1
noida,2023-11-04,11,1.46,34.52,490.9,1
noida,2023-11-05,11,1.91,33.32,582.5,1
noida,2023-11-06,11,0.73,30.55,519.7,1
noida,2023-11-07,11,3.23,34.15,573.5,1
noida,2023-11-08,11,1.22,34.5,583.6,1
noida,2023-11-09,11,1.18,38.28,539.2,1
noida,2023-11-10,11,1.86,33.06,557.0,1
noida,2023-11-11,11,2.72,31.1,585.3,1
noida,2023-11-12,11,2.86,29.51,563.2,1
noida,2023-11-13,11,1.1,32.23,594.6,1
noida,2023-11-14,11,0.19,29.6,519.9,1
noida,2023-11-15,11,1.24,32.76,553.2,1
noida,2023-11-16,11,3.16,32.2,606.0,1
noida,2023-11-17,11,3.38,34.19,555.1,1
noida,2023-11-18,11,0.85,29.76,561.4,1
noida,2023-11-19,11,0.3,31.83,534.9,1
noida,2023-11-20,11,2.27,32.09,540.8,1
noida,2023-11-21,11,1.34,31.76,588.8,1
noida,2023-11-22,11,0.58,31.73,576.2,1
noida,2023-11-23,11,3.46,32.81,556.0,1
noida,2023-11-24,11,1.46,32.72,570.6,1
noida,2023-11-25,11,3.88,29.51,512.9,1
noida,2023-11-26,11,2.06,30.19,578.8,1
noida,2023-11-27,11,0.12,28.99,551.1,1
noida,2023-11-28,11,4.51,30.27,537.0,1
noida,2023-11-29,11,1.74,31.6,588.5,1
noida,2023-11-30,11,2.62,33.41,551.1,1
noida,2023-12-01,12,1.55,21.82,693.8,1
noida,2023-12-02,12,0.51,20.69,722.0,1
noida,2023-12-03,12,0.29,21.75,709.9,1
noida,2023-12-04,12,2.64,25.72,654.2,1
noida,2023-12-05,12,0.64,22.95,706.7,1
noida,2023-12-06,12,1.13,25.98,673.0,1
noida,2023-12-07,12,0.91,21.67,687.2,1
noida,2023-12-08,12,3.32,21.93,728.6,1
noida,2023-12-09,12,2.0,22.29,695.9,1
noida,2023-12-10,12,0.12,23.57,711.1,1
noida,2023-12-11,12,1.17,23.04,706.5,1
noida,2023-12-12,12,0.36,23.58,703.1,1
noida,2023-12-13,12,1.26,20.28,726.4,1
noida,2023-12-14,12,1.24,22.26,691.7,1
noida,2023-12-15,12,0.25,23.13,684.1,1
noida,2023-12-16,12,1.82,22.65,714.9,1
noida,2023-12-17,12,0.09,22.33,723.1,1
noida,2023-12-18,12,1.87,23.54,689.2,1
noida,2023-12-19,12,0.25,27.81,726.3,1
noida,2023-12-20,12,2.54,23.99,700.9,1
noida,2023-12-21,12,0.97,23.86,707.8,1
noida,2023-12-22,12,2.28,20.52,714.4,1
noida,2023-12-23,12,0.51,22.79,721.1,1
noida,2023-12-24,12,0.92,19.44,713.0,1
noida,2023-12-25,12,1.22,25.33,696.3,1
noida,2023-12-26,12,1.16,21.26,677.3,1
noida,2023-12-27,12,0.21,25.49,707.3,1
noida,2023-12-28,12,0.09,23.41,702.6,1
noida,2023-12-29,12,0.61,24.02,673.5,1
noida,2023-12-30,12,1.1,22.17,628.1,1
noida,2023-12-31,12,0.63,21.46,697.0,1
noida,2024-01-01,1,0.86,19.76,728.5,1
noida,2024-01-02,1,1.33,20.82,756.3,1
noida,2024-01-03,1,0.51,16.95,751.8,1
noida,2024-01-04,1,3.4,21.08,801.7,1
noida,2024-01-05,1,0.1,25.58,811.6,1
noida,2024-01-06,1,0.99,21.54,812.2,1
noida,2024-01-07,1,2.87,23.65,756.1,1
noida,2024-01-08,1,1.24,20.95,814.9,1
noida,2024-01-09,1,1.5,22.07,798.9,1
noida,2024-01-10,1,1.77,21.91,727.1,1
noida,2024-01-11,1,1.46,18.65,754.3,1
noida,2024-01-12,1,2.55,23.47,750.7,1
noida,2024-01-13,1,2.52,19.34,823.6,1
noida,2024-01-14,1,0.34,21.43,768.3,1
noida,2024-01-15,1,0.86,19.68,799.0,1
noida,2024-01-16,1,0.24,19.54,793.3,1
noida,2024-01-17,1,1.22,18.9,827.6,1
noida,2024-01-18,1,0.36,19.73,809.4,1
noida,2024-01-19,1,0.7,16.65,805.0,1
noida,2024-01-20,1,0.54,15.69,823.0,1
noida,2024-01-21,1,2.54,22.34,816.3,1
noida,2024-01-22,1,0.55,20.28,845.8,1
noida,2024-01-23,1,1.0,20.54,799.0,1
noida,2024-01-24,1,2.27,21.36,808.4,1
noida,2024-01-25,1,1.21,18.91,789.1,1
noida,2024-01-26,1,1.73,21.7,760.4,1
noida,2024-01-27,1,0.8,17.52,802.3,1
noida,2024-01-28,1,1.27,20.33,769.4,1
noida,2024-01-29,1,1.24,20.65,761.4,1
noida,2024-01-30,1,1.2,20.89,744.9,1
noida,2024-01-31,1,0.42,23.08,796.1,1
noida,2024-02-01,2,1.61,21.46,275.5,0
noida,2024-02-02,2,2.1,21.55,297.2,0
noida,2024-02-03,2,1.39,18.79,257.7,0
noida,2024-02-04,2,1.92,21.6,299.8,0
noida,2024-02-05,2,0.35,22.14,258.5,0
noida,2024-02-06,2,2.29,23.33,281.2,0
noida,2024-02-07,2,3.2,23.29,287.4,0
noida,2024-02-08,2,0.14,22.07,267.7,0
noida,2024-02-09,2,1.68,25.69,302.4,0
noida,2024-02-10,2,0.9,26.67,331.1,0
noida,2024-02-11,2,2.01,25.73,315.5,0
noida,2024-02-12,2,2.5,25.53,226.7,0
noida,2024-02-13,2,1.6,19.58,264.4,0
noida,2024-02-14,2,0.88,25.76,277.3,0
noida,2024-02-15,2,0.4,26.94,223.7,0
noida,2024-02-16,2,0.59,26.13,284.8,0
noida,2024-02-17,2,0.62,19.75,298.5,0
noida,2024-02-18,2,0.68,22.05,244.6,0
noida,2024-02-19,2,1.02,23.65,302.7,0
noida,2024-02-20,2,1.19,23.18,278.2,0
noida,2024-02-21,2,1.29,22.8,285.6,0
noida,2024-02-22,2,0.88,22.75,295.8,0
noida,2024-02-23,2,1.32,27.96,284.0,0
noida,2024-02-24,2,0.49,22.55,214.5,0
noida,2024-02-25,2,3.25,21.02,330.0,0
noida,2024-02-26,2,1.85,22.33,323.4,0
noida,2024-02-27,2,1.32,19.5,258.1,0
noida,2024-02-28,2,0.98,22.46,283.4,0
noida,2024-02-29,2,0.79,25.4,290.9,0
noida,2024-03-01,3,0.97,31.65,280.2,0
noida,2024-03-02,3,2.97,29.21,274.2,0
noida,2024-03-03,3,0.29,31.73,270.5,0
noida,2024-03-04,3,0.94,31.45,268.5,0
noida,2024-03-05,3,2.7,32.56,268.1,0
noida,2024-03-06,3,0.31,31.23,299.0,0
noida,2024-03-07,3,0.59,29.64,296.7,0
noida,2024-03-08,3,0.97,33.74,262.4,0
noida,2024-03-09,3,0.43,33.74,324.0,0
noida,2024-03-10,3,1.2,34.78,305.2,0
noida,2024-03-11,3,2.33,30.24,323.6,0
noida,2024-03-12,3,1.31,31.14,281.3,0
noida,2024-03-13,3,0.73,30.25,275.9,0
noida,2024-03-14,3,3.01,32.19,284.8,0
noida,2024-03-15,3,2.89,30.24,233.9,0
noida,2024-03-16,3,0.27,32.24,354.9,0
noida,2024-03-17,3,2.71,34.46,278.1,0
noida,2024-03-18,3,1.18,30.78,260.0,0
noida,2024-03-19,3,1.9,33.66,327.8,0
noida,2024-03-20,3,0.1,35.1,306.1,0
noida,2024-03-21,3,1.61,32.66,250.0,0
noida,2024-03-22,3,1.14,31.02,271.4,0
noida,2024-03-23,3,1.58,35.69,287.8,0
noida,2024-03-24,3,0.34,34.02,285.7,0
noida,2024-03-25,3,5.13,34.19,269.3,0
noida,2024-03-26,3,1.36,31.29,294.4,0
noida,2024-03-27,3,0.38,29.67,276.8,0
noida,2024-03-28,3,0.63,32.93,293.8,0
noida,2024-03-29,3,0.45,31.9,276.6,0
noida,2024-03-30,3,1.6,32.81,264.8,0
noida,2024-03-31,3,1.27,31.58,274.5,0
noida,2024-04-01,4,0.79,38.72,236.0,0
noida,2024-04-02,4,0.73,41.27,283.4,0
noida,2024-04-03,4,1.38,36.33,218.2,0
noida,2024-04-04,4,2.96,35.82,269.1,0
noida,2024-04-05,4,2.05,41.4,272.6,0
noida,2024-04-06,4,0.8,40.18,263.9,0
noida,2024-04-07,4,5.31,36.22,246.5,0
noida,2024-04-08,4,0.83,38.5,257.4,0
noida,2024-04-09,4,4.35,38.27,280.5,0
noida,2024-04-10,4,0.82,38.83,331.4,0
noida,2024-04-11,4,0.52,37.75,265.3,0
noida,2024-04-12,4,0.28,37.32,315.9,0
noida,2024-04-13,4,0.5,38.26,295.4,0
noida,2024-04-14,4,2.87,36.26,296.4,0
noida,2024-04-15,4,1.4,41.49,279.7,0
noida,2024-04-16,4,1.35,41.66,278.7,0
noida,2024-04-17,4,1.42,35.95,247.5,0
noida,2024-04-18,4,0.55,40.87,281.5,0
noida,2024-04-19,4,1.63,40.36,304.5,0
noida,2024-04-20,4,1.25,40.25,297.7,0
noida,2024-04-21,4,1.59,38.06,227.2,0
noida,2024-04-22,4,1.19,38.51,292.7,0
noida,2024-04-23,4,0.82,35.08,259.1,0
noida,2024-04-24,4,2.19,35.87,343.9,0
noida,2024-04-25,4,0.82,39.66,311.4,0
noida,2024-04-26,4,6.38,38.02,286.7,0
noida,2024-04-27,4,1.23,40.65,296.3,0
noida,2024-04-28,4,0.91,39.88,300.8,0
noida,2024-04-29,4,0.44,37.83,281.8,0
noida,2024-04-30,4,0.26,36.59,268.9,0
noida,2024-05-01,5,3.25,43.48,266.4,1
noida,2024-05-02,5,1.55,42.13,251.9,1
noida,2024-05-03,5,0.31,43.34,279.2,1
noida,2024-05-04,5,0.26,41.33,268.8,0
noida,2024-05-05,5,3.06,44.61,287.8,1
noida,2024-05-06,5,2.18,39.39,232.6,0
noida,2024-05-07,5,0.56,42.4,280.2,1
noida,2024-05-08,5,0.95,41.93,271.6,0
noida,2024-05-09,5,3.11,43.46,286.0,1
noida,2024-05-10,5,2.8,43.85,309.0,1
noida,2024-05-11,5,1.33,48.04,263.5,1
noida,2024-05-12,5,1.01,42.81,277.1,1
noida,2024-05-13,5,0.96,42.11,282.8,1
noida,2024-05-14,5,0.35,43.94,313.9,1
noida,2024-05-15,5,1.47,44.61,325.2,1
noida,2024-05-16,5,0.57,46.77,254.9,1
noida,2024-05-17,5,1.8,42.68,281.0,1
noida,2024-05-18,5,1.26,45.48,283.0,1
noida,2024-05-19,5,0.18,47.04,277.8,1
noida,2024-05-20,5,0.92,40.71,319.0,0
noida,2024-05-21,5,0.75,40.87,314.1,0
noida,2024-05-22,5,1.99,43.71,221.6,1
noida,2024-05-23,5,2.75,46.13,271.2,1
noida,2024-05-24,5,1.45,42.86,331.8,1
noida,2024-05-25,5,0.33,38.66,228.8,0
noida,2024-05-26,5,2.31,44.48,257.8,1
noida,2024-05-27,5,1.67,46.02,292.6,1
noida,2024-05-28,5,2.2,43.23,283.5,1
noida,2024-05-29,5,2.79,45.83,234.9,1
noida,2024-05-30,5,1.19,43.02,269.5,1
noida,2024-05-31,5,0.31,41.43,267.2,0
noida,2024-06-01,6,32.46,37.48,296.1,0
noida,2024-06-02,6,36.04,37.23,286.7,0
noida,2024-06-03,6,26.67,37.67,288.3,0
noida,2024-06-04,6,6.24,38.73,289.9,0
noida,2024-06-05,6,3.2,39.13,265.1,0
noida,2024-06-06,6,9.74,37.69,258.9,0
noida,2024-06-07,6,5.57,38.25,251.4,0
noida,2024-06-08,6,36.46,35.72,292.6,0
noida,2024-06-09,6,1.84,36.75,247.6,0
noida,2024-06-10,6,19.06,39.8,269.2,0
noida,2024-06-11,6,4.67,36.39,276.3,0
noida,2024-06-12,6,11.62,37.88,254.1,0
noida,2024-06-13,6,24.24,35.52,327.7,0
noida,2024-06-14,6,2.73,40.06,282.1,0
noida,2024-06-15,6,18.07,36.66,265.4,0
noida,2024-06-16,6,21.9,36.18,289.5,0
noida,2024-06-17,6,1.11,38.62,253.9,0
noida,2024-06-18,6,17.07,38.25,261.0,0
noida,2024-06-19,6,5.71,37.78,236.0,0
noida,2024-06-20,6,11.07,33.96,245.5,0
noida,2024-06-21,6,20.98,35.81,257.7,0
noida,2024-06-22,6,40.63,37.53,315.4,1
noida,2024-06-23,6,6.95,38.63,325.7,0
noida,2024-06-24,6,18.29,40.42,232.9,0
noida,2024-06-25,6,11.41,37.7,283.0,0
noida,2024-06-26,6,11.48,38.83,291.5,0
noida,2024-06-27,6,18.31,39.23,263.7,0
noida,2024-06-28,6,24.09,39.37,327.7,0
noida,2024-06-29,6,20.47,38.1,267.1,0
noida,2024-06-30,6,27.25,36.43,312.2,0
noida,2024-07-01,7,21.48,33.32,241.3,0
noida,2024-07-02,7,8.19,32.57,240.3,0
noida,2024-07-03,7,18.87,30.91,302.3,0
noida,2024-07-04,7,2.47,29.18,267.0,0
noida,2024-07-05,7,14.93,31.57,293.8,0
noida,2024-07-06,7,16.73,31.72,266.9,0
noida,2024-07-07,7,3.11,34.29,257.1,0
noida,2024-07-08,7,3.57,27.77,259.4,0
noida,2024-07-09,7,25.3,31.71,315.3,0
noida,2024-07-10,7,5.06,34.12,269.9,0
noida,2024-07-11,7,5.79,32.22,308.4,0
noida,2024-07-12,7,43.8,33.98,301.5,0
noida,2024-07-13,7,27.15,33.99,304.3,0
noida,2024-07-14,7,10.04,36.67,301.8,0
noida,2024-07-15,7,23.62,32.52,293.7,0
noida,2024-07-16,7,12.66,32.4,317.2,0
noida,2024-07-17,7,5.42,32.15,250.2,0
noida,2024-07-18,7,44.41,31.47,334.1,0
noida,2024-07-19,7,14.75,34.7,248.2,0
noida,2024-07-20,7,22.91,31.05,262.0,0
noida,2024-07-21,7,21.69,31.68,296.3,0
noida,2024-07-22,7,32.08,32.38,328.4,0
noida,2024-07-23,7,45.74,28.28,324.8,0
noida,2024-07-24,7,11.51,34.85,327.6,0
noida,2024-07-25,7,6.22,31.13,224.9,0
noida,2024-07-26,7,14.08,29.15,293.1,0
noida,2024-07-27,7,16.54,32.98,309.7,0
noida,2024-07-28,7,21.18,30.71,276.7,0
noida,2024-07-29,7,17.55,30.76,318.8,0
noida,2024-07-30,7,17.16,33.77,283.9,0
noida,2024-07-31,7,55.59,32.57,245.0,1
noida,2024-08-01,8,7.71,33.51,287.4,0
noida,2024-08-02,8,25.79,34.81,252.8,0
noida,2024-08-03,8,17.47,32.2,319.7,0
noida,2024-08-04,8,10.56,31.02,314.2,0
noida,2024-08-05,8,11.89,31.48,246.3,0
noida,2024-08-06,8,19.94,30.92,275.3,0
noida,2024-08-07,8,17.87,31.19,270.1,0
noida,2024-08-08,8,24.06,30.17,289.9,0
noida,2024-08-09,8,26.9,29.79,284.5,0
noida,2024-08-10,8,32.41,34.12,301.1,0
noida,2024-08-11,8,21.46,30.54,259.0,0
noida,2024-08-12,8,12.51,33.59,246.3,0
noida,2024-08-13,8,17.64,30.47,277.2,0
noida,2024-08-14,8,42.08,30.79,252.2,0
noida,2024-08-15,8,10.06,31.99,268.6,0
noida,2024-08-16,8,14.97,32.35,269.9,0
noida,2024-08-17,8,6.5,31.19,309.3,0
noida,2024-08-18,8,8.68,30.65,310.2,0
noida,2024-08-19,8,22.0,30.23,257.1,0
noida,2024-08-20,8,30.45,32.95,266.4,0
noida,2024-08-21,8,39.2,35.44,242.9,0
noida,2024-08-22,8,30.11,31.72,241.4,0
noida,2024-08-23,8,18.34,30.43,292.5,0
noida,2024-08-24,8,24.86,31.19,238.9,0
noida,2024-08-25,8,16.5,28.52,259.9,0
noida,2024-08-26,8,25.31,32.71,260.0,0
noida,2024-08-27,8,16.33,30.0,264.9,0
noida,2024-08-28,8,9.57,31.68,230.7,0
noida,2024-08-29,8,44.56,32.32,213.3,0
noida,2024-08-30,8,15.24,32.43,275.2,0
noida,2024-08-31,8,8.78,32.76,277.7,0
noida,2024-09-01,9,1.18,32.21,275.0,0
noida,2024-09-02,9,5.44,33.26,319.2,0
noida,2024-09-03,9,6.58,30.63,282.9,0
noida,2024-09-04,9,5.27,31.35,284.3,0
noida,2024-09-05,9,1.24,33.6,258.4,0
noida,2024-09-06,9,25.54,33.66,280.9,0
noida,2024-09-07,9,5.72,30.79,273.2,0
noida,2024-09-08,9,9.76,32.39,283.3,0
noida,2024-09-09,9,8.52,31.26,320.1,0
noida,2024-09-10,9,18.73,30.41,284.6,0
noida,2024-09-11,9,8.68,32.81,319.9,0
noida,2024-09-12,9,4.17,29.74,266.3,0
noida,2024-09-13,9,5.46,34.63,287.5,0
noida,2024-09-14,9,13.61,34.33,281.7,0
noida,2024-09-15,9,15.88,28.97,302.5,0
noida,2024-09-16,9,20.4,31.82,225.3,0
noida,2024-09-17,9,5.46,33.41,272.9,0
noida,2024-09-18,9,10.47,29.49,258.8,0
noida,2024-09-19,9,11.91,31.11,264.5,0
noida,2024-09-20,9,12.18,34.96,251.9,0
noida,2024-09-21,9,3.02,36.64,248.2,0
noida,2024-09-22,9,13.95,28.93,287.4,0
noida,2024-09-23,9,6.6,31.92,314.3,0
noida,2024-09-24,9,14.7,30.02,334.4,0
noida,2024-09-25,9,6.8,30.55,251.4,0
noida,2024-09-26,9,6.55,29.78,262.6,0
noida,2024-09-27,9,8.49,33.04,295.5,0
noida,2024-09-28,9,5.72,28.0,308.7,0
noida,2024-09-29,9,4.55,34.94,264.7,0
noida,2024-09-30,9,4.27,26.49,308.4,0
noida,2024-10-01,10,0.33,34.12,440.8,1
noida,2024-10-02,10,1.25,32.19,431.6,1
noida,2024-10-03,10,1.57,33.08,413.3,1
noida,2024-10-04,10,1.58,32.72,428.7,1
noida,2024-10-05,10,1.36,34.68,459.7,1
noida,2024-10-06,10,0.38,27.96,404.7,1
noida,2024-10-07,10,0.18,34.85,433.7,1
noida,2024-10-08,10,2.22,34.65,412.8,1
noida,2024-10-09,10,1.91,28.96,462.0,1
noida,2024-10-10,10,3.41,31.18,409.7,1
noida,2024-10-11,10,3.02,32.47,399.3,0
noida,2024-10-12,10,2.65,32.51,396.3,0
noida,2024-10-13,10,1.16,32.3,398.5,0
noida,2024-10-14,10,2.92,31.95,451.0,1
noida,2024-10-15,10,1.17,28.16,482.7,1
noida,2024-10-16,10,1.63,32.72,385.6,0
noida,2024-10-17,10,1.51,31.18,433.1,1
noida,2024-10-18,10,0.79,28.16,393.0,0
noida,2024-10-19,10,2.71,31.61,477.6,1
noida,2024-10-20,10,3.79,34.18,446.6,1
noida,2024-10-21,10,1.52,32.55,386.8,0
noida,2024-10-22,10,0.21,31.02,466.3,1
noida,2024-10-23,10,1.31,32.69,426.2,1
noida,2024-10-24,10,3.88,34.66,521.4,1
noida,2024-10-25,10,1.77,30.58,447.2,1
noida,2024-10-26,10,0.7,35.11,379.3,0
noida,2024-10-27,10,3.27,35.21,442.3,1
noida,2024-10-28,10,4.92,26.93,451.0,1
noida,2024-10-29,10,0.69,30.14,362.5,0
noida,2024-10-30,10,0.66,33.15,408.9,1
noida,2024-10-31,10,1.45,33.04,430.5,1
noida,2024-11-01,11,1.46,35.5,557.5,1
noida,2024-11-02,11,1.32,32.15,555.1,1
noida,2024-11-03,11,2.35,32.02,561.3,1
noida,2024-11-04,11,3.05,34.36,577.5,1
noida,2024-11-05,11,0.28,31.32,582.5,1
noida,2024-11-06,11,2.59,32.29,469.7,1
noida,2024-11-07,11,0.49,31.27,553.8,1
noida,2024-11-08,11,0.89,33.58,594.9,1
noida,2024-11-09,11,1.1,33.17,613.4,1
noida,2024-11-10,11,2.59,33.4,511.5,1
noida,2024-11-11,11,3.05,33.84,535.2,1
noida,2024-11-12,11,1.59,34.19,589.6,1
noida,2024-11-13,11,0.33,33.42,561.3,1
noida,2024-11-14,11,2.59,31.83,502.9,1
noida,2024-11-15,11,1.18,33.55,566.8,1
noida,2024-11-16,11,0.42,32.04,535.5,1
noida,2024-11-17,11,2.8,33.71,487.3,1
noida,2024-11-18,11,0.9,29.77,493.0,1
noida,2024-11-19,11,0.68,31.23,563.0,1
noida,2024-11-20,11,1.21,33.48,567.9,1
noida,2024-11-21,11,0.65,34.48,581.0,1
noida,2024-11-22,11,0.49,32.6,595.9,1
noida,2024-11-23,11,2.07,34.19,547.5,1
noida,2024-11-24,11,0.67,33.81,501.3,1
noida,2024-11-25,11,0.77,30.9,525.7,1
noida,2024-11-26,11,1.06,30.53,616.0,1
noida,2024-11-27,11,1.01,30.23,559.1,1
noida,2024-11-28,11,1.8,32.97,524.0,1
noida,2024-11-29,11,0.68,30.76,580.6,1
noida,2024-11-30,11,0.57,28.78,531.0,1
noida,2024-12-01,12,0.91,20.07,742.6,1
noida,2024-12-02,12,0.3,22.98,682.2,1
noida,2024-12-03,12,4.74,24.54,735.3,1
noida,2024-12-04,12,0.88,25.59,680.1,1
noida,2024-12-05,12,1.12,22.9,682.0,1
noida,2024-12-06,12,1.29,21.85,652.8,1
noida,2024-12-07,12,1.04,26.69,709.5,1
noida,2024-12-08,12,1.74,20.96,750.6,1
noida,2024-12-09,12,0.47,21.62,745.5,1
noida,2024-12-10,12,0.54,22.03,704.1,1
noida,2024-12-11,12,2.79,23.36,707.6,1
noida,2024-12-12,12,4.16,22.65,701.8,1
noida,2024-12-13,12,3.8,23.04,673.9,1
noida,2024-12-14,12,1.55,23.64,686.9,1
noida,2024-12-15,12,3.47,17.61,713.5,1
noida,2024-12-16,12,1.83,21.26,746.0,1
noida,2024-12-17,12,1.61,21.31,745.9,1
noida,2024-12-18,12,1.88,22.37,703.8,1
noida,2024-12-19,12,0.51,21.14,700.9,1
noida,2024-12-20,12,1.76,20.37,772.9,1
noida,2024-12-21,12,0.36,21.87,718.4,1
noida,2024-12-22,12,3.08,25.31,744.0,1
noida,2024-12-23,12,4.23,20.9,695.0,1
noida,2024-12-24,12,3.55,23.74,699.0,1
noida,2024-12-25,12,0.78,23.38,708.1,1
noida,2024-12-26,12,3.06,20.05,667.6,1
noida,2024-12-27,12,1.62,23.13,726.7,1
noida,2024-12-28,12,0.72,22.54,656.3,1
noida,2024-12-29,12,0.55,21.96,652.9,1
noida,2024-12-30,12,2.39,18.85,680.9,1
noida,2024-12-31,12,2.09,22.66,707.6,1
noida,2025-01-01,1,0.83,17.46,765.9,1
noida,2025-01-02,1,2.13,21.92,749.6,1
noida,2025-01-03,1,3.35,20.08,805.2,1
noida,2025-01-04,1,2.25,24.4,786.9,1
noida,2025-01-05,1,1.66,19.96,811.3,1
noida,2025-01-06,1,3.45,21.68,829.3,1
noida,2025-01-07,1,1.55,21.4,761.7,1
noida,2025-01-08,1,0.78,22.84,783.1,1
noida,2025-01-09,1,1.47,21.96,748.4,1
noida,2025-01-10,1,0.52,14.59,790.8,1
noida,2025-01-11,1,0.59,20.23,805.6,1
noida,2025-01-12,1,0.09,20.03,776.6,1
noida,2025-01-13,1,2.52,21.8,764.0,1
noida,2025-01-14,1,0.41,20.97,779.2,1
noida,2025-01-15,1,0.8,20.45,798.5,1
noida,2025-01-16,1,1.65,20.92,812.2,1
noida,2025-01-17,1,1.76,18.8,820.9,1
noida,2025-01-18,1,0.99,18.86,775.7,1
noida,2025-01-19,1,2.92,20.69,723.7,1
noida,2025-01-20,1,4.18,20.96,775.0,1
noida,2025-01-21,1,2.08,22.12,779.1,1
noida,2025-01-22,1,2.37,20.05,774.4,1
noida,2025-01-23,1,2.9,23.83,774.5,1
noida,2025-01-24,1,0.96,22.83,777.8,1
noida,2025-01-25,1,1.48,22.72,791.6,1
noida,2025-01-26,1,2.22,22.79,806.6,1
noida,2025-01-27,1,0.34,22.44,749.1,1
noida,2025-01-28,1,1.16,20.8,746.6,1
noida,2025-01-29,1,1.06,17.55,802.1,1
noida,2025-01-30,1,0.53,24.34,775.6,1
noida,2025-01-31,1,1.24,22.4,765.2,1
noida,2025-02-01,2,2.38,21.47,288.4,0
noida,2025-02-02,2,0.08,18.93,245.2,0
noida,2025-02-03,2,2.08,24.12,301.1,0
noida,2025-02-04,2,0.57,22.79,309.3,0
noida,2025-02-05,2,0.67,27.47,244.6,0
noida,2025-02-06,2,3.34,21.88,248.8,0
noida,2025-02-07,2,0.7,24.26,294.2,0
noida,2025-02-08,2,0.8,26.63,304.5,0
noida,2025-02-09,2,1.11,20.69,243.9,0
noida,2025-02-10,2,0.92,25.9,234.8,0
noida,2025-02-11,2,0.86,21.43,263.8,0
noida,2025-02-12,2,1.01,22.74,300.5,0
noida,2025-02-13,2,1.28,22.87,271.3,0
noida,2025-02-14,2,0.81,25.13,273.0,0
noida,2025-02-15,2,1.78,24.05,307.5,0
noida,2025-02-16,2,0.33,24.03,273.9,0
noida,2025-02-17,2,0.11,23.57,224.1,0
noida,2025-02-18,2,0.12,22.18,271.8,0
noida,2025-02-19,2,3.63,24.7,294.7,0
noida,2025-02-20,2,2.0,23.12,305.2,0
noida,2025-02-21,2,0.47,22.57,304.8,0
noida,2025-02-22,2,1.95,26.55,308.2,0
noida,2025-02-23,2,2.03,23.23,199.9,0
noida,2025-02-24,2,0.92,24.26,307.3,0
noida,2025-02-25,2,0.62,23.57,275.0,0
noida,2025-02-26,2,5.34,20.39,314.5,0
noida,2025-02-27,2,0.61,21.0,280.5,0
noida,2025-02-28,2,1.75,24.39,279.4,0
noida,2025-03-01,3,0.35,29.82,240.2,0
noida,2025-03-02,3,1.61,36.75,314.9,0
noida,2025-03-03,3,3.05,31.65,300.4,0
noida,2025-03-04,3,1.67,31.88,267.7,0
noida,2025-03-05,3,1.82,28.82,251.7,0
noida,2025-03-06,3,1.28,34.05,275.0,0
noida,2025-03-07,3,1.19,33.2,243.5,0
noida,2025-03-08,3,0.88,29.67,336.0,0
noida,2025-03-09,3,1.65,32.86,284.7,0
noida,2025-03-10,3,0.65,29.57,296.6,0
noida,2025-03-11,3,2.56,31.08,290.3,0
noida,2025-03-12,3,1.36,31.93,292.8,0
noida,2025-03-13,3,0.62,33.7,261.7,0
noida,2025-03-14,3,2.38,29.81,302.6,0
noida,2025-03-15,3,2.41,32.8,254.8,0
noida,2025-03-16,3,1.64,31.07,280.7,0
noida,2025-03-17,3,0.54,29.4,260.9,0
noida,2025-03-18,3,0.77,31.84,300.7,0
noida,2025-03-19,3,1.11,29.08,258.8,0
noida,2025-03-20,3,1.09,32.33,226.6,0
noida,2025-03-21,3,1.27,31.35,280.1,0
noida,2025-03-22,3,2.2,31.26,276.1,0
noida,2025-03-23,3,0.48,32.17,311.5,0
noida,2025-03-24,3,0.64,31.3,325.2,0
noida,2025-03-25,3,2.57,31.58,355.1,0
noida,2025-03-26,3,0.76,31.19,304.0,0
noida,2025-03-27,3,1.89,32.42,365.1,0
noida,2025-03-28,3,0.97,32.66,255.9,0
noida,2025-03-29,3,0.67,29.27,293.1,0
noida,2025-03-30,3,1.6,29.85,260.7,0
noida,2025-03-31,3,1.62,33.21,294.9,0
noida,2025-04-01,4,0.44,37.2,301.2,0
noida,2025-04-02,4,1.93,36.97,276.2,0
noida,2025-04-03,4,1.04,37.74,297.4,0
noida,2025-04-04,4,1.55,37.55,262.4,0
noida,2025-04-05,4,1.61,39.97,263.5,0
noida,2025-04-06,4,2.02,41.21,289.8,0
noida,2025-04-07,4,0.61,37.04,291.8,0
noida,2025-04-08,4,0.77,40.57,281.1,0
noida,2025-04-09,4,0.69,39.32,310.7,0
noida,2025-04-10,4,0.75,41.02,276.6,0
noida,2025-04-11,4,2.97,37.63,291.6,0
noida,2025-04-12,4,0.79,40.69,308.2,0
noida,2025-04-13,4,2.54,39.45,284.8,0
noida,2025-04-14,4,2.36,40.16,280.6,0
noida,2025-04-15,4,2.2,36.29,291.7,0
noida,2025-04-16,4,0.64,39.35,297.6,0
noida,2025-04-17,4,1.15,36.09,332.4,0
noida,2025-04-18,4,0.74,37.87,226.6,0
noida,2025-04-19,4,1.25,38.44,293.9,0
noida,2025-04-20,4,0.81,40.71,205.6,0
noida,2025-04-21,4,0.66,39.33,285.5,0
noida,2025-04-22,4,1.46,40.9,307.8,0
noida,2025-04-23,4,0.22,38.07,234.2,0
noida,2025-04-24,4,1.07,36.03,331.6,0
noida,2025-04-25,4,1.57,37.47,318.5,0
noida,2025-04-26,4,4.27,42.79,299.0,1
noida,2025-04-27,4,1.5,37.19,288.5,0
noida,2025-04-28,4,2.3,40.46,235.2,0
noida,2025-04-29,4,0.64,36.16,296.1,0
noida,2025-04-30,4,2.53,38.41,301.7,0
noida,2025-05-01,5,1.76,42.87,267.1,1
noida,2025-05-02,5,1.34,40.38,275.8,0
noida,2025-05-03,5,1.77,44.55,241.2,1
noida,2025-05-04,5,1.24,46.17,258.0,1
noida,2025-05-05,5,1.26,45.06,276.6,1
noida,2025-05-06,5,2.67,44.07,278.7,1
noida,2025-05-07,5,1.77,45.77,264.7,1
noida,2025-05-08,5,0.46,43.51,316.6,1
noida,2025-05-09,5,1.44,43.86,265.0,1
noida,2025-05-10,5,2.46,44.65,319.5,1
noida,2025-05-11,5,2.08,43.83,241.5,1
noida,2025-05-12,5,1.44,43.97,249.9,1
noida,2025-05-13,5,2.27,42.37,277.7,1
noida,2025-05-14,5,0.18,44.43,260.7,1
noida,2025-05-15,5,0.3,43.17,330.2,1
noida,2025-05-16,5,1.04,42.02,236.8,1
noida,2025-05-17,5,1.17,44.25,319.3,1
noida,2025-05-18,5,1.55,45.64,286.3,1
noida,2025-05-19,5,1.89,48.5,291.5,1
noida,2025-05-20,5,0.76,42.75,279.8,1
noida,2025-05-21,5,0.41,43.37,286.6,1
noida,2025-05-22,5,3.72,43.76,275.9,1
noida,2025-05-23,5,4.29,42.27,282.1,1
noida,2025-05-24,5,0.2,43.37,295.6,1
noida,2025-05-25,5,1.02,41.67,281.1,0
noida,2025-05-26,5,0.23,40.08,296.5,0
noida,2025-05-27,5,2.25,41.99,259.0,0
noida,2025-05-28,5,3.99,40.37,252.8,0
noida,2025-05-29,5,0.23,44.15,279.6,1
noida,2025-05-30,5,1.96,43.22,247.7,1
noida,2025-05-31,5,0.59,44.86,265.4,1
noida,2025-06-01,6,4.69,43.21,312.9,1
noida,2025-06-02,6,27.25,35.62,252.6,0
noida,2025-06-03,6,8.94,38.13,207.9,0
noida,2025-06-04,6,5.5,41.77,303.4,0
noida,2025-06-05,6,5.43,33.9,284.2,0
noida,2025-06-06,6,18.59,39.58,326.2,0
noida,2025-06-07,6,3.44,39.98,269.6,0
noida,2025-06-08,6,12.54,41.25,234.5,0
noida,2025-06-09,6,6.08,37.6,328.8,0
noida,2025-06-10,6,22.46,40.32,291.3,0
noida,2025-06-11,6,9.3,42.1,291.1,1
noida,2025-06-12,6,36.42,39.7,234.1,0
noida,2025-06-13,6,4.73,38.17,255.2,0
noida,2025-06-14,6,12.54,39.59,306.4,0
noida,2025-06-15,6,3.07,38.53,294.0,0
noida,2025-06-16,6,12.41,42.19,332.4,1
noida,2025-06-17,6,24.32,36.47,255.2,0
noida,2025-06-18,6,4.57,35.76,324.0,0
noida,2025-06-19,6,16.64,36.35,294.8,0
noida,2025-06-20,6,18.36,41.75,297.6,0
noida,2025-06-21,6,13.05,40.73,287.5,0
noida,2025-06-22,6,2.82,36.41,237.9,0
noida,2025-06-23,6,17.07,39.08,319.9,0
noida,2025-06-24,6,14.63,42.63,272.1,1
noida,2025-06-25,6,8.47,38.05,280.5,0
noida,2025-06-26,6,6.05,39.56,211.2,0
noida,2025-06-27,6,13.62,38.05,250.8,0
noida,2025-06-28,6,42.83,41.42,283.7,0
noida,2025-06-29,6,5.23,37.68,287.0,0
noida,2025-06-30,6,28.93,38.09,281.6,0
noida,2025-07-01,7,32.12,32.48,258.2,0
noida,2025-07-02,7,6.25,27.66,273.2,0
noida,2025-07-03,7,22.04,31.17,244.3,0
noida,2025-07-04,7,8.71,31.95,241.1,0
noida,2025-07-05,7,26.75,26.68,272.7,0
noida,2025-07-06,7,10.35,32.59,263.7,0
noida,2025-07-07,7,47.09,32.72,317.7,0
noida,2025-07-08,7,11.97,32.07,271.4,0
noida,2025-07-09,7,34.68,32.71,269.6,0
noida,2025-07-10,7,26.7,34.07,263.4,0
noida,2025-07-11,7,12.76,35.9,302.6,0
noida,2025-07-12,7,23.49,32.56,285.9,0
noida,2025-07-13,7,24.37,30.5,279.3,0
noida,2025-07-14,7,14.36,26.95,300.1,0
noida,2025-07-15,7,40.3,33.22,264.1,0
noida,2025-07-16,7,20.79,34.62,313.5,0
noida,2025-07-17,7,9.08,29.78,272.1,0
noida,2025-07-18,7,20.44,26.19,265.3,0
noida,2025-07-19,7,11.53,32.76,301.0,0
noida,2025-07-20,7,16.14,31.33,225.0,0
noida,2025-07-21,7,11.55,28.75,297.0,0
noida,2025-07-22,7,14.64,33.65,279.5,0
noida,2025-07-23,7,16.38,31.29,306.9,0
noida,2025-07-24,7,13.51,34.37,273.3,0
noida,2025-07-25,7,2.64,31.23,238.1,0
noida,2025-07-26,7,35.54,30.72,229.4,0
noida,2025-07-27,7,48.66,36.17,305.6,0
noida,2025-07-28,7,22.68,30.45,211.9,0
noida,2025-07-29,7,20.48,33.93,286.2,0
noida,2025-07-30,7,11.59,29.2,275.3,0
noida,2025-07-31,7,8.06,31.98,266.0,0
noida,2025-08-01,8,9.76,32.33,242.6,0
noida,2025-08-02,8,8.57,30.48,285.3,0
noida,2025-08-03,8,16.49,30.88,202.4,0
noida,2025-08-04,8,9.68,30.42,256.4,0
noida,2025-08-05,8,17.76,33.45,309.7,0
noida,2025-08-06,8,21.54,29.54,265.7,0
noida,2025-08-07,8,37.65,34.34,314.4,0
noida,2025-08-08,8,34.46,36.22,310.7,0
noida,2025-08-09,8,27.16,31.69,285.9,0
noida,2025-08-10,8,9.67,30.29,211.1,0
noida,2025-08-11,8,11.93,34.12,271.1,0
noida,2025-08-12,8,5.16,30.42,275.4,0
noida,2025-08-13,8,17.0,33.38,324.2,0
noida,2025-08-14,8,3.54,30.37,295.5,0
noida,2025-08-15,8,2.98,35.14,259.9,0
noida,2025-08-16,8,15.81,31.42,323.2,0
noida,2025-08-17,8,9.67,32.1,222.5,0
noida,2025-08-18,8,5.21,31.11,266.9,0
noida,2025-08-19,8,49.89,32.45,225.0,0
noida,2025-08-20,8,19.83,31.29,314.3,0
noida,2025-08-21,8,21.63,33.64,278.2,0
noida,2025-08-22,8,36.15,30.67,318.1,0
noida,2025-08-23,8,5.94,31.44,254.4,0
noida,2025-08-24,8,15.89,29.41,294.6,0
noida,2025-08-25,8,7.5,31.52,277.7,0
noida,2025-08-26,8,9.75,31.11,271.6,0
noida,2025-08-27,8,11.91,30.02,251.5,0
noida,2025-08-28,8,25.48,33.1,285.1,0
noida,2025-08-29,8,14.87,32.35,236.9,0
noida,2025-08-30,8,5.46,32.36,219.7,0
noida,2025-08-31,8,2.64,35.61,282.4,0
noida,2025-09-01,9,9.47,32.94,277.6,0
noida,2025-09-02,9,13.07,33.6,304.4,0
noida,2025-09-03,9,35.46,28.18,295.3,0
noida,2025-09-04,9,29.74,34.0,321.0,0
noida,2025-09-05,9,22.09,33.56,248.9,0
noida,2025-09-06,9,3.15,31.71,275.2,0
noida,2025-09-07,9,6.05,30.67,278.6,0
noida,2025-09-08,9,2.11,33.03,221.7,0
noida,2025-09-09,9,15.64,34.38,289.9,0
noida,2025-09-10,9,16.6,32.35,302.3,0
noida,2025-09-11,9,26.16,32.9,239.5,0
noida,2025-09-12,9,7.52,30.57,259.7,0
noida,2025-09-13,9,7.81,33.33,300.4,0
noida,2025-09-14,9,6.08,35.75,285.3,0
noida,2025-09-15,9,7.99,33.05,257.3,0
noida,2025-09-16,9,22.04,31.79,265.3,0
noida,2025-09-17,9,5.22,35.39,309.0,0
noida,2025-09-18,9,7.0,34.49,244.2,0
noida,2025-09-19,9,17.78,36.12,285.6,0
noida,2025-09-20,9,4.76,29.02,268.0,0
noida,2025-09-21,9,14.49,30.63,277.9,0
noida,2025-09-22,9,1.82,31.59,246.5,0
noida,2025-09-23,9,11.07,33.77,263.5,0
noida,2025-09-24,9,3.47,32.91,342.2,0
noida,2025-09-25,9,2.75,32.36,281.2,0
noida,2025-09-26,9,20.05,34.98,264.8,0
noida,2025-09-27,9,9.92,29.89,266.0,0
noida,2025-09-28,9,7.57,32.89,300.1,0
noida,2025-09-29,9,14.04,31.41,257.7,0
noida,2025-09-30,9,7.77,29.05,252.0,0
noida,2025-10-01,10,0.73,32.88,462.4,1
noida,2025-10-02,10,0.32,30.94,410.5,1
noida,2025-10-03,10,0.63,32.59,389.7,0
noida,2025-10-04,10,1.04,33.46,410.5,1
noida,2025-10-05,10,1.64,31.1,429.1,1
noida,2025-10-06,10,1.5,31.6,405.9,1
noida,2025-10-07,10,0.67,36.07,456.9,1
noida,2025-10-08,10,0.23,36.41,391.3,0
noida,2025-10-09,10,1.85,32.58,428.5,1
noida,2025-10-10,10,2.06,31.09,350.1,0
noida,2025-10-11,10,0.61,31.37,417.7,1
noida,2025-10-12,10,2.67,36.34,456.8,1
noida,2025-10-13,10,1.91,35.62,431.0,1
noida,2025-10-14,10,0.68,35.91,447.2,1
noida,2025-10-15,10,3.2,26.53,419.9,1
noida,2025-10-16,10,1.05,36.71,471.9,1
noida,2025-10-17,10,2.16,31.31,379.1,0
noida,2025-10-18,10,1.32,33.86,343.3,0
noida,2025-10-19,10,0.98,35.09,371.6,0
noida,2025-10-20,10,3.18,32.16,446.3,1
noida,2025-10-21,10,1.93,29.88,436.6,1
noida,2025-10-22,10,3.22,33.45,449.0,1
noida,2025-10-23,10,4.09,33.7,389.3,0
noida,2025-10-24,10,0.92,30.21,456.9,1
noida,2025-10-25,10,1.95,34.12,392.8,0
noida,2025-10-26,10,1.98,30.8,381.3,0
noida,2025-10-27,10,0.84,33.09,485.7,1
noida,2025-10-28,10,0.66,30.79,447.5,1
noida,2025-10-29,10,0.41,32.63,382.5,0
noida,2025-10-30,10,3.72,33.76,431.2,1
noida,2025-10-31,10,0.9,35.94,450.6,1
noida,2025-11-01,11,2.09,32.68,538.3,1
noida,2025-11-02,11,1.15,29.92,549.3,1
noida,2025-11-03,11,0.54,33.03,516.5,1
noida,2025-11-04,11,1.25,31.01,525.3,1
noida,2025-11-05,11,1.88,34.17,537.7,1
noida,2025-11-06,11,0.55,34.31,513.2,1
noida,2025-11-07,11,0.87,32.0,567.6,1
noida,2025-11-08,11,0.72,33.5,578.1,1
noida,2025-11-09,11,0.92,35.29,556.1,1
noida,2025-11-10,11,2.25,28.4,556.5,1
noida,2025-11-11,11,0.96,30.93,595.2,1
noida,2025-11-12,11,1.39,29.84,544.4,1
noida,2025-11-13,11,2.06,32.22,582.9,1
noida,2025-11-14,11,2.14,30.94,535.4,1
noida,2025-11-15,11,0.2,33.5,534.0,1
noida,2025-11-16,11,0.99,29.89,585.4,1
noida,2025-11-17,11,1.2,32.54,571.0,1
noida,2025-11-18,11,2.03,33.64,570.8,1
noida,2025-11-19,11,1.97,33.45,566.3,1
noida,2025-11-20,11,0.34,31.9,580.5,1
noida,2025-11-21,11,0.54,30.8,563.7,1
noida,2025-11-22,11,0.67,32.59,592.5,1
noida,2025-11-23,11,1.06,34.13,569.6,1
noida,2025-11-24,11,1.27,35.33,604.8,1
noida,2025-11-25,11,2.25,30.21,570.1,1
noida,2025-11-26,11,0.56,33.01,535.3,1
noida,2025-11-27,11,1.6,30.02,547.2,1
noida,2025-11-28,11,0.63,33.48,536.1,1
noida,2025-11-29,11,0.78,29.15,630.0,1
noida,2025-11-30,11,1.03,28.49,529.8,1
noida,2025-12-01,12,1.19,22.01,718.2,1
noida,2025-12-02,12,0.25,21.76,682.1,1
noida,2025-12-03,12,0.17,21.86,681.0,1
noida,2025-12-04,12,1.22,22.39,685.3,1
noida,2025-12-05,12,0.45,23.91,674.9,1
noida,2025-12-06,12,0.69,24.46,683.5,1
noida,2025-12-07,12,0.75,20.0,628.0,1
noida,2025-12-08,12,1.18,20.82,698.0,1
noida,2025-12-09,12,1.23,24.91,618.3,1
noida,2025-12-10,12,0.4,20.64,675.5,1
noida,2025-12-11,12,2.42,19.64,733.8,1
noida,2025-12-12,12,0.74,20.07,702.2,1
noida,2025-12-13,12,2.16,20.59,692.5,1
noida,2025-12-14,12,1.37,25.75,688.3,1
noida,2025-12-15,12,1.81,21.04,709.4,1
noida,2025-12-16,12,3.32,24.07,671.3,1
noida,2025-12-17,12,1.33,21.77,664.0,1
noida,2025-12-18,12,1.58,20.6,695.3,1
noida,2025-12-19,12,1.16,20.38,708.4,1
noida,2025-12-20,12,1.86,18.97,675.0,1
noida,2025-12-21,12,3.63,23.97,677.1,1
noida,2025-12-22,12,0.33,25.71,702.3,1
noida,2025-12-23,12,1.47,19.89,681.3,1
noida,2025-12-24,12,0.43,25.23,650.7,1
noida,2025-12-25,12,3.56,20.43,711.1,1
noida,2025-12-26,12,0.27,20.65,690.6,1
noida,2025-12-27,12,0.65,24.12,705.1,1
noida,2025-12-28,12,2.18,22.76,696.4,1
noida,2025-12-29,12,0.68,20.97,741.6,1
noida,2025-12-30,12,1.51,20.19,715.7,1
gurugram,2023-01-01,1,0.9,21.15,805.6,1
gurugram,2023-01-02,1,1.51,22.8,768.5,1
gurugram,2023-01-03,1,1.19,21.14,771.4,1
gurugram,2023-01-04,1,0.38,24.29,781.2,1
gurugram,2023-01-05,1,1.78,20.86,783.4,1
gurugram,2023-01-06,1,0.97,20.48,777.0,1
gurugram,2023-01-07,1,0.51,22.88,824.4,1
gurugram,2023-01-08,1,0.93,20.4,762.0,1
gurugram,2023-01-09,1,2.56,19.68,766.4,1
gurugram,2023-01-10,1,2.94,22.71,761.7,1
gurugram,2023-01-11,1,2.33,20.98,784.6,1
gurugram,2023-01-12,1,3.33,21.04,781.1,1
gurugram,2023-01-13,1,1.99,21.78,824.8,1
gurugram,2023-01-14,1,1.2,19.96,789.5,1
gurugram,2023-01-15,1,0.94,21.74,790.4,1
gurugram,2023-01-16,1,0.91,18.66,772.1,1
gurugram,2023-01-17,1,3.54,23.12,776.3,1
gurugram,2023-01-18,1,0.06,24.0,787.6,1
gurugram,2023-01-19,1,3.46,22.39,769.9,1
gurugram,2023-01-20,1,1.13,18.44,783.0,1
gurugram,2023-01-21,1,1.39,22.1,786.9,1
gurugram,2023-01-22,1,2.52,24.11,811.5,1
gurugram,2023-01-23,1,1.51,20.56,735.4,1
gurugram,2023-01-24,1,0.79,16.26,814.0,1
gurugram,2023-01-25,1,0.82,18.14,762.5,1
gurugram,2023-01-26,1,0.44,22.94,799.4,1
gurugram,2023-01-27,1,0.35,21.42,748.0,1
gurugram,2023-01-28,1,1.45,18.56,814.6,1
gurugram,2023-01-29,1,6.13,22.15,837.3,1
gurugram,2023-01-30,1,1.86,25.36,808.5,1
gurugram,2023-01-31,1,1.3,21.67,791.2,1
gurugram,2023-02-01,2,1.09,23.64,292.5,0
gurugram,2023-02-02,2,1.32,24.44,235.5,0
gurugram,2023-02-03,2,2.06,24.24,267.2,0
gurugram,2023-02-04,2,0.47,21.07,313.2,0
gurugram,2023-02-05,2,0.47,20.69,250.3,0
gurugram,2023-02-06,2,1.41,24.12,271.5,0
gurugram,2023-02-07,2,0.36,23.14,278.0,0
gurugram,2023-02-08,2,1.28,20.27,311.0,0
gurugram,2023-02-09,2,2.09,21.06,237.5,0
gurugram,2023-02-10,2,2.24,23.1,242.3,0
gurugram,2023-02-11,2,2.53,24.42,297.3,0
gurugram,2023-02-12,2,0.37,20.71,284.2,0
gurugram,2023-02-13,2,4.31,22.6,282.2,0
gurugram,2023-02-14,2,1.38,21.52,301.4,0
gurugram,2023-02-15,2,2.08,21.3,254.6,0
gurugram,2023-02-16,2,1.36,26.05,288.6,0
gurugram,2023-02-17,2,0.98,23.7,316.6,0
gurugram,2023-02-18,2,1.2,27.24,257.8,0
gurugram,2023-02-19,2,5.14,24.52,296.2,0
gurugram,2023-02-20,2,1.62,21.36,230.5,0
gurugram,2023-02-21,2,0.42,25.21,295.5,0
gurugram,2023-02-22,2,1.14,23.12,298.2,0
gurugram,2023-02-23,2,2.74,24.18,324.2,0
gurugram,2023-02-24,2,0.37,21.32,319.1,0
gurugram,2023-02-25,2,1.52,24.35,282.6,0
gurugram,2023-02-26,2,0.88,19.16,238.7,0
gurugram,2023-02-27,2,1.51,21.98,304.7,0
gurugram,2023-02-28,2,0.39,22.94,306.5,0
gurugram,2023-03-01,3,1.33,31.17,251.9,0
gurugram,2023-03-02,3,5.76,31.31,291.7,0
gurugram,2023-03-03,3,1.24,28.18,358.5,0
gurugram,2023-03-04,3,1.28,29.57,214.3,0
gurugram,2023-03-05,3,1.65,31.76,279.0,0
gurugram,2023-03-06,3,2.07,34.95,236.4,0
gurugram,2023-03-07,3,2.47,33.56,298.2,0
gurugram,2023-03-08,3,2.91,33.12,285.1,0
gurugram,2023-03-09,3,0.69,30.75,316.7,0
gurugram,2023-03-10,3,1.93,35.88,301.4,0
gurugram,2023-03-11,3,0.91,29.3,281.9,0
gurugram,2023-03-12,3,0.23,32.75,263.7,0
gurugram,2023-03-13,3,0.43,33.26,283.8,0
gurugram,2023-03-14,3,3.42,31.04,249.3,0
gurugram,2023-03-15,3,0.91,32.77,275.1,0
gurugram,2023-03-16,3,0.97,30.61,285.8,0
gurugram,2023-03-17,3,1.0,31.66,254.1,0
gurugram,2023-03-18,3,4.18,32.27,279.2,0
gurugram,2023-03-19,3,0.58,33.52,316.6,0
gurugram,2023-03-20,3,0.93,32.38,294.9,0
gurugram,2023-03-21,3,2.18,30.67,252.5,0
gurugram,2023-03-22,3,2.58,26.65,325.7,0
gurugram,2023-03-23,3,0.53,30.55,362.9,0
gurugram,2023-03-24,3,3.11,32.39,294.1,0
gurugram,2023-03-25,3,1.54,30.62,241.5,0
gurugram,2023-03-26,3,0.54,31.61,285.5,0
gurugram,2023-03-27,3,2.55,34.55,260.2,0
gurugram,2023-03-28,3,3.65,33.74,259.8,0
gurugram,2023-03-29,3,0.63,27.12,257.4,0
gurugram,2023-03-30,3,0.79,35.78,315.4,0
gurugram,2023-03-31,3,1.71,31.24,262.4,0
gurugram,2023-04-01,4,0.79,39.36,245.5,0
gurugram,2023-04-02,4,0.56,36.75,306.9,0
gurugram,2023-04-03,4,2.55,38.94,285.9,0
gurugram,2023-04-04,4,5.01,39.0,259.8,0
gurugram,2023-04-05,4,0.47,35.85,275.3,0
gurugram,2023-04-06,4,1.7,37.82,280.5,0
gurugram,2023-04-07,4,0.79,40.08,310.7,0
gurugram,2023-04-08,4,2.01,39.05,283.5,0
gurugram,2023-04-09,4,1.61,39.71,291.1,0
gurugram,2023-04-10,4,1.94,38.42,320.4,0
gurugram,2023-04-11,4,1.01,38.4,290.8,0
gurugram,2023-04-12,4,3.56,38.27,298.9,0
gurugram,2023-04-13,4,1.48,36.92,295.8,0
gurugram,2023-04-14,4,5.06,36.52,268.2,0
gurugram,2023-04-15,4,2.14,36.22,221.2,0
gurugram,2023-04-16,4,1.74,36.78,296.1,0
gurugram,2023-04-17,4,0.86,41.58,297.4,0
gurugram,2023-04-18,4,0.88,39.43,228.1,0
gurugram,2023-04-19,4,1.49,40.58,288.5,0
gurugram,2023-04-20,4,2.57,42.15,299.9,1
gurugram,2023-04-21,4,2.74,40.27,291.6,0
gurugram,2023-04-22,4,2.76,40.14,232.6,0
gurugram,2023-04-23,4,1.99,40.92,352.6,0
gurugram,2023-04-24,4,0.14,37.85,293.8,0
gurugram,2023-04-25,4,1.15,35.05,220.5,0
gurugram,2023-04-26,4,0.63,40.82,245.4,0
gurugram,2023-04-27,4,2.33,40.98,327.1,0
gurugram,2023-04-28,4,1.49,36.13,262.5,0
gurugram,2023-04-29,4,1.82,37.1,277.9,0
gurugram,2023-04-30,4,4.33,39.02,305.9,0
gurugram,2023-05-01,5,0.89,42.65,294.2,1
gurugram,2023-05-02,5,0.69,43.96,265.2,1
gurugram,2023-05-03,5,4.47,43.22,230.0,1
gurugram,2023-05-04,5,0.67,44.2,256.6,1
gurugram,2023-05-05,5,2.77,43.54,286.4,1
gurugram,2023-05-06,5,2.26,45.93,241.7,1
gurugram,2023-05-07,5,1.8,44.56,350.6,1
gurugram,2023-05-08,5,2.33,48.0,236.2,1
gurugram,2023-05-09,5,1.37,43.49,262.5,1
gurugram,2023-05-10,5,0.05,41.87,335.2,0
gurugram,2023-05-11,5,1.68,43.87,329.8,1
gurugram,2023-05-12,5,3.16,43.93,227.4,1
gurugram,2023-05-13,5,0.61,39.69,237.2,0
gurugram,2023-05-14,5,0.83,45.0,289.1,1
gurugram,2023-05-15,5,2.39,43.27,277.4,1
gurugram,2023-05-16,5,0.82,47.62,252.4,1
gurugram,2023-05-17,5,1.86,40.89,229.6,0
gurugram,2023-05-18,5,1.16,40.2,312.5,0
gurugram,2023-05-19,5,0.48,40.26,249.9,0
gurugram,2023-05-20,5,0.73,46.48,254.3,1
gurugram,2023-05-21,5,1.27,44.45,276.6,1
gurugram,2023-05-22,5,1.89,39.74,316.7,0
gurugram,2023-05-23,5,0.48,40.44,291.2,0
gurugram,2023-05-24,5,2.05,43.89,279.7,1
gurugram,2023-05-25,5,1.23,44.86,296.8,1
gurugram,2023-05-26,5,2.75,42.18,260.3,1
gurugram,2023-05-27,5,0.44,42.53,252.7,1
gurugram,2023-05-28,5,1.26,40.84,296.4,0
gurugram,2023-05-29,5,1.17,42.36,256.7,1
gurugram,2023-05-30,5,0.72,45.25,259.5,1
gurugram,2023-05-31,5,2.23,42.84,236.5,1
gurugram,2023-06-01,6,8.34,40.55,248.3,0
gurugram,2023-06-02,6,4.24,40.13,288.3,0
gurugram,2023-06-03,6,39.47,36.41,253.7,0
gurugram,2023-06-04,6,9.08,41.36,285.1,0
gurugram,2023-06-05,6,23.46,37.15,282.8,0
gurugram,2023-06-06,6,4.88,39.34,201.9,0
gurugram,2023-06-07,6,1.7,34.09,276.7,0
gurugram,2023-06-08,6,14.72,36.22,307.2,0
gurugram,2023-06-09,6,1.08,34.34,267.2,0
gurugram,2023-06-10,6,15.79,37.94,308.6,0
gurugram,2023-06-11,6,11.32,36.73,239.8,0
gurugram,2023-06-12,6,12.2,40.77,242.1,0
gurugram,2023-06-13,6,42.12,37.82,265.8,0
gurugram,2023-06-14,6,22.44,40.51,258.1,0
gurugram,2023-06-15,6,16.68,37.35,247.1,0
gurugram,2023-06-16,6,6.56,39.26,269.3,0
gurugram,2023-06-17,6,21.98,37.69,271.8,0
gurugram,2023-06-18,6,6.41,39.59,354.4,0
gurugram,2023-06-19,6,30.66,37.48,301.2,0
gurugram,2023-06-20,6,1.52,39.72,281.8,0
gurugram,2023-06-21,6,9.97,36.84,303.8,0
gurugram,2023-06-22,6,5.16,40.51,267.5,0
gurugram,2023-06-23,6,23.33,36.43,260.4,0
gurugram,2023-06-24,6,2.92,40.08,311.9,0
gurugram,2023-06-25,6,13.38,36.12,266.8,0
gurugram,2023-06-26,6,4.83,37.9,312.5,0
gurugram,2023-06-27,6,19.8,40.38,301.2,0
gurugram,2023-06-28,6,36.7,41.99,330.2,0
gurugram,2023-06-29,6,11.64,37.42,266.3,0
gurugram,2023-06-30,6,11.16,37.4,295.6,0
gurugram,2023-07-01,7,2.26,34.56,327.1,0
gurugram,2023-07-02,7,5.07,30.95,320.9,0
gurugram,2023-07-03,7,13.97,31.2,330.5,0
gurugram,2023-07-04,7,2.95,30.97,267.1,0
gurugram,2023-07-05,7,40.89,31.98,271.9,0
gurugram,2023-07-06,7,6.32,36.16,281.5,0
gurugram,2023-07-07,7,25.91,33.53,255.6,0
gurugram,2023-07-08,7,15.73,32.74,275.1,0
gurugram,2023-07-09,7,33.8,29.72,308.5,0
gurugram,2023-07-10,7,12.52,33.21,281.5,0
gurugram,2023-07-11,7,10.09,30.78,318.6,0
gurugram,2023-07-12,7,11.59,34.21,273.5,0
gurugram,2023-07-13,7,57.01,31.79,277.4,1
gurugram,2023-07-14,7,17.24,32.28,303.9,0
gurugram,2023-07-15,7,13.46,33.15,261.8,0
gurugram,2023-07-16,7,12.73,31.09,265.9,0
gurugram,2023-07-17,7,22.39,32.91,345.4,0
gurugram,2023-07-18,7,5.36,32.98,255.3,0
gurugram,2023-07-19,7,9.69,32.53,294.9,0
gurugram,2023-07-20,7,12.92,26.77,271.2,0
gurugram,2023-07-21,7,30.29,30.77,312.7,0
gurugram,2023-07-22,7,57.55,31.89,269.9,1
gurugram,2023-07-23,7,30.16,31.38,302.9,0
gurugram,2023-07-24,7,5.61,31.38,314.3,0
gurugram,2023-07-25,7,31.64,32.72,277.3,0
gurugram,2023-07-26,7,4.94,28.68,271.8,0
gurugram,2023-07-27,7,24.67,33.7,262.4,0
gurugram,2023-07-28,7,12.69,31.65,214.8,0
gurugram,2023-07-29,7,6.86,29.09,300.5,0
gurugram,2023-07-30,7,15.4,28.8,312.4,0
gurugram,2023-07-31,7,23.62,37.04,244.5,0
gurugram,2023-08-01,8,2.04,33.18,308.3,0
gurugram,2023-08-02,8,45.46,35.43,253.7,0
gurugram,2023-08-03,8,2.62,32.13,324.0,0
gurugram,2023-08-04,8,7.97,33.55,315.0,0
gurugram,2023-08-05,8,20.77,32.02,333.8,0
gurugram,2023-08-06,8,49.83,30.84,291.3,0
gurugram,2023-08-07,8,7.63,30.81,266.0,0
gurugram,2023-08-08,8,9.14,34.14,315.4,0
gurugram,2023-08-09,8,88.2,32.85,292.9,1
gurugram,2023-08-10,8,9.37,33.47,239.6,0
gurugram,2023-08-11,8,13.95,29.06,256.9,0
gurugram,2023-08-12,8,31.19,33.51,316.3,0
gurugram,2023-08-13,8,8.07,31.68,275.9,0
gurugram,2023-08-14,8,18.43,30.36,247.0,0
gurugram,2023-08-15,8,36.15,26.72,277.6,0
gurugram,2023-08-16,8,27.78,31.26,255.7,0
gurugram,2023-08-17,8,18.98,30.58,270.2,0
gurugram,2023-08-18,8,24.5,30.11,249.8,0
gurugram,2023-08-19,8,15.57,31.61,276.1,0
gurugram,2023-08-20,8,22.34,29.89,302.9,0
gurugram,2023-08-21,8,24.66,33.97,313.5,0
gurugram,2023-08-22,8,29.48,32.59,340.0,0
gurugram,2023-08-23,8,8.59,30.7,318.4,0
gurugram,2023-08-24,8,11.39,32.63,229.7,0
gurugram,2023-08-25,8,39.17,32.87,252.9,0
gurugram,2023-08-26,8,6.09,29.86,351.9,0
gurugram,2023-08-27,8,8.03,32.76,289.3,0
gurugram,2023-08-28,8,16.62,31.28,307.8,0
gurugram,2023-08-29,8,17.12,32.99,317.1,0
gurugram,2023-08-30,8,11.79,31.41,292.9,0
gurugram,2023-08-31,8,6.15,36.08,264.2,0
gurugram,2023-09-01,9,16.31,34.39,234.5,0
gurugram,2023-09-02,9,4.96,30.4,256.8,0
gurugram,2023-09-03,9,6.08,29.53,281.2,0
gurugram,2023-09-04,9,7.83,31.47,275.6,0
gurugram,2023-09-05,9,4.71,30.67,282.6,0
gurugram,2023-09-06,9,5.22,31.92,312.9,0
gurugram,2023-09-07,9,5.68,31.21,280.8,0
gurugram,2023-09-08,9,5.75,34.19,244.3,0
gurugram,2023-09-09,9,3.47,32.31,248.5,0
gurugram,2023-09-10,9,13.4,33.63,269.8,0
gurugram,2023-09-11,9,7.73,32.58,338.2,0
gurugram,2023-09-12,9,15.44,31.58,290.8,0
gurugram,2023-09-13,9,7.51,33.43,307.7,0
gurugram,2023-09-14,9,4.89,31.51,250.4,0
gurugram,2023-09-15,9,8.43,29.69,252.7,0
gurugram,2023-09-16,9,19.45,33.03,345.5,0
gurugram,2023-09-17,9,7.73,32.7,290.3,0
gurugram,2023-09-18,9,2.31,32.35,287.7,0
gurugram,2023-09-19,9,6.09,32.67,275.7,0
gurugram,2023-09-20,9,20.8,31.26,257.3,0
gurugram,2023-09-21,9,6.17,30.71,295.3,0
gurugram,2023-09-22,9,14.77,30.47,294.1,0
gurugram,2023-09-23,9,15.4,30.34,280.1,0
gurugram,2023-09-24,9,5.28,34.48,234.5,0
gurugram,2023-09-25,9,4.77,27.65,273.7,0
gurugram,2023-09-26,9,20.25,34.46,328.0,0
gurugram,2023-09-27,9,13.94,34.17,297.1,0
gurugram,2023-09-28,9,16.28,33.29,229.3,0
gurugram,2023-09-29,9,10.49,29.6,280.2,0
gurugram,2023-09-30,9,2.05,30.11,317.4,0
gurugram,2023-10-01,10,1.19,29.55,443.9,1
gurugram,2023-10-02,10,0.62,32.54,442.2,1
gurugram,2023-10-03,10,0.75,33.69,423.6,1
gurugram,2023-10-04,10,0.84,31.53,436.3,1
gurugram,2023-10-05,10,0.64,34.62,390.7,0
gurugram,2023-10-06,10,1.47,31.73,396.4,0
gurugram,2023-10-07,10,2.27,31.79,393.5,0
gurugram,2023-10-08,10,0.56,31.48,462.8,1
gurugram,2023-10-09,10,0.47,30.79,451.1,1
gurugram,2023-10-10,10,0.79,31.08,409.8,1
gurugram,2023-10-11,10,0.94,28.1,417.1,1
gurugram,2023-10-12,10,1.63,33.23,345.0,0
gurugram,2023-10-13,10,1.85,32.69,390.0,0
gurugram,2023-10-14,10,0.43,30.9,502.8,1
gurugram,2023-10-15,10,1.59,31.48,409.3,1
gurugram,2023-10-16,10,0.53,27.53,390.1,0
gurugram,2023-10-17,10,1.11,32.15,409.1,1
gurugram,2023-10-18,10,1.06,30.93,398.2,0
gurugram,2023-10-19,10,1.76,32.01,396.5,0
gurugram,2023-10-20,10,0.3,31.51,412.5,1
gurugram,2023-10-21,10,1.32,29.64,429.8,1
gurugram,2023-10-22,10,1.31,31.96,429.5,1
gurugram,2023-10-23,10,0.12,31.13,385.9,0
gurugram,2023-10-24,10,0.67,29.09,405.4,1
gurugram,2023-10-25,10,0.49,33.58,404.4,1
gurugram,2023-10-26,10,2.21,32.54,452.1,1
gurugram,2023-10-27,10,0.57,27.94,390.1,0
gurugram,2023-10-28,10,0.39,30.44,414.3,1
gurugram,2023-10-29,10,0.48,29.03,421.5,1
gurugram,2023-10-30,10,0.54,29.66,398.0,0
gurugram,2023-10-31,10,2.08,31.15,432.0,1
gurugram,2023-11-01,11,0.68,32.73,525.6,1
gurugram,2023-11-02,11,3.9,31.75,584.6,1
gurugram,2023-11-03,11,0.05,32.11,555.6,1
gurugram,2023-11-04,11,1.17,33.0,558.6,1
gurugram,2023-11-05,11,0.89,33.02,580.3,1
gurugram,2023-11-06,11,1.64,32.59,546.0,1
gurugram,2023-11-07,11,1.2,28.0,571.2,1
gurugram,2023-11-08,11,0.73,27.98,569.2,1
gurugram,2023-11-09,11,0.38,28.71,587.2,1
gurugram,2023-11-10,11,1.62,34.32,550.0,1
gurugram,2023-11-11,11,0.79,28.09,532.4,1
gurugram,2023-11-12,11,0.3,32.35,601.1,1
gurugram,2023-11-13,11,0.91,29.2,606.8,1
gurugram,2023-11-14,11,1.28,35.14,575.0,1
gurugram,2023-11-15,11,0.8,35.13,544.4,1
gurugram,2023-11-16,11,0.62,31.82,502.8,1
gurugram,2023-11-17,11,2.79,33.89,589.5,1
gurugram,2023-11-18,11,1.95,34.7,495.8,1
gurugram,2023-11-19,11,0.2,34.22,549.6,1
gurugram,2023-11-20,11,1.77,33.18,546.6,1
gurugram,2023-11-21,11,0.6,33.77,546.7,1
gurugram,2023-11-22,11,2.1,31.96,526.9,1
gurugram,2023-11-23,11,0.32,34.43,523.6,1
gurugram,2023-11-24,11,2.05,31.9,529.4,1
gurugram,2023-11-25,11,1.07,30.73,555.8,1
gurugram,2023-11-26,11,0.93,34.06,550.5,1
gurugram,2023-11-27,11,0.05,30.91,590.7,1
gurugram,2023-11-28,11,1.02,32.27,554.0,1
gurugram,2023-11-29,11,2.2,31.75,510.6,1
gurugram,2023-11-30,11,0.68,31.86,595.2,1
gurugram,2023-12-01,12,2.25,23.58,721.9,1
gurugram,2023-12-02,12,0.9,19.87,712.2,1
gurugram,2023-12-03,12,0.68,25.43,719.7,1
gurugram,2023-12-04,12,0.7,19.3,738.4,1
gurugram,2023-12-05,12,0.29,22.14,674.3,1
gurugram,2023-12-06,12,0.8,24.11,651.3,1
gurugram,2023-12-07,12,0.2,20.63,723.2,1
gurugram,2023-12-08,12,0.91,22.24,687.8,1
gurugram,2023-12-09,12,1.85,20.95,676.6,1
gurugram,2023-12-10,12,0.36,23.59,647.3,1
gurugram,2023-12-11,12,0.95,24.32,686.6,1
gurugram,2023-12-12,12,0.18,21.94,664.9,1
gurugram,2023-12-13,12,1.72,28.0,666.0,1
gurugram,2023-12-14,12,3.39,24.63,722.5,1
gurugram,2023-12-15,12,1.33,22.68,662.5,1
gurugram,2023-12-16,12,2.21,19.4,706.8,1
gurugram,2023-12-17,12,1.9,21.34,697.5,1
gurugram,2023-12-18,12,0.8,25.01,688.9,1
gurugram,2023-12-19,12,1.52,22.87,668.3,1
gurugram,2023-12-20,12,2.32,21.85,700.6,1
gurugram,2023-12-21,12,0.54,22.24,710.2,1
gurugram,2023-12-22,12,2.34,19.27,648.3,1
gurugram,2023-12-23,12,0.76,18.84,682.2,1
gurugram,2023-12-24,12,0.64,24.74,687.3,1
gurugram,2023-12-25,12,0.81,24.43,678.9,1
gurugram,2023-12-26,12,0.56,20.05,734.3,1
gurugram,2023-12-27,12,3.44,22.82,666.1,1
gurugram,2023-12-28,12,0.65,24.7,687.3,1
gurugram,2023-12-29,12,0.37,22.27,691.3,1
gurugram,2023-12-30,12,2.45,24.79,708.2,1
gurugram,2023-12-31,12,1.23,22.14,727.1,1
gurugram,2024-01-01,1,3.14,21.83,831.8,1
gurugram,2024-01-02,1,1.18,23.07,753.9,1
gurugram,2024-01-03,1,1.66,22.84,808.3,1
gurugram,2024-01-04,1,0.72,21.38,747.8,1
gurugram,2024-01-05,1,2.02,19.66,808.3,1
gurugram,2024-01-06,1,1.52,20.4,766.8,1
gurugram,2024-01-07,1,0.29,20.51,798.8,1
gurugram,2024-01-08,1,0.58,21.82,772.5,1
gurugram,2024-01-09,1,2.18,15.44,814.2,1
gurugram,2024-01-10,1,1.52,20.45,761.6,1
gurugram,2024-01-11,1,0.64,23.34,816.4,1
gurugram,2024-01-12,1,2.15,21.43,785.7,1
gurugram,2024-01-13,1,0.21,21.07,750.9,1
gurugram,2024-01-14,1,0.13,20.08,791.9,1
gurugram,2024-01-15,1,1.32,18.36,787.3,1
gurugram,2024-01-16,1,0.81,20.91,797.2,1
gurugram,2024-01-17,1,0.46,20.46,826.6,1
gurugram,2024-01-18,1,0.39,20.62,801.2,1
gurugram,2024-01-19,1,0.71,19.24,797.7,1
gurugram,2024-01-20,1,2.86,22.98,766.4,1
gurugram,2024-01-21,1,1.02,19.42,758.7,1
gurugram,2024-01-22,1,1.22,19.15,789.3,1
gurugram,2024-01-23,1,0.79,21.17,728.8,1
gurugram,2024-01-24,1,1.28,19.88,806.9,1
gurugram,2024-01-25,1,1.41,18.85,841.8,1
gurugram,2024-01-26,1,0.59,19.62,848.4,1
gurugram,2024-01-27,1,3.15,20.06,788.5,1
gurugram,2024-01-28,1,5.93,21.97,755.9,1
gurugram,2024-01-29,1,0.44,21.7,803.7,1
gurugram,2024-01-30,1,1.55,18.84,793.2,1
gurugram,2024-01-31,1,3.6,19.52,774.5,1
gurugram,2024-02-01,2,0.5,25.23,295.9,0
gurugram,2024-02-02,2,1.27,24.84,297.7,0
gurugram,2024-02-03,2,3.93,25.79,281.6,0
gurugram,2024-02-04,2,1.51,23.84,255.8,0
gurugram,2024-02-05,2,2.5,23.9,338.8,0
gurugram,2024-02-06,2,2.0,18.94,257.9,0
gurugram,2024-02-07,2,0.87,20.04,310.1,0
gurugram,2024-02-08,2,1.05,20.82,287.2,0
gurugram,2024-02-09,2,4.18,20.32,260.9,0
gurugram,2024-02-10,2,0.7,21.64,256.3,0
gurugram,2024-02-11,2,1.58,23.89,290.5,0
gurugram,2024-02-12,2,0.15,21.09,326.4,0
gurugram,2024-02-13,2,0.29,21.73,290.4,0
gurugram,2024-02-14,2,1.72,24.38,331.5,0
gurugram,2024-02-15,2,2.24,20.64,277.1,0
gurugram,2024-02-16,2,0.66,23.93,316.2,0
gurugram,2024-02-17,2,0.63,22.07,277.7,0
gurugram,2024-02-18,2,0.37,23.35,307.3,0
gurugram,2024-02-19,2,3.51,22.97,262.8,0
gurugram,2024-02-20,2,1.35,27.41,313.6,0
gurugram,2024-02-21,2,1.26,24.34,302.7,0
gurugram,2024-02-22,2,0.22,21.6,230.4,0
gurugram,2024-02-23,2,0.14,22.09,237.0,0
gurugram,2024-02-24,2,3.32,24.66,308.0,0
gurugram,2024-02-25,2,1.39,25.01,267.5,0
gurugram,2024-02-26,2,2.04,24.01,245.0,0
gurugram,2024-02-27,2,1.39,25.48,297.8,0
gurugram,2024-02-28,2,1.03,27.31,299.6,0
gurugram,2024-02-29,2,0.82,22.62,272.3,0
gurugram,2024-03-01,3,0.12,29.19,282.9,0
gurugram,2024-03-02,3,0.82,29.83,306.7,0
gurugram,2024-03-03,3,0.18,32.51,273.2,0
gurugram,2024-03-04,3,3.25,32.02,262.7,0
gurugram,2024-03-05,3,1.57,30.97,264.7,0
gurugram,2024-03-06,3,1.29,29.31,253.9,0
gurugram,2024-03-07,3,1.99,31.6,342.6,0
gurugram,2024-03-08,3,0.46,35.07,313.0,0
gurugram,2024-03-09,3,3.04,31.31,309.9,0
gurugram,2024-03-10,3,1.67,30.88,326.6,0
gurugram,2024-03-11,3,0.9,32.47,255.2,0
gurugram,2024-03-12,3,2.05,27.8,322.0,0
gurugram,2024-03-13,3,1.73,30.22,266.1,0
gurugram,2024-03-14,3,1.17,31.95,358.7,0
gurugram,2024-03-15,3,0.62,33.26,272.2,0
gurugram,2024-03-16,3,2.39,29.18,243.6,0
gurugram,2024-03-17,3,2.39,31.84,293.2,0
gurugram,2024-03-18,3,1.64,31.42,319.0,0
gurugram,2024-03-19,3,1.6,30.78,268.2,0
gurugram,2024-03-20,3,2.89,34.52,245.0,0
gurugram,2024-03-21,3,0.4,29.39,300.7,0
gurugram,2024-03-22,3,2.33,33.5,244.5,0
gurugram,2024-03-23,3,1.05,28.81,271.1,0
gurugram,2024-03-24,3,1.48,31.42,252.4,0
gurugram,2024-03-25,3,1.76,30.05,211.9,0
gurugram,2024-03-26,3,1.49,33.98,268.8,0
gurugram,2024-03-27,3,1.43,35.44,239.2,0
gurugram,2024-03-28,3,0.95,29.97,299.6,0
gurugram,2024-03-29,3,1.48,32.8,242.7,0
gurugram,2024-03-30,3,3.84,31.25,213.7,0
gurugram,2024-03-31,3,2.3,33.7,299.8,0
gurugram,2024-04-01,4,2.62,35.38,259.7,0
gurugram,2024-04-02,4,2.34,38.17,299.8,0
gurugram,2024-04-03,4,2.68,39.44,220.2,0
gurugram,2024-04-04,4,2.5,39.56,331.2,0
gurugram,2024-04-05,4,0.58,37.54,301.0,0
gurugram,2024-04-06,4,2.21,35.89,267.7,0
gurugram,2024-04-07,4,2.82,38.15,316.4,0
gurugram,2024-04-08,4,0.61,38.5,294.5,0
gurugram,2024-04-09,4,0.93,40.21,285.8,0
gurugram,2024-04-10,4,2.01,38.16,293.0,0
gurugram,2024-04-11,4,2.42,38.46,288.9,0
gurugram,2024-04-12,4,2.4,37.4,322.1,0
gurugram,2024-04-13,4,1.75,38.12,276.3,0
gurugram,2024-04-14,4,0.33,33.02,303.0,0
gurugram,2024-04-15,4,1.49,39.74,227.0,0
gurugram,2024-04-16,4,1.0,36.74,326.8,0
gurugram,2024-04-17,4,0.86,37.51,206.5,0
gurugram,2024-04-18,4,0.53,40.38,257.4,0
gurugram,2024-04-19,4,0.3,37.88,276.9,0
gurugram,2024-04-20,4,2.01,37.42,252.0,0
gurugram,2024-04-21,4,3.94,39.32,264.4,0
gurugram,2024-04-22,4,2.43,33.85,333.8,0
gurugram,2024-04-23,4,0.87,39.58,274.2,0
gurugram,2024-04-24,4,1.28,38.27,240.2,0
gurugram,2024-04-25,4,0.49,37.7,257.0,0
gurugram,2024-04-26,4,0.23,37.41,283.6,0
gurugram,2024-04-27,4,2.27,37.91,258.0,0
gurugram,2024-04-28,4,1.16,38.09,289.9,0
gurugram,2024-04-29,4,3.23,34.9,278.6,0
gurugram,2024-04-30,4,1.97,36.12,235.3,0
gurugram,2024-05-01,5,3.0,41.1,244.5,0
gurugram,2024-05-02,5,0.42,40.43,254.8,0
gurugram,2024-05-03,5,1.2,44.98,301.0,1
gurugram,2024-05-04,5,2.86,45.19,272.4,1
gurugram,2024-05-05,5,0.08,42.28,260.8,1
gurugram,2024-05-06,5,0.26,43.34,258.1,1
gurugram,2024-05-07,5,0.38,42.84,267.1,1
gurugram,2024-05-08,5,0.61,44.42,258.1,1
gurugram,2024-05-09,5,1.01,42.76,242.4,1
gurugram,2024-05-10,5,1.07,40.59,289.4,0
gurugram,2024-05-11,5,0.95,45.37,320.6,1
gurugram,2024-05-12,5,2.35,43.39,300.7,1
gurugram,2024-05-13,5,2.02,44.12,252.5,1
gurugram,2024-05-14,5,0.66,42.23,243.6,1
gurugram,2024-05-15,5,0.32,44.91,261.8,1
gurugram,2024-05-16,5,0.11,44.52,313.7,1
gurugram,2024-05-17,5,2.16,43.5,305.4,1
gurugram,2024-05-18,5,1.19,42.68,275.6,1
gurugram,2024-05-19,5,0.84,44.19,288.8,1
gurugram,2024-05-20,5,0.39,43.52,325.4,1
gurugram,2024-05-21,5,1.72,41.19,250.1,0
gurugram,2024-05-22,5,1.6,45.47,311.5,1
gurugram,2024-05-23,5,0.12,42.97,267.0,1
gurugram,2024-05-24,5,2.35,43.03,178.5,1
gurugram,2024-05-25,5,1.3,41.45,250.3,0
gurugram,2024-05-26,5,1.77,41.02,288.7,0
gurugram,2024-05-27,5,0.55,40.13,327.5,0
gurugram,2024-05-28,5,0.4,43.52,291.6,1
gurugram,2024-05-29,5,0.6,42.92,286.8,1
gurugram,2024-05-30,5,0.47,40.37,321.9,0
gurugram,2024-05-31,5,1.84,43.4,297.2,1
gurugram,2024-06-01,6,22.34,41.12,304.9,0
gurugram,2024-06-02,6,38.2,37.32,291.8,0
gurugram,2024-06-03,6,49.18,40.27,330.4,0
gurugram,2024-06-04,6,15.43,39.87,271.4,0
gurugram,2024-06-05,6,20.09,38.76,277.9,0
gurugram,2024-06-06,6,15.33,38.73,283.7,0
gurugram,2024-06-07,6,6.16,39.08,332.7,0
gurugram,2024-06-08,6,4.89,38.22,274.3,0
gurugram,2024-06-09,6,10.8,39.35,288.0,0
gurugram,2024-06-10,6,15.57,40.7,309.7,0
gurugram,2024-06-11,6,15.39,38.02,285.8,0
gurugram,2024-06-12,6,19.01,37.41,342.9,0
gurugram,2024-06-13,6,14.58,35.97,314.7,0
gurugram,2024-06-14,6,24.41,39.04,296.9,0
gurugram,2024-06-15,6,36.38,34.06,236.1,0
gurugram,2024-06-16,6,25.85,40.24,286.0,0
gurugram,2024-06-17,6,37.03,40.1,259.2,0
gurugram,2024-06-18,6,4.76,38.46,266.0,0
gurugram,2024-06-19,6,8.83,39.81,246.7,0
gurugram,2024-06-20,6,5.62,39.08,262.5,0
gurugram,2024-06-21,6,1.25,36.66,323.9,0
gurugram,2024-06-22,6,4.81,42.24,294.0,1
gurugram,2024-06-23,6,39.34,39.42,243.4,0
gurugram,2024-06-24,6,8.1,35.09,274.8,0
gurugram,2024-06-25,6,13.66,36.84,276.6,0
gurugram,2024-06-26,6,35.99,43.38,248.8,1
gurugram,2024-06-27,6,53.29,40.12,282.0,1
gurugram,2024-06-28,6,28.64,36.89,285.9,0
gurugram,2024-06-29,6,25.21,41.08,260.2,0
gurugram,2024-06-30,6,3.39,40.27,279.8,0
gurugram,2024-07-01,7,13.26,31.11,289.3,0
gurugram,2024-07-02,7,24.78,33.8,268.7,0
gurugram,2024-07-03,7,5.81,33.21,281.3,0
gurugram,2024-07-04,7,7.73,32.22,266.8,0
gurugram,2024-07-05,7,18.93,30.75,241.2,0
gurugram,2024-07-06,7,13.19,29.81,264.4,0
gurugram,2024-07-07,7,29.55,33.16,324.8,0
gurugram,2024-07-08,7,4.51,29.49,307.0,0
gurugram,2024-07-09,7,4.14,30.33,293.0,0
gurugram,2024-07-10,7,23.32,29.86,302.1,0
gurugram,2024-07-11,7,17.1,33.01,296.4,0
gurugram,2024-07-12,7,1.5,35.97,306.1,0
gurugram,2024-07-13,7,52.57,31.54,250.3,1
gurugram,2024-07-14,7,44.59,32.57,242.2,0
gurugram,2024-07-15,7,25.46,32.02,270.1,0
gurugram,2024-07-16,7,20.26,28.57,274.7,0
gurugram,2024-07-17,7,4.84,32.33,244.4,0
gurugram,2024-07-18,7,6.62,28.3,273.2,0
gurugram,2024-07-19,7,8.82,32.24,266.4,0
gurugram,2024-07-20,7,8.92,33.23,278.6,0
gurugram,2024-07-21,7,5.56,30.1,244.2,0
gurugram,2024-07-22,7,11.96,30.17,299.5,0
gurugram,2024-07-23,7,6.66,34.49,246.9,0
gurugram,2024-07-24,7,11.18,33.08,281.0,0
gurugram,2024-07-25,7,28.53,28.0,253.9,0
gurugram,2024-07-26,7,46.25,35.23,301.2,0
gurugram,2024-07-27,7,0.76,34.14,299.1,0
gurugram,2024-07-28,7,16.59,33.2,269.6,0
gurugram,2024-07-29,7,12.54,33.05,281.3,0
gurugram,2024-07-30,7,35.18,29.92,294.3,0
gurugram,2024-07-31,7,21.17,31.35,261.2,0
gurugram,2024-08-01,8,27.43,35.09,287.6,0
gurugram,2024-08-02,8,16.69,32.45,291.2,0
gurugram,2024-08-03,8,1.31,30.62,240.5,0
gurugram,2024-08-04,8,8.52,31.43,257.5,0
gurugram,2024-08-05,8,13.06,29.07,276.2,0
gurugram,2024-08-06,8,13.19,30.42,233.4,0
gurugram,2024-08-07,8,28.89,29.4,222.1,0
gurugram,2024-08-08,8,34.29,30.69,272.4,0
gurugram,2024-08-09,8,11.77,33.94,263.6,0
gurugram,2024-08-10,8,22.01,34.79,266.4,0
gurugram,2024-08-11,8,11.79,32.85,283.1,0
gurugram,2024-08-12,8,8.71,35.81,247.9,0
gurugram,2024-08-13,8,10.49,32.66,274.5,0
gurugram,2024-08-14,8,5.16,31.53,241.8,0
gurugram,2024-08-15,8,37.27,29.35,296.0,0
gurugram,2024-08-16,8,19.7,30.16,236.9,0
gurugram,2024-08-17,8,11.84,32.6,315.3,0
gurugram,2024-08-18,8,5.39,30.34,330.4,0
gurugram,2024-08-19,8,19.54,34.45,252.1,0
gurugram,2024-08-20,8,7.1,33.34,291.6,0
gurugram,2024-08-21,8,22.37,32.64,277.7,0
gurugram,2024-08-22,8,45.74,32.42,290.8,0
gurugram,2024-08-23,8,31.73,31.87,330.6,0
gurugram,2024-08-24,8,2.36,27.37,252.4,0
gurugram,2024-08-25,8,11.2,34.01,278.7,0
gurugram,2024-08-26,8,25.94,27.04,281.6,0
gurugram,2024-08-27,8,2.12,31.8,266.0,0
gurugram,2024-08-28,8,13.21,32.21,290.7,0
gurugram,2024-08-29,8,7.82,32.66,349.2,0
gurugram,2024-08-30,8,7.96,29.28,286.8,0
gurugram,2024-08-31,8,24.67,30.73,321.3,0
gurugram,2024-09-01,9,5.34,33.17,288.7,0
gurugram,2024-09-02,9,21.21,29.96,286.0,0
gurugram,2024-09-03,9,15.74,28.23,368.1,0
gurugram,2024-09-04,9,9.74,31.25,233.0,0
gurugram,2024-09-05,9,5.04,33.04,294.3,0
gurugram,2024-09-06,9,8.26,34.26,312.6,0
gurugram,2024-09-07,9,5.32,32.59,242.1,0
gurugram,2024-09-08,9,2.85,29.41,283.2,0
gurugram,2024-09-09,9,6.71,31.63,325.9,0
gurugram,2024-09-10,9,16.69,30.43,275.1,0
gurugram,2024-09-11,9,13.47,31.96,320.1,0
gurugram,2024-09-12,9,6.26,31.57,286.6,0
gurugram,2024-09-13,9,17.86,30.85,274.7,0
gurugram,2024-09-14,9,11.16,34.98,221.0,0
gurugram,2024-09-15,9,5.9,30.78,360.6,0
gurugram,2024-09-16,9,19.83,32.41,292.8,0
gurugram,2024-09-17,9,3.87,29.95,309.5,0
gurugram,2024-09-18,9,0.82,30.98,234.3,0
gurugram,2024-09-19,9,2.5,33.82,300.6,0
gurugram,2024-09-20,9,4.64,31.93,239.0,0
gurugram,2024-09-21,9,11.81,30.4,235.2,0
gurugram,2024-09-22,9,1.69,29.83,244.3,0
gurugram,2024-09-23,9,5.64,30.28,244.5,0
gurugram,2024-09-24,9,3.7,33.28,257.3,0
gurugram,2024-09-25,9,5.96,31.73,210.9,0
gurugram,2024-09-26,9,2.86,27.44,262.5,0
gurugram,2024-09-27,9,22.81,32.17,297.4,0
gurugram,2024-09-28,9,4.18,30.12,283.2,0
gurugram,2024-09-29,9,8.45,33.0,290.2,0
gurugram,2024-09-30,9,2.98,30.66,275.5,0
gurugram,2024-10-01,10,0.41,32.38,439.8,1
gurugram,2024-10-02,10,1.94,35.07,430.4,1
gurugram,2024-10-03,10,1.87,32.33,393.9,0
gurugram,2024-10-04,10,1.41,27.87,443.5,1
gurugram,2024-10-05,10,2.66,32.75,477.1,1
gurugram,2024-10-06,10,2.17,30.39,415.4,1
gurugram,2024-10-07,10,0.93,31.14,423.0,1
gurugram,2024-10-08,10,1.0,32.54,384.3,0
gurugram,2024-10-09,10,1.65,36.22,399.1,0
gurugram,2024-10-10,10,0.91,33.19,420.1,1
gurugram,2024-10-11,10,1.4,30.72,370.8,0
gurugram,2024-10-12,10,0.22,32.02,383.4,0
gurugram,2024-10-13,10,1.66,30.15,439.0,1
gurugram,2024-10-14,10,0.66,34.62,435.3,1
gurugram,2024-10-15,10,1.08,36.53,397.6,0
gurugram,2024-10-16,10,5.48,32.03,424.8,1
gurugram,2024-10-17,10,1.04,34.64,459.2,1
gurugram,2024-10-18,10,0.37,32.38,449.4,1
gurugram,2024-10-19,10,0.79,31.0,367.3,0
gurugram,2024-10-20,10,2.32,33.92,372.4,0
gurugram,2024-10-21,10,1.31,33.03,405.3,1
gurugram,2024-10-22,10,0.91,33.0,424.3,1
gurugram,2024-10-23,10,0.86,31.85,445.2,1
gurugram,2024-10-24,10,0.42,35.39,416.4,1
gurugram,2024-10-25,10,2.13,33.02,396.6,0
gurugram,2024-10-26,10,2.62,30.68,448.1,1
gurugram,2024-10-27,10,1.9,37.06,432.5,1
gurugram,2024-10-28,10,1.36,32.67,391.6,0
gurugram,2024-10-29,10,1.35,34.33,379.1,0
gurugram,2024-10-30,10,1.52,32.61,416.6,1
gurugram,2024-10-31,10,0.8,33.87,358.8,0
gurugram,2024-11-01,11,1.17,31.37,615.9,1
gurugram,2024-11-02,11,0.64,31.06,534.7,1
gurugram,2024-11-03,11,1.04,31.29,607.6,1
gurugram,2024-11-04,11,0.66,32.01,558.2,1
gurugram,2024-11-05,11,0.57,35.15,531.5,1
gurugram,2024-11-06,11,1.23,33.82,591.2,1
gurugram,2024-11-07,11,2.37,31.08,528.7,1
gurugram,2024-11-08,11,0.57,32.19,616.0,1
gurugram,2024-11-09,11,0.8,31.95,559.6,1
gurugram,2024-11-10,11,0.7,28.92,558.3,1
gurugram,2024-11-11,11,3.67,34.11,603.0,1
gurugram,2024-11-12,11,0.84,35.82,481.6,1
gurugram,2024-11-13,11,1.92,34.64,539.6,1
gurugram,2024-11-14,11,0.91,30.39,548.8,1
gurugram,2024-11-15,11,2.27,34.98,575.1,1
gurugram,2024-11-16,11,3.9,32.33,602.9,1
gurugram,2024-11-17,11,1.71,31.57,577.3,1
gurugram,2024-11-18,11,0.95,34.93,577.4,1
gurugram,2024-11-19,11,0.9,31.02,567.1,1
gurugram,2024-11-20,11,0.26,32.59,528.7,1
gurugram,2024-11-21,11,1.77,32.91,543.5,1
gurugram,2024-11-22,11,0.35,32.04,564.8,1
gurugram,2024-11-23,11,1.22,33.38,582.8,1
gurugram,2024-11-24,11,1.58,33.68,556.4,1
gurugram,2024-11-25,11,0.67,32.29,573.7,1
gurugram,2024-11-26,11,0.95,32.44,554.4,1
gurugram,2024-11-27,11,1.43,28.9,555.3,1
gurugram,2024-11-28,11,1.81,29.91,557.3,1
gurugram,2024-11-29,11,2.83,33.07,595.8,1
gurugram,2024-11-30,11,1.71,29.79,538.2,1
gurugram,2024-12-01,12,2.59,21.71,702.8,1
gurugram,2024-12-02,12,2.06,24.71,651.2,1
gurugram,2024-12-03,12,2.58,20.7,722.9,1
gurugram,2024-12-04,12,5.97,21.81,673.2,1
gurugram,2024-12-05,12,0.23,17.05,704.9,1
gurugram,2024-12-06,12,0.68,21.51,764.0,1
gurugram,2024-12-07,12,0.73,19.58,664.9,1
gurugram,2024-12-08,12,2.73,22.07,674.0,1
gurugram,2024-12-09,12,2.21,22.69,760.4,1
gurugram,2024-12-10,12,1.2,22.48,698.0,1
gurugram,2024-12-11,12,0.51,25.85,677.0,1
gurugram,2024-12-12,12,2.29,24.04,736.9,1
gurugram,2024-12-13,12,2.53,20.69,708.3,1
gurugram,2024-12-14,12,1.09,23.69,707.4,1
gurugram,2024-12-15,12,2.76,21.45,644.7,1
gurugram,2024-12-16,12,1.08,23.31,674.2,1
gurugram,2024-12-17,12,1.07,21.08,697.0,1
gurugram,2024-12-18,12,1.03,27.95,711.1,1
gurugram,2024-12-19,12,0.39,20.49,733.0,1
gurugram,2024-12-20,12,2.35,22.94,705.3,1
gurugram,2024-12-21,12,1.12,20.6,734.7,1
gurugram,2024-12-22,12,2.44,19.65,691.0,1
gurugram,2024-12-23,12,2.46,24.41,679.4,1
gurugram,2024-12-24,12,1.46,24.6,737.5,1
gurugram,2024-12-25,12,1.35,23.96,632.5,1
gurugram,2024-12-26,12,1.45,24.29,699.3,1
gurugram,2024-12-27,12,3.51,23.01,671.8,1
gurugram,2024-12-28,12,0.73,21.74,679.0,1
gurugram,2024-12-29,12,2.71,23.68,716.6,1
gurugram,2024-12-30,12,1.52,24.37,700.4,1
gurugram,2024-12-31,12,0.41,22.16,725.7,1
gurugram,2025-01-01,1,1.66,22.18,756.8,1
gurugram,2025-01-02,1,2.12,20.41,796.2,1
gurugram,2025-01-03,1,3.95,18.11,787.4,1
gurugram,2025-01-04,1,2.13,19.1,742.5,1
gurugram,2025-01-05,1,1.84,18.79,776.7,1
gurugram,2025-01-06,1,1.42,21.23,736.3,1
gurugram,2025-01-07,1,0.06,17.69,779.7,1
gurugram,2025-01-08,1,3.86,25.25,816.8,1
gurugram,2025-01-09,1,0.62,19.16,756.1,1
gurugram,2025-01-10,1,0.57,18.57,743.9,1
gurugram,2025-01-11,1,5.06,22.28,788.1,1
gurugram,2025-01-12,1,1.2,18.5,779.9,1
gurugram,2025-01-13,1,1.03,21.16,780.6,1
gurugram,2025-01-14,1,0.54,23.47,814.8,1
gurugram,2025-01-15,1,0.69,17.75,824.7,1
gurugram,2025-01-16,1,0.66,21.36,795.6,1
gurugram,2025-01-17,1,3.71,21.11,725.2,1
gurugram,2025-01-18,1,1.88,24.05,779.1,1
gurugram,2025-01-19,1,0.61,21.22,837.5,1
gurugram,2025-01-20,1,1.6,21.47,813.6,1
gurugram,2025-01-21,1,1.54,22.03,748.2,1
gurugram,2025-01-22,1,1.6,19.87,784.0,1
gurugram,2025-01-23,1,0.51,19.64,803.5,1
gurugram,2025-01-24,1,0.82,19.26,823.8,1
gurugram,2025-01-25,1,1.9,23.67,772.6,1
gurugram,2025-01-26,1,1.07,22.02,732.4,1
gurugram,2025-01-27,1,5.35,19.53,813.1,1
gurugram,2025-01-28,1,1.92,24.79,750.7,1
gurugram,2025-01-29,1,1.37,22.63,814.2,1
gurugram,2025-01-30,1,0.22,21.68,830.2,1
gurugram,2025-01-31,1,1.63,18.16,789.4,1
gurugram,2025-02-01,2,0.76,22.91,277.2,0
gurugram,2025-02-02,2,0.95,23.48,283.6,0
gurugram,2025-02-03,2,2.66,24.3,214.2,0
gurugram,2025-02-04,2,1.38,25.21,302.9,0
gurugram,2025-02-05,2,1.64,21.69,305.4,0
gurugram,2025-02-06,2,0.71,24.4,254.2,0
gurugram,2025-02-07,2,2.01,26.24,290.0,0
gurugram,2025-02-08,2,2.12,23.2,293.6,0
gurugram,2025-02-09,2,0.75,16.51,268.0,0
gurugram,2025-02-10,2,1.24,21.13,271.1,0
gurugram,2025-02-11,2,3.02,23.03,263.5,0
gurugram,2025-02-12,2,2.45,24.13,279.8,0
gurugram,2025-02-13,2,1.7,21.65,244.8,0
gurugram,2025-02-14,2,2.35,26.3,270.5,0
gurugram,2025-02-15,2,0.64,19.5,304.2,0
gurugram,2025-02-16,2,2.79,19.23,272.5,0
gurugram,2025-02-17,2,5.88,22.77,319.5,0
gurugram,2025-02-18,2,1.55,23.08,273.7,0
gurugram,2025-02-19,2,3.85,19.77,256.1,0
gurugram,2025-02-20,2,1.64,22.46,286.3,0
gurugram,2025-02-21,2,0.89,23.76,243.1,0
gurugram,2025-02-22,2,2.85,22.78,309.7,0
gurugram,2025-02-23,2,0.85,18.06,304.6,0
gurugram,2025-02-24,2,1.09,24.55,295.1,0
gurugram,2025-02-25,2,5.69,23.46,274.5,0
gurugram,2025-02-26,2,0.57,19.14,250.3,0
gurugram,2025-02-27,2,2.31,25.91,257.0,0
gurugram,2025-02-28,2,1.52,24.06,324.9,0
gurugram,2025-03-01,3,0.36,32.23,276.4,0
gurugram,2025-03-02,3,1.99,30.29,286.6,0
gurugram,2025-03-03,3,2.24,27.68,317.2,0
gurugram,2025-03-04,3,2.2,33.62,322.5,0
gurugram,2025-03-05,3,1.36,32.15,273.0,0
gurugram,2025-03-06,3,1.37,30.1,264.3,0
gurugram,2025-03-07,3,1.15,37.76,295.6,0
gurugram,2025-03-08,3,2.24,32.5,300.2,0
gurugram,2025-03-09,3,2.62,30.23,364.8,0
gurugram,2025-03-10,3,1.39,32.28,294.4,0
gurugram,2025-03-11,3,0.8,33.13,266.4,0
gurugram,2025-03-12,3,0.19,31.16,259.2,0
gurugram,2025-03-13,3,1.56,31.78,326.9,0
gurugram,2025-03-14,3,0.87,30.07,299.9,0
gurugram,2025-03-15,3,3.13,30.42,241.8,0
gurugram,2025-03-16,3,0.34,28.76,317.6,0
gurugram,2025-03-17,3,1.9,32.8,297.9,0
gurugram,2025-03-18,3,1.51,32.78,271.4,0
gurugram,2025-03-19,3,1.93,33.6,290.5,0
gurugram,2025-03-20,3,1.56,32.73,261.3,0
gurugram,2025-03-21,3,0.92,32.8,261.2,0
gurugram,2025-03-22,3,2.73,29.48,263.8,0
gurugram,2025-03-23,3,0.87,31.43,290.6,0
gurugram,2025-03-24,3,1.69,32.78,283.4,0
gurugram,2025-03-25,3,2.3,34.85,277.5,0
gurugram,2025-03-26,3,1.72,30.1,266.2,0
gurugram,2025-03-27,3,0.54,29.85,262.1,0
gurugram,2025-03-28,3,1.93,30.56,250.5,0
gurugram,2025-03-29,3,0.56,30.56,279.7,0
gurugram,2025-03-30,3,2.7,30.85,307.8,0
gurugram,2025-03-31,3,0.23,32.38,305.3,0
gurugram,2025-04-01,4,1.15,38.83,282.8,0
gurugram,2025-04-02,4,1.11,38.11,298.6,0
gurugram,2025-04-03,4,0.48,40.06,276.3,0
gurugram,2025-04-04,4,1.49,39.46,244.3,0
gurugram,2025-04-05,4,2.23,35.69,277.2,0
gurugram,2025-04-06,4,2.24,37.22,273.7,0
gurugram,2025-04-07,4,3.43,38.33,303.2,0
gurugram,2025-04-08,4,0.78,38.92,253.0,0
gurugram,2025-04-09,4,2.4,39.6,274.2,0
gurugram,2025-04-10,4,2.39,39.6,337.6,0
gurugram,2025-04-11,4,1.42,37.6,308.4,0
gurugram,2025-04-12,4,2.47,35.99,295.9,0
gurugram,2025-04-13,4,2.72,40.54,299.0,0
gurugram,2025-04-14,4,1.02,36.24,289.1,0
gurugram,2025-04-15,4,0.3,40.52,298.9,0
gurugram,2025-04-16,4,1.81,39.22,323.4,0
gurugram,2025-04-17,4,0.22,38.28,310.4,0
gurugram,2025-04-18,4,0.43,40.05,244.5,0
gurugram,2025-04-19,4,5.04,37.62,271.3,0
gurugram,2025-04-20,4,0.91,38.56,264.0,0
gurugram,2025-04-21,4,1.46,39.56,326.1,0
gurugram,2025-04-22,4,0.32,40.12,325.0,0
gurugram,2025-04-23,4,1.87,38.56,304.3,0
gurugram,2025-04-24,4,5.02,37.15,307.7,0
gurugram,2025-04-25,4,0.59,39.18,274.7,0
gurugram,2025-04-26,4,1.74,37.77,248.4,0
gurugram,2025-04-27,4,0.91,35.5,269.7,0
gurugram,2025-04-28,4,1.49,39.41,239.3,0
gurugram,2025-04-29,4,1.33,37.13,258.5,0
gurugram,2025-04-30,4,1.68,35.67,294.9,0
gurugram,2025-05-01,5,1.69,43.55,285.7,1
gurugram,2025-05-02,5,1.35,43.61,309.3,1
gurugram,2025-05-03,5,0.69,44.75,243.0,1
gurugram,2025-05-04,5,1.02,44.66,249.6,1
gurugram,2025-05-05,5,1.48,42.78,304.7,1
gurugram,2025-05-06,5,1.51,42.96,264.2,1
gurugram,2025-05-07,5,2.52,44.14,326.2,1
gurugram,2025-05-08,5,3.21,44.34,262.4,1
gurugram,2025-05-09,5,0.33,43.92,273.8,1
gurugram,2025-05-10,5,0.74,42.57,225.1,1
gurugram,2025-05-11,5,1.83,43.86,236.0,1
gurugram,2025-05-12,5,0.1,45.95,276.3,1
gurugram,2025-05-13,5,2.11,45.04,236.9,1
gurugram,2025-05-14,5,0.31,41.93,328.7,0
gurugram,2025-05-15,5,1.17,49.17,275.6,1
gurugram,2025-05-16,5,3.39,45.2,226.9,1
gurugram,2025-05-17,5,1.39,42.44,269.9,1
gurugram,2025-05-18,5,1.63,42.81,303.6,1
gurugram,2025-05-19,5,1.17,45.82,219.3,1
gurugram,2025-05-20,5,1.0,44.46,299.8,1
gurugram,2025-05-21,5,2.45,44.52,233.9,1
gurugram,2025-05-22,5,0.14,45.71,293.6,1
gurugram,2025-05-23,5,0.4,41.47,274.5,0
gurugram,2025-05-24,5,1.64,38.94,279.6,0
gurugram,2025-05-25,5,0.65,41.52,245.0,0
gurugram,2025-05-26,5,1.63,43.78,311.5,1
gurugram,2025-05-27,5,0.86,45.31,260.3,1
gurugram,2025-05-28,5,0.21,42.9,228.5,1
gurugram,2025-05-29,5,1.0,43.64,262.9,1
gurugram,2025-05-30,5,1.73,41.17,255.8,0
gurugram,2025-05-31,5,0.38,42.0,326.2,1
gurugram,2025-06-01,6,7.88,38.29,254.8,0
gurugram,2025-06-02,6,20.83,36.92,293.5,0
gurugram,2025-06-03,6,5.52,39.96,262.7,0
gurugram,2025-06-04,6,12.89,41.86,236.5,0
gurugram,2025-06-05,6,12.74,39.68,312.5,0
gurugram,2025-06-06,6,5.13,38.15,284.9,0
gurugram,2025-06-07,6,13.23,38.34,295.1,0
gurugram,2025-06-08,6,6.92,39.09,283.9,0
gurugram,2025-06-09,6,12.31,43.38,321.7,1
gurugram,2025-06-10,6,30.36,40.03,268.1,0
gurugram,2025-06-11,6,6.64,36.35,259.7,0
gurugram,2025-06-12,6,28.22,38.91,228.7,0
gurugram,2025-06-13,6,8.19,43.04,296.0,1
gurugram,2025-06-14,6,23.52,37.33,314.9,0
gurugram,2025-06-15,6,5.17,35.99,278.8,0
gurugram,2025-06-16,6,16.33,38.17,261.1,0
gurugram,2025-06-17,6,13.8,42.17,238.9,1
gurugram,2025-06-18,6,4.44,37.5,292.2,0
gurugram,2025-06-19,6,5.83,35.56,275.8,0
gurugram,2025-06-20,6,12.69,40.86,264.2,0
gurugram,2025-06-21,6,36.75,37.62,245.9,0
gurugram,2025-06-22,6,35.4,41.75,265.9,0
gurugram,2025-06-23,6,15.52,39.16,266.3,0
gurugram,2025-06-24,6,21.53,35.84,273.0,0
gurugram,2025-06-25,6,3.31,37.64,288.6,0
gurugram,2025-06-26,6,23.38,40.9,291.6,0
gurugram,2025-06-27,6,8.05,38.85,289.7,0
gurugram,2025-06-28,6,22.9,40.04,334.4,0
gurugram,2025-06-29,6,13.15,37.34,301.4,0
gurugram,2025-06-30,6,28.15,37.37,207.0,0
gurugram,2025-07-01,7,24.49,34.92,265.9,0
gurugram,2025-07-02,7,2.96,30.44,250.6,0
gurugram,2025-07-03,7,17.46,33.67,268.5,0
gurugram,2025-07-04,7,23.83,30.41,207.2,0
gurugram,2025-07-05,7,11.97,31.86,233.5,0
gurugram,2025-07-06,7,22.38,32.28,238.9,0
gurugram,2025-07-07,7,22.96,32.87,207.1,0
gurugram,2025-07-08,7,9.0,31.24,236.3,0
gurugram,2025-07-09,7,38.0,32.49,227.8,0
gurugram,2025-07-10,7,22.12,33.17,295.6,0
gurugram,2025-07-11,7,16.4,30.61,243.9,0
gurugram,2025-07-12,7,35.44,32.05,257.6,0
gurugram,2025-07-13,7,18.8,29.94,226.9,0
gurugram,2025-07-14,7,13.04,33.69,291.1,0
gurugram,2025-07-15,7,24.22,32.61,335.0,0
gurugram,2025-07-16,7,11.33,32.24,304.1,0
gurugram,2025-07-17,7,46.35,32.98,255.4,0
gurugram,2025-07-18,7,2.32,29.56,255.8,0
gurugram,2025-07-19,7,2.23,30.35,308.7,0
gurugram,2025-07-20,7,41.43,32.66,288.8,0
gurugram,2025-07-21,7,13.84,30.1,274.4,0
gurugram,2025-07-22,7,5.64,32.81,284.0,0
gurugram,2025-07-23,7,8.86,33.47,238.5,0
gurugram,2025-07-24,7,17.88,30.95,255.1,0
gurugram,2025-07-25,7,6.78,32.41,284.3,0
gurugram,2025-07-26,7,21.36,27.99,252.5,0
gurugram,2025-07-27,7,37.2,29.46,251.8,0
gurugram,2025-07-28,7,15.84,30.3,298.9,0
gurugram,2025-07-29,7,23.63,32.65,311.3,0
gurugram,2025-07-30,7,15.01,30.92,298.0,0
gurugram,2025-07-31,7,11.97,33.6,281.0,0
gurugram,2025-08-01,8,2.87,32.91,259.7,0
gurugram,2025-08-02,8,19.07,31.94,225.6,0
gurugram,2025-08-03,8,11.99,32.56,254.5,0
gurugram,2025-08-04,8,13.85,33.29,200.1,0
gurugram,2025-08-05,8,13.1,32.14,279.8,0
gurugram,2025-08-06,8,10.97,30.75,277.5,0
gurugram,2025-08-07,8,14.67,33.91,282.3,0
gurugram,2025-08-08,8,6.3,31.16,262.9,0
gurugram,2025-08-09,8,14.18,33.34,309.0,0
gurugram,2025-08-10,8,15.95,33.88,240.0,0
gurugram,2025-08-11,8,16.01,35.12,287.4,0
gurugram,2025-08-12,8,8.03,31.48,286.5,0
gurugram,2025-08-13,8,10.86,33.91,313.7,0
gurugram,2025-08-14,8,13.2,27.49,225.1,0
gurugram,2025-08-15,8,24.07,33.66,285.7,0
gurugram,2025-08-16,8,18.96,33.24,342.0,0
gurugram,2025-08-17,8,9.16,33.38,277.5,0
gurugram,2025-08-18,8,15.86,31.97,234.4,0
gurugram,2025-08-19,8,7.01,31.78,253.2,0
gurugram,2025-08-20,8,13.74,32.34,253.3,0
gurugram,2025-08-21,8,3.41,31.08,291.4,0
gurugram,2025-08-22,8,10.46,31.07,246.4,0
gurugram,2025-08-23,8,21.25,30.96,336.5,0
gurugram,2025-08-24,8,16.69,32.54,231.4,0
gurugram,2025-08-25,8,3.69,31.95,272.9,0
gurugram,2025-08-26,8,25.0,32.94,315.7,0
gurugram,2025-08-27,8,13.29,33.04,256.9,0
gurugram,2025-08-28,8,14.68,31.65,291.0,0
gurugram,2025-08-29,8,7.66,33.83,303.4,0
gurugram,2025-08-30,8,17.06,30.8,257.9,0
gurugram,2025-08-31,8,6.49,30.66,313.1,0
gurugram,2025-09-01,9,5.54,33.28,300.0,0
gurugram,2025-09-02,9,2.16,29.77,239.1,0
gurugram,2025-09-03,9,18.93,31.99,227.6,0
gurugram,2025-09-04,9,5.98,31.73,312.2,0
gurugram,2025-09-05,9,3.53,34.89,315.2,0
gurugram,2025-09-06,9,2.9,28.45,276.8,0
gurugram,2025-09-07,9,3.04,33.6,308.9,0
gurugram,2025-09-08,9,14.24,31.9,277.8,0
gurugram,2025-09-09,9,5.58,32.21,271.1,0
gurugram,2025-09-10,9,8.32,32.69,219.8,0
gurugram,2025-09-11,9,12.09,32.06,221.5,0
gurugram,2025-09-12,9,18.29,32.29,269.6,0
gurugram,2025-09-13,9,7.44,29.22,212.2,0
gurugram,2025-09-14,9,5.13,30.8,278.0,0
gurugram,2025-09-15,9,14.28,30.62,306.0,0
gurugram,2025-09-16,9,21.11,32.15,247.6,0
gurugram,2025-09-17,9,10.22,31.25,296.1,0
gurugram,2025-09-18,9,12.46,31.04,279.9,0
gurugram,2025-09-19,9,29.2,32.53,309.6,0
gurugram,2025-09-20,9,3.38,34.25,325.1,0
gurugram,2025-09-21,9,5.25,33.82,292.4,0
gurugram,2025-09-22,9,15.33,34.89,302.3,0
gurugram,2025-09-23,9,17.06,30.61,255.1,0
gurugram,2025-09-24,9,11.11,33.72,332.4,0
gurugram,2025-09-25,9,11.6,32.63,291.2,0
gurugram,2025-09-26,9,5.18,33.59,269.6,0
gurugram,2025-09-27,9,8.73,37.83,313.7,0
gurugram,2025-09-28,9,9.46,30.85,294.2,0
gurugram,2025-09-29,9,4.92,30.93,305.5,0
gurugram,2025-09-30,9,19.5,31.02,271.6,0
gurugram,2025-10-01,10,0.19,29.46,427.3,1
gurugram,2025-10-02,10,1.49,33.82,393.0,0
gurugram,2025-10-03,10,1.1,32.09,460.0,1
gurugram,2025-10-04,10,0.36,34.28,395.3,0
gurugram,2025-10-05,10,1.68,32.71,420.1,1
gurugram,2025-10-06,10,0.71,34.84,483.3,1
gurugram,2025-10-07,10,1.96,32.63,351.5,0
gurugram,2025-10-08,10,1.31,32.53,414.2,1
gurugram,2025-10-09,10,3.39,26.99,423.1,1
gurugram,2025-10-10,10,1.72,32.08,433.0,1
gurugram,2025-10-11,10,2.34,32.29,418.9,1
gurugram,2025-10-12,10,2.14,36.23,437.3,1
gurugram,2025-10-13,10,1.45,30.52,423.5,1
gurugram,2025-10-14,10,1.23,33.0,418.1,1
gurugram,2025-10-15,10,1.26,32.2,418.1,1
gurugram,2025-10-16,10,2.42,35.07,452.3,1
gurugram,2025-10-17,10,2.26,34.97,435.8,1
gurugram,2025-10-18,10,1.03,32.07,452.6,1
gurugram,2025-10-19,10,2.94,31.98,418.0,1
gurugram,2025-10-20,10,3.03,31.52,408.8,1
gurugram,2025-10-21,10,1.07,30.27,393.3,0
gurugram,2025-10-22,10,0.61,30.48,348.1,0
gurugram,2025-10-23,10,3.18,34.3,412.6,1
gurugram,2025-10-24,10,1.11,31.82,449.8,1
gurugram,2025-10-25,10,0.76,37.01,381.0,0
gurugram,2025-10-26,10,0.29,33.41,396.6,0
gurugram,2025-10-27,10,1.03,35.45,487.9,1
gurugram,2025-10-28,10,0.24,29.05,405.5,1
gurugram,2025-10-29,10,0.35,31.11,379.4,0
gurugram,2025-10-30,10,0.5,35.09,412.6,1
gurugram,2025-10-31,10,1.07,28.96,406.1,1
gurugram,2025-11-01,11,2.43,33.19,546.5,1
gurugram,2025-11-02,11,1.42,29.56,594.0,1
gurugram,2025-11-03,11,2.23,31.48,525.1,1
gurugram,2025-11-04,11,3.15,32.72,566.5,1
gurugram,2025-11-05,11,0.81,30.44,540.4,1
gurugram,2025-11-06,11,5.09,31.0,602.5,1
gurugram,2025-11-07,11,2.18,31.95,613.0,1
gurugram,2025-11-08,11,1.5,31.18,532.0,1
gurugram,2025-11-09,11,0.53,35.18,592.0,1
gurugram,2025-11-10,11,0.41,31.45,549.1,1
gurugram,2025-11-11,11,3.47,33.75,574.5,1
gurugram,2025-11-12,11,1.75,29.83,582.3,1
gurugram,2025-11-13,11,1.07,32.72,519.1,1
gurugram,2025-11-14,11,3.13,29.52,555.6,1
gurugram,2025-11-15,11,1.27,33.19,593.3,1
gurugram,2025-11-16,11,0.92,32.0,550.0,1
gurugram,2025-11-17,11,1.09,32.67,585.6,1
gurugram,2025-11-18,11,2.11,31.28,571.0,1
gurugram,2025-11-19,11,0.4,28.57,540.4,1
gurugram,2025-11-20,11,0.44,34.08,594.5,1
gurugram,2025-11-21,11,0.16,30.92,564.6,1
gurugram,2025-11-22,11,1.98,31.46,554.6,1
gurugram,2025-11-23,11,1.2,30.31,582.3,1
gurugram,2025-11-24,11,2.38,29.96,575.1,1
gurugram,2025-11-25,11,1.38,36.0,553.1,1
gurugram,2025-11-26,11,0.24,28.52,595.6,1
gurugram,2025-11-27,11,2.63,31.68,600.1,1
gurugram,2025-11-28,11,0.75,30.43,617.3,1
gurugram,2025-11-29,11,1.25,31.08,542.9,1
gurugram,2025-11-30,11,3.52,30.69,535.1,1
gurugram,2025-12-01,12,0.68,21.73,699.3,1
gurugram,2025-12-02,12,0.73,24.9,720.3,1
gurugram,2025-12-03,12,0.39,25.58,642.8,1
gurugram,2025-12-04,12,1.45,22.58,709.9,1
gurugram,2025-12-05,12,0.76,29.2,709.5,1
gurugram,2025-12-06,12,1.63,24.04,680.9,1
gurugram,2025-12-07,12,1.82,22.76,667.1,1
gurugram,2025-12-08,12,1.22,21.86,641.1,1
gurugram,2025-12-09,12,3.58,22.61,632.6,1
gurugram,2025-12-10,12,2.8,24.92,706.4,1
gurugram,2025-12-11,12,1.74,23.31,664.9,1
gurugram,2025-12-12,12,1.04,19.41,713.8,1
gurugram,2025-12-13,12,1.26,22.89,706.5,1
gurugram,2025-12-14,12,2.12,16.56,696.8,1
gurugram,2025-12-15,12,2.15,24.49,751.1,1
gurugram,2025-12-16,12,0.03,21.69,760.5,1
gurugram,2025-12-17,12,0.32,23.08,706.8,1
gurugram,2025-12-18,12,3.64,25.56,693.2,1
gurugram,2025-12-19,12,2.22,24.06,739.1,1
gurugram,2025-12-20,12,1.86,23.41,711.9,1
gurugram,2025-12-21,12,0.8,20.59,708.1,1
gurugram,2025-12-22,12,1.13,21.96,659.8,1
gurugram,2025-12-23,12,2.45,21.23,733.9,1
gurugram,2025-12-24,12,0.59,23.37,684.6,1
gurugram,2025-12-25,12,1.1,21.55,758.9,1
gurugram,2025-12-26,12,1.38,21.0,716.0,1
gurugram,2025-12-27,12,1.54,25.06,685.6,1
gurugram,2025-12-28,12,0.36,22.15,705.7,1
gurugram,2025-12-29,12,1.03,22.75,672.3,1
gurugram,2025-12-30,12,0.75,20.6,698.7,1
nagpur,2023-01-01,1,1.74,20.26,258.3,0
nagpur,2023-01-02,1,0.75,25.26,232.3,0
nagpur,2023-01-03,1,1.11,22.36,267.8,0
nagpur,2023-01-04,1,1.19,20.84,282.6,0
nagpur,2023-01-05,1,0.48,23.94,262.3,0
nagpur,2023-01-06,1,0.75,18.22,256.6,0
nagpur,2023-01-07,1,0.91,17.67,237.5,0
nagpur,2023-01-08,1,0.65,21.55,279.4,0
nagpur,2023-01-09,1,2.01,20.71,256.6,0
nagpur,2023-01-10,1,2.03,18.71,270.4,0
nagpur,2023-01-11,1,1.39,16.47,255.0,0
nagpur,2023-01-12,1,1.13,20.47,269.9,0
nagpur,2023-01-13,1,0.72,22.41,281.4,0
nagpur,2023-01-14,1,2.13,20.44,300.9,0
nagpur,2023-01-15,1,4.08,16.39,219.4,0
nagpur,2023-01-16,1,2.56,21.61,226.9,0
nagpur,2023-01-17,1,0.86,19.94,242.4,0
nagpur,2023-01-18,1,0.86,20.0,247.4,0
nagpur,2023-01-19,1,1.59,24.52,244.0,0
nagpur,2023-01-20,1,0.89,16.29,194.7,0
nagpur,2023-01-21,1,3.41,22.76,234.7,0
nagpur,2023-01-22,1,5.07,21.47,300.7,0
nagpur,2023-01-23,1,1.11,23.59,241.4,0
nagpur,2023-01-24,1,1.44,18.98,261.6,0
nagpur,2023-01-25,1,0.45,22.71,192.5,0
nagpur,2023-01-26,1,0.68,20.91,180.6,0
nagpur,2023-01-27,1,1.52,22.1,241.5,0
nagpur,2023-01-28,1,0.82,19.63,261.9,0
nagpur,2023-01-29,1,1.98,14.97,199.5,0
nagpur,2023-01-30,1,0.83,22.76,288.7,0
nagpur,2023-01-31,1,0.54,22.0,268.2,0
nagpur,2023-02-01,2,0.79,20.74,125.3,0
nagpur,2023-02-02,2,1.2,23.95,145.2,0
nagpur,2023-02-03,2,0.6,25.54,79.6,0
nagpur,2023-02-04,2,0.08,21.87,93.8,0
nagpur,2023-02-05,2,0.6,24.45,71.0,0
nagpur,2023-02-06,2,1.16,26.25,75.1,0
nagpur,2023-02-07,2,0.9,21.64,74.4,0
nagpur,2023-02-08,2,2.25,24.49,92.9,0
nagpur,2023-02-09,2,0.21,23.71,103.4,0
nagpur,2023-02-10,2,1.22,21.68,106.1,0
nagpur,2023-02-11,2,0.73,24.23,136.0,0
nagpur,2023-02-12,2,0.84,22.39,140.2,0
nagpur,2023-02-13,2,0.55,26.65,107.4,0
nagpur,2023-02-14,2,2.48,21.62,77.6,0
nagpur,2023-02-15,2,0.86,23.48,54.4,0
nagpur,2023-02-16,2,2.23,22.24,106.5,0
nagpur,2023-02-17,2,1.0,22.11,128.0,0
nagpur,2023-02-18,2,2.95,22.35,117.6,0
nagpur,2023-02-19,2,1.46,24.74,97.9,0
nagpur,2023-02-20,2,0.19,25.7,100.6,0
nagpur,2023-02-21,2,0.67,22.33,72.9,0
nagpur,2023-02-22,2,0.5,20.46,96.2,0
nagpur,2023-02-23,2,0.69,21.9,107.8,0
nagpur,2023-02-24,2,1.8,25.06,106.3,0
nagpur,2023-02-25,2,3.94,27.14,56.6,0
nagpur,2023-02-26,2,1.0,22.46,93.6,0
nagpur,2023-02-27,2,4.88,22.29,59.7,0
nagpur,2023-02-28,2,1.82,20.11,130.8,0
nagpur,2023-03-01,3,2.59,31.26,118.4,0
nagpur,2023-03-02,3,1.7,34.53,95.9,0
nagpur,2023-03-03,3,1.86,31.06,149.6,0
nagpur,2023-03-04,3,2.87,31.58,47.8,0
nagpur,2023-03-05,3,1.01,34.58,84.0,0
nagpur,2023-03-06,3,0.56,29.85,120.4,0
nagpur,2023-03-07,3,1.2,34.2,75.8,0
nagpur,2023-03-08,3,3.31,34.0,118.8,0
nagpur,2023-03-09,3,1.31,32.13,107.4,0
nagpur,2023-03-10,3,0.81,28.82,75.1,0
nagpur,2023-03-11,3,0.96,31.54,142.1,0
nagpur,2023-03-12,3,1.88,33.35,83.8,0
nagpur,2023-03-13,3,0.66,31.35,104.0,0
nagpur,2023-03-14,3,1.29,31.13,98.6,0
nagpur,2023-03-15,3,1.02,32.54,93.9,0
nagpur,2023-03-16,3,0.56,33.08,105.9,0
nagpur,2023-03-17,3,0.52,30.58,81.7,0
nagpur,2023-03-18,3,0.93,34.63,129.1,0
nagpur,2023-03-19,3,1.39,32.74,62.3,0
nagpur,2023-03-20,3,0.39,33.03,112.7,0
nagpur,2023-03-21,3,2.19,32.48,76.6,0
nagpur,2023-03-22,3,1.32,29.42,83.7,0
nagpur,2023-03-23,3,1.92,31.11,84.1,0
nagpur,2023-03-24,3,2.01,30.13,38.3,0
nagpur,2023-03-25,3,4.88,34.47,37.4,0
nagpur,2023-03-26,3,0.87,36.77,65.9,0
nagpur,2023-03-27,3,1.63,30.99,78.8,0
nagpur,2023-03-28,3,5.27,32.47,49.1,0
nagpur,2023-03-29,3,1.07,32.81,138.8,0
nagpur,2023-03-30,3,1.21,25.97,93.8,0
nagpur,2023-03-31,3,0.83,30.82,97.6,0
nagpur,2023-04-01,4,2.7,38.76,70.7,0
nagpur,2023-04-02,4,1.43,35.63,79.3,0
nagpur,2023-04-03,4,1.16,35.51,92.3,0
nagpur,2023-04-04,4,0.28,38.87,73.7,0
nagpur,2023-04-05,4,0.34,39.21,62.3,0
nagpur,2023-04-06,4,1.32,38.26,78.2,0
nagpur,2023-04-07,4,1.18,40.17,106.2,0
nagpur,2023-04-08,4,0.23,38.72,40.2,0
nagpur,2023-04-09,4,1.04,34.25,71.1,0
nagpur,2023-04-10,4,1.26,39.52,94.8,0
nagpur,2023-04-11,4,0.4,39.16,55.8,0
nagpur,2023-04-12,4,3.32,39.34,72.9,0
nagpur,2023-04-13,4,1.01,39.59,83.7,0
nagpur,2023-04-14,4,0.95,41.45,46.5,0
nagpur,2023-04-15,4,0.6,38.66,118.5,0
nagpur,2023-04-16,4,1.67,39.38,54.4,0
nagpur,2023-04-17,4,0.04,38.7,126.4,0
nagpur,2023-04-18,4,3.42,39.37,123.7,0
nagpur,2023-04-19,4,3.61,38.87,83.9,0
nagpur,2023-04-20,4,1.64,37.31,120.9,0
nagpur,2023-04-21,4,0.83,40.32,112.9,0
nagpur,2023-04-22,4,0.57,37.89,113.9,0
nagpur,2023-04-23,4,0.87,38.35,83.3,0
nagpur,2023-04-24,4,3.03,38.52,112.8,0
nagpur,2023-04-25,4,1.18,35.23,115.8,0
nagpur,2023-04-26,4,1.15,38.65,131.8,0
nagpur,2023-04-27,4,2.95,38.91,96.3,0
nagpur,2023-04-28,4,3.75,36.86,116.4,0
nagpur,2023-04-29,4,1.58,39.71,45.6,0
nagpur,2023-04-30,4,1.37,40.54,77.1,0
nagpur,2023-05-01,5,3.06,46.29,127.0,1
nagpur,2023-05-02,5,1.89,47.2,91.9,1
nagpur,2023-05-03,5,1.0,40.84,75.5,0
nagpur,2023-05-04,5,0.67,44.86,131.2,1
nagpur,2023-05-05,5,1.97,46.51,104.3,1
nagpur,2023-05-06,5,1.83,44.28,74.1,1
nagpur,2023-05-07,5,1.71,44.07,111.4,1
nagpur,2023-05-08,5,1.13,43.38,111.2,1
nagpur,2023-05-09,5,1.81,41.75,72.4,0
nagpur,2023-05-10,5,0.83,43.04,137.7,1
nagpur,2023-05-11,5,1.2,43.95,81.2,1
nagpur,2023-05-12,5,0.65,42.37,121.5,1
nagpur,2023-05-13,5,1.88,42.07,115.5,1
nagpur,2023-05-14,5,0.78,44.26,60.5,1
nagpur,2023-05-15,5,0.63,43.82,31.6,1
nagpur,2023-05-16,5,3.14,43.87,43.6,1
nagpur,2023-05-17,5,2.31,42.67,81.4,1
nagpur,2023-05-18,5,2.45,44.96,71.8,1
nagpur,2023-05-19,5,1.65,44.03,119.6,1
nagpur,2023-05-20,5,0.32,43.97,93.8,1
nagpur,2023-05-21,5,2.24,42.26,107.1,1
nagpur,2023-05-22,5,2.29,44.1,95.9,1
nagpur,2023-05-23,5,1.89,42.99,89.9,1
nagpur,2023-05-24,5,0.95,44.84,58.0,1
nagpur,2023-05-25,5,0.19,44.01,92.0,1
nagpur,2023-05-26,5,0.63,43.41,130.0,1
nagpur,2023-05-27,5,0.33,43.4,66.6,1
nagpur,2023-05-28,5,1.34,43.83,64.7,1
nagpur,2023-05-29,5,0.74,43.23,88.5,1
nagpur,2023-05-30,5,1.75,42.41,86.3,1
nagpur,2023-05-31,5,0.45,43.53,161.7,1
nagpur,2023-06-01,6,44.23,41.2,81.2,0
nagpur,2023-06-02,6,20.37,39.91,71.8,0
nagpur,2023-06-03,6,17.13,39.45,118.1,0
nagpur,2023-06-04,6,16.49,39.9,98.2,0
nagpur,2023-06-05,6,8.03,39.22,62.4,0
nagpur,2023-06-06,6,8.36,39.27,95.6,0
nagpur,2023-06-07,6,6.06,38.85,56.5,0
nagpur,2023-06-08,6,41.32,35.74,64.8,0
nagpur,2023-06-09,6,5.95,37.6,76.8,0
nagpur,2023-06-10,6,7.51,37.66,143.0,0
nagpur,2023-06-11,6,16.04,34.51,145.7,0
nagpur,2023-06-12,6,21.57,38.92,93.3,0
nagpur,2023-06-13,6,7.03,42.78,44.1,1
nagpur,2023-06-14,6,10.59,38.56,93.9,0
nagpur,2023-06-15,6,30.41,37.63,119.6,0
nagpur,2023-06-16,6,52.8,40.22,57.8,1
nagpur,2023-06-17,6,19.15,37.8,122.9,0
nagpur,2023-06-18,6,15.51,36.44,64.3,0
nagpur,2023-06-19,6,26.82,39.01,119.2,0
nagpur,2023-06-20,6,15.13,37.29,107.0,0
nagpur,2023-06-21,6,10.99,39.18,162.8,0
nagpur,2023-06-22,6,16.82,37.63,140.8,0
nagpur,2023-06-23,6,18.88,39.01,123.6,0
nagpur,2023-06-24,6,2.44,36.45,49.5,0
nagpur,2023-06-25,6,31.41,37.76,102.4,0
nagpur,2023-06-26,6,37.55,36.29,128.0,0
nagpur,2023-06-27,6,5.29,36.74,70.5,0
nagpur,2023-06-28,6,6.15,36.32,95.3,0
nagpur,2023-06-29,6,3.35,38.5,72.5,0
nagpur,2023-06-30,6,10.01,40.82,78.9,0
nagpur,2023-07-01,7,16.67,28.04,27.2,0
nagpur,2023-07-02,7,38.2,30.35,142.1,0
nagpur,2023-07-03,7,36.24,33.97,85.4,0
nagpur,2023-07-04,7,16.55,32.51,110.7,0
nagpur,2023-07-05,7,79.51,34.18,152.0,1
nagpur,2023-07-06,7,6.15,33.57,128.6,0
nagpur,2023-07-07,7,75.32,30.13,68.7,1
nagpur,2023-07-08,7,3.66,29.18,73.1,0
nagpur,2023-07-09,7,2.62,30.31,82.2,0
nagpur,2023-07-10,7,7.11,33.73,112.5,0
nagpur,2023-07-11,7,10.51,33.14,99.9,0
nagpur,2023-07-12,7,7.58,30.73,102.5,0
nagpur,2023-07-13,7,12.88,33.39,80.0,0
nagpur,2023-07-14,7,20.58,31.57,82.1,0
nagpur,2023-07-15,7,25.52,27.46,78.1,0
nagpur,2023-07-16,7,10.12,29.81,101.8,0
nagpur,2023-07-17,7,22.49,32.0,89.6,0
nagpur,2023-07-18,7,29.85,33.33,96.4,0
nagpur,2023-07-19,7,33.76,31.91,98.5,0
nagpur,2023-07-20,7,6.13,30.84,109.6,0
nagpur,2023-07-21,7,20.67,32.1,47.6,0
nagpur,2023-07-22,7,6.83,29.54,95.4,0
nagpur,2023-07-23,7,37.14,29.48,122.3,0
nagpur,2023-07-24,7,33.56,33.3,85.4,0
nagpur,2023-07-25,7,29.08,33.37,103.0,0
nagpur,2023-07-26,7,4.57,26.77,57.9,0
nagpur,2023-07-27,7,33.11,30.89,138.5,0
nagpur,2023-07-28,7,22.59,31.52,71.5,0
nagpur,2023-07-29,7,6.76,33.52,79.9,0
nagpur,2023-07-30,7,7.1,30.59,30.5,0
nagpur,2023-07-31,7,8.01,33.49,29.8,0
nagpur,2023-08-01,8,43.44,29.48,88.5,0
nagpur,2023-08-02,8,14.83,32.15,85.9,0
nagpur,2023-08-03,8,21.78,34.33,149.0,0
nagpur,2023-08-04,8,11.57,28.34,72.9,0
nagpur,2023-08-05,8,19.04,31.01,64.1,0
nagpur,2023-08-06,8,36.74,32.9,128.4,0
nagpur,2023-08-07,8,20.3,32.44,116.0,0
nagpur,2023-08-08,8,10.46,32.82,124.5,0
nagpur,2023-08-09,8,12.61,29.33,139.0,0
nagpur,2023-08-10,8,9.2,33.13,34.8,0
nagpur,2023-08-11,8,38.5,34.29,72.2,0
nagpur,2023-08-12,8,6.34,30.83,109.4,0
nagpur,2023-08-13,8,28.07,31.73,109.6,0
nagpur,2023-08-14,8,6.33,31.21,68.9,0
nagpur,2023-08-15,8,11.86,31.85,124.2,0
nagpur,2023-08-16,8,2.67,31.74,100.7,0
nagpur,2023-08-17,8,3.56,31.02,49.3,0
nagpur,2023-08-18,8,39.39,32.8,118.0,0
nagpur,2023-08-19,8,6.43,31.26,103.6,0
nagpur,2023-08-20,8,8.87,32.95,73.6,0
nagpur,2023-08-21,8,11.48,25.3,138.8,0
nagpur,2023-08-22,8,2.44,34.52,102.0,0
nagpur,2023-08-23,8,8.13,29.83,88.8,0
nagpur,2023-08-24,8,6.18,29.91,47.3,0
nagpur,2023-08-25,8,17.25,36.97,83.4,0
nagpur,2023-08-26,8,13.81,31.99,81.4,0
nagpur,2023-08-27,8,39.8,31.46,148.8,0
nagpur,2023-08-28,8,15.42,31.73,124.1,0
nagpur,2023-08-29,8,14.1,31.8,91.4,0
nagpur,2023-08-30,8,15.04,32.22,95.8,0
nagpur,2023-08-31,8,23.32,28.62,73.3,0
nagpur,2023-09-01,9,11.98,34.49,93.3,0
nagpur,2023-09-02,9,9.15,30.85,93.4,0
nagpur,2023-09-03,9,11.56,35.12,158.0,0
nagpur,2023-09-04,9,13.31,32.67,132.2,0
nagpur,2023-09-05,9,7.74,31.65,58.6,0
nagpur,2023-09-06,9,8.14,30.15,63.7,0
nagpur,2023-09-07,9,7.94,33.49,78.7,0
nagpur,2023-09-08,9,5.98,33.06,65.8,0
nagpur,2023-09-09,9,4.32,31.94,66.0,0
nagpur,2023-09-10,9,18.35,33.94,114.6,0
nagpur,2023-09-11,9,15.11,31.56,108.4,0
nagpur,2023-09-12,9,10.69,29.64,111.6,0
nagpur,2023-09-13,9,11.95,35.04,105.1,0
nagpur,2023-09-14,9,26.88,32.66,101.9,0
nagpur,2023-09-15,9,2.34,34.27,90.7,0
nagpur,2023-09-16,9,9.15,26.99,83.5,0
nagpur,2023-09-17,9,8.27,33.28,75.8,0
nagpur,2023-09-18,9,19.61,32.47,94.6,0
nagpur,2023-09-19,9,1.39,30.98,71.5,0
nagpur,2023-09-20,9,3.11,33.2,66.3,0
nagpur,2023-09-21,9,17.29,33.48,88.8,0
nagpur,2023-09-22,9,5.07,32.42,135.3,0
nagpur,2023-09-23,9,2.74,28.55,74.6,0
nagpur,2023-09-24,9,8.94,31.85,68.1,0
nagpur,2023-09-25,9,15.8,33.49,53.8,0
nagpur,2023-09-26,9,4.33,32.13,99.9,0
nagpur,2023-09-27,9,4.75,30.53,70.4,0
nagpur,2023-09-28,9,10.49,32.55,90.5,0
nagpur,2023-09-29,9,8.22,35.3,59.9,0
nagpur,2023-09-30,9,9.06,33.0,79.0,0
nagpur,2023-10-01,10,0.5,30.57,141.8,0
nagpur,2023-10-02,10,4.04,31.34,105.6,0
nagpur,2023-10-03,10,2.37,31.16,144.2,0
nagpur,2023-10-04,10,0.75,33.32,154.2,0
nagpur,2023-10-05,10,1.01,31.07,131.0,0
nagpur,2023-10-06,10,0.78,34.66,161.9,0
nagpur,2023-10-07,10,1.41,35.06,133.6,0
nagpur,2023-10-08,10,1.62,33.96,151.8,0
nagpur,2023-10-09,10,4.26,32.05,121.6,0
nagpur,2023-10-10,10,1.17,27.1,120.6,0
nagpur,2023-10-11,10,2.33,35.37,136.8,0
nagpur,2023-10-12,10,0.4,30.77,190.4,0
nagpur,2023-10-13,10,2.48,32.13,111.8,0
nagpur,2023-10-14,10,0.48,34.7,152.2,0
nagpur,2023-10-15,10,0.68,30.83,129.1,0
nagpur,2023-10-16,10,0.11,31.36,114.4,0
nagpur,2023-10-17,10,0.19,29.53,141.8,0
nagpur,2023-10-18,10,1.49,32.92,114.2,0
nagpur,2023-10-19,10,3.7,33.84,142.1,0
nagpur,2023-10-20,10,2.09,31.74,110.7,0
nagpur,2023-10-21,10,0.5,33.96,118.5,0
nagpur,2023-10-22,10,0.85,32.83,170.2,0
nagpur,2023-10-23,10,1.95,32.13,123.9,0
nagpur,2023-10-24,10,1.19,33.06,130.9,0
nagpur,2023-10-25,10,2.55,31.12,172.7,0
nagpur,2023-10-26,10,3.74,31.41,139.0,0
nagpur,2023-10-27,10,2.87,30.98,139.1,0
nagpur,2023-10-28,10,1.08,33.4,160.7,0
nagpur,2023-10-29,10,2.41,30.69,109.6,0
nagpur,2023-10-30,10,1.4,33.86,129.8,0
nagpur,2023-10-31,10,1.57,33.16,137.7,0
nagpur,2023-11-01,11,3.4,32.56,130.0,0
nagpur,2023-11-02,11,3.29,26.7,232.1,0
nagpur,2023-11-03,11,2.45,34.95,195.5,0
nagpur,2023-11-04,11,1.63,31.34,227.0,0
nagpur,2023-11-05,11,1.01,30.35,147.8,0
nagpur,2023-11-06,11,1.31,32.83,147.3,0
nagpur,2023-11-07,11,1.61,31.48,158.6,0
nagpur,2023-11-08,11,4.73,32.65,176.4,0
nagpur,2023-11-09,11,1.45,30.18,187.8,0
nagpur,2023-11-10,11,0.5,29.25,168.3,0
nagpur,2023-11-11,11,1.8,33.83,177.0,0
nagpur,2023-11-12,11,2.87,32.63,199.0,0
nagpur,2023-11-13,11,1.63,31.07,192.2,0
nagpur,2023-11-14,11,1.79,34.49,194.2,0
nagpur,2023-11-15,11,0.17,33.58,182.3,0
nagpur,2023-11-16,11,0.65,35.95,212.0,0
nagpur,2023-11-17,11,0.42,31.6,176.6,0
nagpur,2023-11-18,11,2.55,34.76,225.2,0
nagpur,2023-11-19,11,1.09,31.45,136.9,0
nagpur,2023-11-20,11,0.48,30.09,140.7,0
nagpur,2023-11-21,11,1.31,35.1,174.5,0
nagpur,2023-11-22,11,0.23,32.38,214.3,0
nagpur,2023-11-23,11,1.58,28.75,187.2,0
nagpur,2023-11-24,11,2.84,32.54,138.5,0
nagpur,2023-11-25,11,5.04,33.17,188.3,0
nagpur,2023-11-26,11,3.44,31.76,112.7,0
nagpur,2023-11-27,11,0.63,35.96,188.8,0
nagpur,2023-11-28,11,0.6,31.49,171.3,0
nagpur,2023-11-29,11,0.62,32.83,162.5,0
nagpur,2023-11-30,11,3.17,31.39,175.1,0
nagpur,2023-12-01,12,0.65,24.71,238.3,0
nagpur,2023-12-02,12,1.87,21.81,254.4,0
nagpur,2023-12-03,12,5.42,22.4,269.1,0
nagpur,2023-12-04,12,4.02,19.88,203.6,0
nagpur,2023-12-05,12,4.27,21.91,213.6,0
nagpur,2023-12-06,12,0.56,23.48,235.1,0
nagpur,2023-12-07,12,1.28,21.17,228.9,0
nagpur,2023-12-08,12,2.24,22.34,236.8,0
nagpur,2023-12-09,12,0.84,22.59,276.1,0
nagpur,2023-12-10,12,1.1,21.27,233.1,0
nagpur,2023-12-11,12,1.32,22.97,231.3,0
nagpur,2023-12-12,12,0.92,27.19,208.3,0
nagpur,2023-12-13,12,0.32,22.64,216.6,0
nagpur,2023-12-14,12,0.78,20.32,207.7,0
nagpur,2023-12-15,12,1.44,20.29,248.0,0
nagpur,2023-12-16,12,1.73,21.4,233.9,0
nagpur,2023-12-17,12,1.97,23.27,220.6,0
nagpur,2023-12-18,12,3.22,25.54,187.2,0
nagpur,2023-12-19,12,1.12,23.83,235.4,0
nagpur,2023-12-20,12,1.28,18.57,205.4,0
nagpur,2023-12-21,12,0.31,22.42,209.5,0
nagpur,2023-12-22,12,0.92,21.81,237.1,0
nagpur,2023-12-23,12,1.54,21.57,215.9,0
nagpur,2023-12-24,12,0.59,21.73,201.6,0
nagpur,2023-12-25,12,1.8,22.29,213.5,0
nagpur,2023-12-26,12,1.11,23.98,277.5,0
nagpur,2023-12-27,12,1.52,22.13,203.6,0
nagpur,2023-12-28,12,4.76,25.92,255.4,0
nagpur,2023-12-29,12,0.21,18.31,220.6,0
nagpur,2023-12-30,12,0.57,25.19,238.3,0
nagpur,2023-12-31,12,1.32,21.82,205.8,0
nagpur,2024-01-01,1,3.46,19.75,281.1,0
nagpur,2024-01-02,1,1.74,22.34,277.1,0
nagpur,2024-01-03,1,0.71,17.24,216.2,0
nagpur,2024-01-04,1,0.41,23.55,269.2,0
nagpur,2024-01-05,1,1.07,20.97,282.9,0
nagpur,2024-01-06,1,1.86,18.91,269.5,0
nagpur,2024-01-07,1,2.65,21.79,240.8,0
nagpur,2024-01-08,1,0.48,19.09,225.3,0
nagpur,2024-01-09,1,1.59,20.14,193.9,0
nagpur,2024-01-10,1,0.1,22.43,292.2,0
nagpur,2024-01-11,1,8.3,22.16,208.9,0
nagpur,2024-01-12,1,5.48,20.46,222.1,0
nagpur,2024-01-13,1,0.84,23.67,212.7,0
nagpur,2024-01-14,1,1.88,22.35,305.1,0
nagpur,2024-01-15,1,3.09,20.85,229.0,0
nagpur,2024-01-16,1,3.44,19.44,206.6,0
nagpur,2024-01-17,1,1.9,22.2,224.6,0
nagpur,2024-01-18,1,1.03,17.5,253.8,0
nagpur,2024-01-19,1,1.27,20.05,230.2,0
nagpur,2024-01-20,1,2.03,17.07,274.9,0
nagpur,2024-01-21,1,0.53,20.25,236.1,0
nagpur,2024-01-22,1,3.31,22.67,250.4,0
nagpur,2024-01-23,1,1.01,21.05,235.5,0
nagpur,2024-01-24,1,2.73,22.02,277.1,0
nagpur,2024-01-25,1,0.56,24.25,236.2,0
nagpur,2024-01-26,1,3.45,19.89,251.1,0
nagpur,2024-01-27,1,2.83,21.95,278.8,0
nagpur,2024-01-28,1,0.05,24.44,252.1,0
nagpur,2024-01-29,1,1.7,21.22,253.2,0
nagpur,2024-01-30,1,1.46,19.22,228.0,0
nagpur,2024-01-31,1,1.76,19.36,270.3,0
nagpur,2024-02-01,2,0.96,22.3,76.4,0
nagpur,2024-02-02,2,1.51,23.74,111.4,0
nagpur,2024-02-03,2,0.36,23.59,30.7,0
nagpur,2024-02-04,2,1.52,23.78,118.6,0
nagpur,2024-02-05,2,0.45,19.99,117.1,0
nagpur,2024-02-06,2,0.64,23.91,112.6,0
nagpur,2024-02-07,2,1.73,26.03,93.6,0
nagpur,2024-02-08,2,2.44,20.68,69.7,0
nagpur,2024-02-09,2,1.04,22.47,68.6,0
nagpur,2024-02-10,2,1.09,20.94,93.2,0
nagpur,2024-02-11,2,0.67,26.18,88.7,0
nagpur,2024-02-12,2,0.21,25.05,77.6,0
nagpur,2024-02-13,2,3.38,25.93,161.6,0
nagpur,2024-02-14,2,1.68,24.58,60.7,0
nagpur,2024-02-15,2,3.5,20.77,81.7,0
nagpur,2024-02-16,2,1.04,23.08,61.9,0
nagpur,2024-02-17,2,0.72,23.85,117.8,0
nagpur,2024-02-18,2,1.25,20.56,53.0,0
nagpur,2024-02-19,2,1.69,21.77,118.9,0
nagpur,2024-02-20,2,0.63,24.11,88.0,0
nagpur,2024-02-21,2,0.55,22.59,125.0,0
nagpur,2024-02-22,2,0.29,21.46,108.5,0
nagpur,2024-02-23,2,4.09,23.56,31.2,0
nagpur,2024-02-24,2,0.67,20.3,91.7,0
nagpur,2024-02-25,2,0.71,24.02,114.2,0
nagpur,2024-02-26,2,2.56,24.41,117.7,0
nagpur,2024-02-27,2,2.26,22.55,131.4,0
nagpur,2024-02-28,2,0.52,24.33,33.9,0
nagpur,2024-02-29,2,2.39,22.12,87.3,0
nagpur,2024-03-01,3,0.69,31.0,68.5,0
nagpur,2024-03-02,3,1.26,32.92,119.8,0
nagpur,2024-03-03,3,0.98,34.54,71.7,0
nagpur,2024-03-04,3,1.15,35.3,72.8,0
nagpur,2024-03-05,3,0.61,32.45,129.9,0
nagpur,2024-03-06,3,4.58,31.92,105.8,0
nagpur,2024-03-07,3,1.78,31.67,122.6,0
nagpur,2024-03-08,3,0.94,29.69,138.6,0
nagpur,2024-03-09,3,0.46,30.57,58.0,0
nagpur,2024-03-10,3,0.64,32.36,99.9,0
nagpur,2024-03-11,3,0.98,33.35,56.3,0
nagpur,2024-03-12,3,0.38,32.42,54.6,0
nagpur,2024-03-13,3,1.1,35.36,77.1,0
nagpur,2024-03-14,3,0.35,31.59,120.0,0
nagpur,2024-03-15,3,0.43,31.48,42.5,0
nagpur,2024-03-16,3,1.71,34.37,106.3,0
nagpur,2024-03-17,3,3.51,33.54,29.7,0
nagpur,2024-03-18,3,0.69,31.57,124.9,0
nagpur,2024-03-19,3,2.83,29.67,111.3,0
nagpur,2024-03-20,3,0.46,34.49,79.0,0
nagpur,2024-03-21,3,1.5,32.05,60.1,0
nagpur,2024-03-22,3,1.56,31.49,123.4,0
nagpur,2024-03-23,3,1.09,29.67,22.4,0
nagpur,2024-03-24,3,1.52,34.13,97.7,0
nagpur,2024-03-25,3,1.38,31.58,107.3,0
nagpur,2024-03-26,3,0.73,30.78,104.0,0
nagpur,2024-03-27,3,2.53,34.28,63.4,0
nagpur,2024-03-28,3,2.02,29.27,95.3,0
nagpur,2024-03-29,3,1.16,32.2,118.7,0
nagpur,2024-03-30,3,1.84,32.94,105.6,0
nagpur,2024-03-31,3,1.53,32.36,121.7,0
nagpur,2024-04-01,4,1.0,37.9,105.0,0
nagpur,2024-04-02,4,1.82,38.71,144.0,0
nagpur,2024-04-03,4,1.13,41.95,126.1,0
nagpur,2024-04-04,4,0.18,40.25,80.2,0
nagpur,2024-04-05,4,0.74,37.17,111.9,0
nagpur,2024-04-06,4,5.92,39.57,98.3,0
nagpur,2024-04-07,4,1.93,36.31,121.9,0
nagpur,2024-04-08,4,0.27,34.74,110.3,0
nagpur,2024-04-09,4,1.25,40.48,83.3,0
nagpur,2024-04-10,4,1.89,37.31,99.5,0
nagpur,2024-04-11,4,0.82,31.85,114.7,0
nagpur,2024-04-12,4,1.01,37.33,98.9,0
nagpur,2024-04-13,4,2.88,42.08,68.3,1
nagpur,2024-04-14,4,2.57,37.02,83.1,0
nagpur,2024-04-15,4,0.16,38.89,104.5,0
nagpur,2024-04-16,4,0.4,37.87,64.8,0
nagpur,2024-04-17,4,0.51,38.3,97.1,0
nagpur,2024-04-18,4,1.42,38.55,70.3,0
nagpur,2024-04-19,4,3.16,37.09,65.7,0
nagpur,2024-04-20,4,1.89,39.07,88.6,0
nagpur,2024-04-21,4,2.83,36.32,128.5,0
nagpur,2024-04-22,4,1.92,41.21,130.8,0
nagpur,2024-04-23,4,2.57,41.84,73.6,0
nagpur,2024-04-24,4,4.03,37.83,65.5,0
nagpur,2024-04-25,4,1.29,39.23,40.9,0
nagpur,2024-04-26,4,1.78,36.57,89.6,0
nagpur,2024-04-27,4,0.25,41.0,86.4,0
nagpur,2024-04-28,4,1.45,40.87,82.0,0
nagpur,2024-04-29,4,0.69,39.15,116.5,0
nagpur,2024-04-30,4,0.51,35.85,54.2,0
nagpur,2024-05-01,5,1.03,42.55,41.9,1
nagpur,2024-05-02,5,2.84,46.1,87.7,1
nagpur,2024-05-03,5,1.82,44.04,124.0,1
nagpur,2024-05-04,5,2.22,42.15,63.9,1
nagpur,2024-05-05,5,2.12,43.87,76.8,1
nagpur,2024-05-06,5,2.4,42.47,125.2,1
nagpur,2024-05-07,5,2.65,43.64,67.3,1
nagpur,2024-05-08,5,1.6,46.31,30.5,1
nagpur,2024-05-09,5,0.73,44.75,101.3,1
nagpur,2024-05-10,5,1.46,44.2,94.1,1
nagpur,2024-05-11,5,2.17,43.79,62.9,1
nagpur,2024-05-12,5,1.37,42.59,72.3,1
nagpur,2024-05-13,5,1.14,41.97,64.6,0
nagpur,2024-05-14,5,2.21,43.75,138.2,1
nagpur,2024-05-15,5,0.8,48.21,80.9,1
nagpur,2024-05-16,5,0.91,41.6,109.8,0
nagpur,2024-05-17,5,1.04,41.46,103.4,0
nagpur,2024-05-18,5,2.63,41.2,59.0,0
nagpur,2024-05-19,5,0.9,43.76,98.1,1
nagpur,2024-05-20,5,0.55,42.32,90.2,1
nagpur,2024-05-21,5,1.34,45.11,51.6,1
nagpur,2024-05-22,5,0.97,41.18,58.4,0
nagpur,2024-05-23,5,0.67,43.72,143.8,1
nagpur,2024-05-24,5,1.68,47.3,102.6,1
nagpur,2024-05-25,5,0.2,40.51,82.7,0
nagpur,2024-05-26,5,1.7,41.05,105.7,0
nagpur,2024-05-27,5,1.77,45.13,61.1,1
nagpur,2024-05-28,5,2.45,42.95,68.0,1
nagpur,2024-05-29,5,2.15,42.04,103.1,1
nagpur,2024-05-30,5,2.47,46.94,70.7,1
nagpur,2024-05-31,5,2.19,44.0,60.0,1
nagpur,2024-06-01,6,5.42,35.06,86.9,0
nagpur,2024-06-02,6,6.97,38.73,83.2,0
nagpur,2024-06-03,6,12.51,36.92,107.8,0
nagpur,2024-06-04,6,3.45,36.44,112.1,0
nagpur,2024-06-05,6,9.34,39.27,89.2,0
nagpur,2024-06-06,6,22.3,36.35,40.0,0
nagpur,2024-06-07,6,25.59,34.88,72.4,0
nagpur,2024-06-08,6,4.48,38.69,98.7,0
nagpur,2024-06-09,6,35.6,38.85,111.0,0
nagpur,2024-06-10,6,23.1,37.17,85.7,0
nagpur,2024-06-11,6,15.58,38.53,74.4,0
nagpur,2024-06-12,6,8.09,37.62,108.2,0
nagpur,2024-06-13,6,22.99,36.62,48.8,0
nagpur,2024-06-14,6,26.06,40.0,79.5,0
nagpur,2024-06-15,6,31.45,38.17,69.2,0
nagpur,2024-06-16,6,43.26,36.0,66.7,0
nagpur,2024-06-17,6,6.41,40.81,145.9,0
nagpur,2024-06-18,6,0.97,39.44,86.6,0
nagpur,2024-06-19,6,21.83,39.36,61.7,0
nagpur,2024-06-20,6,15.2,38.46,105.5,0
nagpur,2024-06-21,6,7.22,39.18,113.3,0
nagpur,2024-06-22,6,8.72,37.45,103.7,0
nagpur,2024-06-23,6,14.59,39.23,28.9,0
nagpur,2024-06-24,6,11.71,44.4,99.3,1
nagpur,2024-06-25,6,18.6,39.68,117.3,0
nagpur,2024-06-26,6,22.09,38.73,122.2,0
nagpur,2024-06-27,6,41.23,38.79,115.2,1
nagpur,2024-06-28,6,2.74,42.19,109.5,1
nagpur,2024-06-29,6,15.77,37.68,115.4,0
nagpur,2024-06-30,6,36.79,38.15,133.2,0
nagpur,2024-07-01,7,6.75,32.91,96.3,0
nagpur,2024-07-02,7,38.58,29.09,66.9,0
nagpur,2024-07-03,7,14.39,29.41,91.4,0
nagpur,2024-07-04,7,15.04,32.67,87.0,0
nagpur,2024-07-05,7,34.69,31.03,127.5,0
nagpur,2024-07-06,7,22.04,35.78,79.3,0
nagpur,2024-07-07,7,8.26,32.82,72.7,0
nagpur,2024-07-08,7,37.42,29.26,76.2,0
nagpur,2024-07-09,7,18.77,33.06,102.8,0
nagpur,2024-07-10,7,9.52,33.49,83.7,0
nagpur,2024-07-11,7,10.37,32.26,68.8,0
nagpur,2024-07-12,7,19.15,32.04,129.4,0
nagpur,2024-07-13,7,11.37,30.65,91.5,0
nagpur,2024-07-14,7,21.1,28.0,91.5,0
nagpur,2024-07-15,7,15.8,33.89,66.6,0
nagpur,2024-07-16,7,17.96,29.34,80.6,0
nagpur,2024-07-17,7,15.71,30.42,49.2,0
nagpur,2024-07-18,7,32.68,36.27,24.2,0
nagpur,2024-07-19,7,7.34,32.78,105.9,0
nagpur,2024-07-20,7,35.91,31.55,86.0,0
nagpur,2024-07-21,7,5.27,32.75,60.1,0
nagpur,2024-07-22,7,17.89,32.54,67.7,0
nagpur,2024-07-23,7,23.03,27.63,75.7,0
nagpur,2024-07-24,7,10.56,32.69,79.3,0
nagpur,2024-07-25,7,22.74,34.33,110.6,0
nagpur,2024-07-26,7,7.67,29.27,118.7,0
nagpur,2024-07-27,7,5.26,35.39,66.1,0
nagpur,2024-07-28,7,12.26,31.94,73.1,0
nagpur,2024-07-29,7,13.09,32.36,60.8,0
nagpur,2024-07-30,7,62.29,31.02,68.1,1
nagpur,2024-07-31,7,13.75,27.85,79.2,0
nagpur,2024-08-01,8,46.0,35.26,56.7,0
nagpur,2024-08-02,8,1.46,34.43,62.5,0
nagpur,2024-08-03,8,2.78,31.36,105.9,0
nagpur,2024-08-04,8,9.01,31.38,131.4,0
nagpur,2024-08-05,8,6.41,32.27,153.9,0
nagpur,2024-08-06,8,16.94,35.07,29.5,0
nagpur,2024-08-07,8,7.84,34.72,121.1,0
nagpur,2024-08-08,8,14.09,32.93,106.0,0
nagpur,2024-08-09,8,7.95,36.18,135.6,0
nagpur,2024-08-10,8,11.87,31.89,35.4,0
nagpur,2024-08-11,8,39.67,34.34,79.0,0
nagpur,2024-08-12,8,34.57,29.79,143.0,0
nagpur,2024-08-13,8,21.24,28.1,61.6,0
nagpur,2024-08-14,8,12.86,30.44,85.0,0
nagpur,2024-08-15,8,41.19,33.57,57.0,0
nagpur,2024-08-16,8,4.51,31.8,88.5,0
nagpur,2024-08-17,8,18.48,32.47,39.8,0
nagpur,2024-08-18,8,7.9,29.17,83.5,0
nagpur,2024-08-19,8,16.9,30.93,73.8,0
nagpur,2024-08-20,8,27.11,34.46,71.5,0
nagpur,2024-08-21,8,7.27,30.31,55.7,0
nagpur,2024-08-22,8,22.98,35.04,105.3,0
nagpur,2024-08-23,8,10.37,33.65,93.3,0
nagpur,2024-08-24,8,27.83,35.52,59.7,0
nagpur,2024-08-25,8,1.85,33.07,101.2,0
nagpur,2024-08-26,8,16.02,34.49,76.9,0
nagpur,2024-08-27,8,22.61,32.53,50.7,0
nagpur,2024-08-28,8,10.42,30.61,99.5,0
nagpur,2024-08-29,8,8.82,31.61,46.0,0
nagpur,2024-08-30,8,10.06,34.49,35.6,0
nagpur,2024-08-31,8,54.55,32.08,87.7,1
nagpur,2024-09-01,9,2.18,31.11,88.1,0
nagpur,2024-09-02,9,15.59,32.61,69.4,0
nagpur,2024-09-03,9,3.19,32.5,104.7,0
nagpur,2024-09-04,9,7.88,33.11,96.3,0
nagpur,2024-09-05,9,9.53,33.68,147.7,0
nagpur,2024-09-06,9,10.42,38.17,88.6,0
nagpur,2024-09-07,9,17.56,28.38,57.2,0
nagpur,2024-09-08,9,15.65,32.98,128.2,0
nagpur,2024-09-09,9,6.75,31.77,79.3,0
nagpur,2024-09-10,9,3.06,31.35,143.1,0
nagpur,2024-09-11,9,5.72,31.69,139.2,0
nagpur,2024-09-12,9,15.26,34.67,97.8,0
nagpur,2024-09-13,9,18.76,32.45,66.2,0
nagpur,2024-09-14,9,14.08,31.15,91.9,0
nagpur,2024-09-15,9,7.56,30.76,67.2,0
nagpur,2024-09-16,9,3.63,34.06,32.5,0
nagpur,2024-09-17,9,21.16,32.64,82.6,0
nagpur,2024-09-18,9,35.23,32.79,88.5,0
nagpur,2024-09-19,9,1.84,28.86,29.4,0
nagpur,2024-09-20,9,3.65,29.95,125.6,0
nagpur,2024-09-21,9,10.52,32.01,86.7,0
nagpur,2024-09-22,9,11.12,34.31,61.5,0
nagpur,2024-09-23,9,8.8,31.72,68.2,0
nagpur,2024-09-24,9,3.44,34.37,78.1,0
nagpur,2024-09-25,9,63.43,30.74,90.7,1
nagpur,2024-09-26,9,10.0,31.97,119.6,0
nagpur,2024-09-27,9,2.8,33.17,70.3,0
nagpur,2024-09-28,9,11.51,31.29,65.7,0
nagpur,2024-09-29,9,15.26,32.68,99.0,0
nagpur,2024-09-30,9,13.14,32.99,20.0,0
nagpur,2024-10-01,10,0.63,31.46,169.0,0
nagpur,2024-10-02,10,0.66,31.21,169.8,0
nagpur,2024-10-03,10,2.62,34.19,159.1,0
nagpur,2024-10-04,10,0.44,27.45,86.2,0
nagpur,2024-10-05,10,0.07,35.22,164.4,0
nagpur,2024-10-06,10,1.49,29.61,142.1,0
nagpur,2024-10-07,10,3.3,29.93,230.4,0
nagpur,2024-10-08,10,1.08,32.85,166.6,0
nagpur,2024-10-09,10,3.62,32.12,104.1,0
nagpur,2024-10-10,10,1.11,29.65,141.1,0
nagpur,2024-10-11,10,1.47,33.61,197.6,0
nagpur,2024-10-12,10,2.47,32.31,196.6,0
nagpur,2024-10-13,10,0.44,31.09,144.3,0
nagpur,2024-10-14,10,1.39,31.82,179.2,0
nagpur,2024-10-15,10,2.11,29.78,76.3,0
nagpur,2024-10-16,10,1.76,33.93,115.4,0
nagpur,2024-10-17,10,0.56,28.24,167.5,0
nagpur,2024-10-18,10,1.15,34.61,81.8,0
nagpur,2024-10-19,10,0.7,33.48,103.4,0
nagpur,2024-10-20,10,0.54,32.14,150.4,0
nagpur,2024-10-21,10,0.72,32.02,177.2,0
nagpur,2024-10-22,10,2.02,30.18,183.6,0
nagpur,2024-10-23,10,2.57,28.54,152.0,0
nagpur,2024-10-24,10,2.83,33.79,89.5,0
nagpur,2024-10-25,10,1.24,33.39,167.8,0
nagpur,2024-10-26,10,1.91,32.41,89.9,0
nagpur,2024-10-27,10,0.21,35.06,137.1,0
nagpur,2024-10-28,10,0.95,29.12,150.8,0
nagpur,2024-10-29,10,0.59,29.34,146.5,0
nagpur,2024-10-30,10,2.95,31.43,122.3,0
nagpur,2024-10-31,10,0.92,34.16,80.4,0
nagpur,2024-11-01,11,1.34,29.88,198.6,0
nagpur,2024-11-02,11,4.34,33.26,186.3,0
nagpur,2024-11-03,11,0.78,35.54,163.1,0
nagpur,2024-11-04,11,0.74,28.87,149.5,0
nagpur,2024-11-05,11,1.31,30.7,180.2,0
nagpur,2024-11-06,11,2.58,31.75,173.0,0
nagpur,2024-11-07,11,1.66,30.97,194.0,0
nagpur,2024-11-08,11,0.54,30.41,217.2,0
nagpur,2024-11-09,11,1.1,31.11,145.6,0
nagpur,2024-11-10,11,2.09,33.83,183.3,0
nagpur,2024-11-11,11,0.86,32.77,207.1,0
nagpur,2024-11-12,11,1.66,31.15,161.1,0
nagpur,2024-11-13,11,2.07,32.48,211.7,0
nagpur,2024-11-14,11,0.86,27.77,164.8,0
nagpur,2024-11-15,11,2.37,35.3,161.5,0
nagpur,2024-11-16,11,3.06,30.16,172.2,0
nagpur,2024-11-17,11,1.74,30.04,119.9,0
nagpur,2024-11-18,11,0.93,30.42,251.6,0
nagpur,2024-11-19,11,1.7,30.28,213.1,0
nagpur,2024-11-20,11,1.5,34.22,136.8,0
nagpur,2024-11-21,11,2.95,34.05,156.1,0
nagpur,2024-11-22,11,4.04,29.5,185.3,0
nagpur,2024-11-23,11,0.92,29.32,168.0,0
nagpur,2024-11-24,11,1.29,28.53,189.8,0
nagpur,2024-11-25,11,1.2,29.08,213.6,0
nagpur,2024-11-26,11,1.88,30.86,180.0,0
nagpur,2024-11-27,11,0.26,34.18,116.4,0
nagpur,2024-11-28,11,1.24,30.89,186.0,0
nagpur,2024-11-29,11,1.86,31.52,154.7,0
nagpur,2024-11-30,11,1.36,33.99,162.1,0
nagpur,2024-12-01,12,0.95,24.17,235.4,0
nagpur,2024-12-02,12,0.34,22.0,234.3,0
nagpur,2024-12-03,12,0.35,23.44,240.9,0
nagpur,2024-12-04,12,0.79,22.5,227.2,0
nagpur,2024-12-05,12,0.44,23.36,199.7,0
nagpur,2024-12-06,12,0.6,25.59,236.8,0
nagpur,2024-12-07,12,0.75,24.41,233.5,0
nagpur,2024-12-08,12,1.64,22.54,250.3,0
nagpur,2024-12-09,12,0.87,22.35,239.4,0
nagpur,2024-12-10,12,1.53,21.47,267.0,0
nagpur,2024-12-11,12,2.74,21.87,232.5,0
nagpur,2024-12-12,12,1.02,20.74,205.1,0
nagpur,2024-12-13,12,0.13,22.42,264.2,0
nagpur,2024-12-14,12,1.81,19.61,277.4,0
nagpur,2024-12-15,12,0.19,21.03,196.6,0
nagpur,2024-12-16,12,2.24,26.14,253.1,0
nagpur,2024-12-17,12,2.53,20.88,248.7,0
nagpur,2024-12-18,12,0.93,24.06,225.0,0
nagpur,2024-12-19,12,0.66,22.26,282.9,0
nagpur,2024-12-20,12,0.3,17.19,296.3,0
nagpur,2024-12-21,12,0.82,24.12,272.3,0
nagpur,2024-12-22,12,0.35,21.61,284.6,0
nagpur,2024-12-23,12,0.32,24.59,207.3,0
nagpur,2024-12-24,12,0.17,22.68,227.3,0
nagpur,2024-12-25,12,0.65,21.99,266.6,0
nagpur,2024-12-26,12,0.43,24.89,236.3,0
nagpur,2024-12-27,12,1.72,23.91,232.6,0
nagpur,2024-12-28,12,1.17,18.42,208.4,0
nagpur,2024-12-29,12,0.73,20.3,222.7,0
nagpur,2024-12-30,12,1.34,19.35,245.0,0
nagpur,2024-12-31,12,2.23,20.72,213.8,0
nagpur,2025-01-01,1,0.69,22.77,212.1,0
nagpur,2025-01-02,1,0.32,19.97,272.0,0
nagpur,2025-01-03,1,1.28,18.98,283.9,0
nagpur,2025-01-04,1,0.3,18.33,241.3,0
nagpur,2025-01-05,1,1.2,21.7,288.6,0
nagpur,2025-01-06,1,2.35,17.72,239.8,0
nagpur,2025-01-07,1,4.9,20.54,240.7,0
nagpur,2025-01-08,1,4.51,23.58,199.6,0
nagpur,2025-01-09,1,0.57,16.45,220.9,0
nagpur,2025-01-10,1,1.65,22.92,291.3,0
nagpur,2025-01-11,1,0.78,19.72,248.5,0
nagpur,2025-01-12,1,3.94,19.73,272.1,0
nagpur,2025-01-13,1,0.58,22.75,206.8,0
nagpur,2025-01-14,1,1.64,21.87,261.2,0
nagpur,2025-01-15,1,3.88,20.2,229.7,0
nagpur,2025-01-16,1,1.79,18.46,241.3,0
nagpur,2025-01-17,1,0.34,19.34,260.8,0
nagpur,2025-01-18,1,0.79,17.04,237.3,0
nagpur,2025-01-19,1,0.7,20.24,263.0,0
nagpur,2025-01-20,1,0.34,21.47,210.0,0
nagpur,2025-01-21,1,0.34,19.66,207.5,0
nagpur,2025-01-22,1,1.34,21.11,272.8,0
nagpur,2025-01-23,1,0.42,21.19,284.9,0
nagpur,2025-01-24,1,3.94,21.08,296.9,0
nagpur,2025-01-25,1,3.76,22.19,254.1,0
nagpur,2025-01-26,1,1.38,19.41,262.3,0
nagpur,2025-01-27,1,1.38,23.62,269.5,0
nagpur,2025-01-28,1,1.55,21.5,234.7,0
nagpur,2025-01-29,1,2.44,21.73,204.8,0
nagpur,2025-01-30,1,0.7,24.31,254.9,0
nagpur,2025-01-31,1,0.94,23.08,233.0,0
nagpur,2025-02-01,2,0.82,25.02,48.7,0
nagpur,2025-02-02,2,2.88,25.43,44.2,0
nagpur,2025-02-03,2,1.09,22.52,152.6,0
nagpur,2025-02-04,2,0.34,19.99,56.0,0
nagpur,2025-02-05,2,2.21,23.55,134.2,0
nagpur,2025-02-06,2,3.13,21.91,28.9,0
nagpur,2025-02-07,2,1.78,23.87,121.8,0
nagpur,2025-02-08,2,0.83,20.98,82.0,0
nagpur,2025-02-09,2,0.15,24.01,138.4,0
nagpur,2025-02-10,2,0.95,24.11,64.0,0
nagpur,2025-02-11,2,2.66,19.0,53.9,0
nagpur,2025-02-12,2,1.2,26.2,86.2,0
nagpur,2025-02-13,2,0.79,20.83,121.2,0
nagpur,2025-02-14,2,2.28,26.31,97.5,0
nagpur,2025-02-15,2,2.04,20.06,71.9,0
nagpur,2025-02-16,2,1.48,21.46,91.1,0
nagpur,2025-02-17,2,2.72,25.66,148.7,0
nagpur,2025-02-18,2,1.25,22.81,69.5,0
nagpur,2025-02-19,2,4.72,22.09,109.0,0
nagpur,2025-02-20,2,0.75,20.74,104.3,0
nagpur,2025-02-21,2,1.62,19.82,74.1,0
nagpur,2025-02-22,2,2.71,25.97,151.8,0
nagpur,2025-02-23,2,1.11,21.59,89.5,0
nagpur,2025-02-24,2,1.48,24.71,89.0,0
nagpur,2025-02-25,2,0.28,26.09,85.9,0
nagpur,2025-02-26,2,1.5,23.13,105.3,0
nagpur,2025-02-27,2,0.35,22.44,78.2,0
nagpur,2025-02-28,2,1.36,23.74,80.5,0
nagpur,2025-03-01,3,1.84,29.9,48.6,0
nagpur,2025-03-02,3,4.37,31.56,97.0,0
nagpur,2025-03-03,3,2.83,32.72,98.0,0
nagpur,2025-03-04,3,2.34,35.12,84.0,0
nagpur,2025-03-05,3,1.86,30.04,99.1,0
nagpur,2025-03-06,3,3.06,29.16,99.9,0
nagpur,2025-03-07,3,2.06,30.59,23.9,0
nagpur,2025-03-08,3,3.2,32.79,134.8,0
nagpur,2025-03-09,3,1.51,33.89,94.8,0
nagpur,2025-03-10,3,2.69,34.58,59.6,0
nagpur,2025-03-11,3,1.71,30.89,97.8,0
nagpur,2025-03-12,3,1.79,31.16,106.1,0
nagpur,2025-03-13,3,1.75,31.59,87.7,0
nagpur,2025-03-14,3,0.72,30.44,98.6,0
nagpur,2025-03-15,3,1.74,26.05,90.5,0
nagpur,2025-03-16,3,1.92,30.33,108.5,0
nagpur,2025-03-17,3,0.47,28.68,125.8,0
nagpur,2025-03-18,3,0.95,35.52,91.4,0
nagpur,2025-03-19,3,2.29,32.78,131.6,0
nagpur,2025-03-20,3,1.86,31.52,79.0,0
nagpur,2025-03-21,3,1.91,27.79,95.8,0
nagpur,2025-03-22,3,0.89,31.95,94.8,0
nagpur,2025-03-23,3,2.99,28.42,109.1,0
nagpur,2025-03-24,3,0.36,31.75,108.2,0
nagpur,2025-03-25,3,2.25,33.04,87.2,0
nagpur,2025-03-26,3,0.98,34.17,95.3,0
nagpur,2025-03-27,3,1.79,32.99,64.9,0
nagpur,2025-03-28,3,1.67,30.55,82.2,0
nagpur,2025-03-29,3,1.3,31.96,109.8,0
nagpur,2025-03-30,3,1.16,31.53,69.5,0
nagpur,2025-03-31,3,1.29,33.28,141.7,0
nagpur,2025-04-01,4,1.79,37.84,34.9,0
nagpur,2025-04-02,4,2.85,40.41,85.6,0
nagpur,2025-04-03,4,0.14,40.83,136.3,0
nagpur,2025-04-04,4,0.31,36.58,63.2,0
nagpur,2025-04-05,4,4.23,38.15,122.7,0
nagpur,2025-04-06,4,1.88,38.81,141.2,0
nagpur,2025-04-07,4,2.0,38.84,135.2,0
nagpur,2025-04-08,4,1.33,40.65,97.2,0
nagpur,2025-04-09,4,3.54,37.48,97.4,0
nagpur,2025-04-10,4,4.8,36.5,96.3,0
nagpur,2025-04-11,4,1.81,38.54,129.9,0
nagpur,2025-04-12,4,0.95,36.37,91.6,0
nagpur,2025-04-13,4,2.07,36.29,120.5,0
nagpur,2025-04-14,4,1.73,38.32,64.6,0
nagpur,2025-04-15,4,1.11,35.67,59.5,0
nagpur,2025-04-16,4,4.45,38.0,51.6,0
nagpur,2025-04-17,4,0.37,37.71,56.7,0
nagpur,2025-04-18,4,2.97,33.05,143.4,0
nagpur,2025-04-19,4,1.05,37.53,106.8,0
nagpur,2025-04-20,4,2.29,35.93,57.4,0
nagpur,2025-04-21,4,1.05,38.37,116.9,0
nagpur,2025-04-22,4,1.16,40.18,99.1,0
nagpur,2025-04-23,4,0.81,39.58,84.6,0
nagpur,2025-04-24,4,1.39,41.06,95.3,0
nagpur,2025-04-25,4,0.31,41.55,128.3,0
nagpur,2025-04-26,4,1.99,38.69,92.9,0
nagpur,2025-04-27,4,0.43,36.12,106.0,0
nagpur,2025-04-28,4,1.18,35.91,89.8,0
nagpur,2025-04-29,4,0.09,36.5,125.6,0
nagpur,2025-04-30,4,0.85,40.32,67.9,0
nagpur,2025-05-01,5,0.98,38.78,64.7,0
nagpur,2025-05-02,5,1.88,47.66,144.9,1
nagpur,2025-05-03,5,1.96,44.05,62.6,1
nagpur,2025-05-04,5,2.16,41.93,102.6,0
nagpur,2025-05-05,5,1.03,39.11,68.7,0
nagpur,2025-05-06,5,5.41,42.71,117.8,1
nagpur,2025-05-07,5,0.98,44.0,67.9,1
nagpur,2025-05-08,5,0.72,46.27,53.8,1
nagpur,2025-05-09,5,0.82,46.85,56.8,1
nagpur,2025-05-10,5,1.74,43.33,80.0,1
nagpur,2025-05-11,5,0.5,41.43,84.8,0
nagpur,2025-05-12,5,1.06,42.56,93.9,1
nagpur,2025-05-13,5,2.93,43.92,155.4,1
nagpur,2025-05-14,5,1.61,42.69,64.5,1
nagpur,2025-05-15,5,0.58,39.07,89.5,0
nagpur,2025-05-16,5,2.94,43.49,130.3,1
nagpur,2025-05-17,5,1.39,43.0,116.6,1
nagpur,2025-05-18,5,2.74,42.61,109.2,1
nagpur,2025-05-19,5,0.58,45.1,92.4,1
nagpur,2025-05-20,5,1.61,47.13,76.1,1
nagpur,2025-05-21,5,2.28,42.97,101.7,1
nagpur,2025-05-22,5,0.84,41.01,67.0,0
nagpur,2025-05-23,5,1.15,44.11,67.9,1
nagpur,2025-05-24,5,0.82,43.98,141.7,1
nagpur,2025-05-25,5,1.15,44.67,67.5,1
nagpur,2025-05-26,5,0.5,41.78,124.3,0
nagpur,2025-05-27,5,0.75,39.2,96.0,0
nagpur,2025-05-28,5,1.7,46.08,87.6,1
nagpur,2025-05-29,5,1.04,47.92,70.9,1
nagpur,2025-05-30,5,0.53,43.93,52.9,1
nagpur,2025-05-31,5,3.32,42.34,69.9,1
nagpur,2025-06-01,6,2.81,33.68,57.3,0
nagpur,2025-06-02,6,12.66,38.58,121.2,0
nagpur,2025-06-03,6,11.47,41.43,116.1,0
nagpur,2025-06-04,6,11.52,38.17,103.2,0
nagpur,2025-06-05,6,9.94,37.51,128.4,0
nagpur,2025-06-06,6,7.2,41.38,98.1,0
nagpur,2025-06-07,6,1.36,35.72,121.0,0
nagpur,2025-06-08,6,5.41,39.15,95.1,0
nagpur,2025-06-09,6,10.84,35.84,54.6,0
nagpur,2025-06-10,6,6.08,39.57,94.8,0
nagpur,2025-06-11,6,13.39,36.05,95.0,0
nagpur,2025-06-12,6,7.14,37.17,123.1,0
nagpur,2025-06-13,6,11.83,39.46,47.0,0
nagpur,2025-06-14,6,8.93,39.88,46.4,0
nagpur,2025-06-15,6,5.71,40.34,103.2,0
nagpur,2025-06-16,6,3.5,38.74,113.1,0
nagpur,2025-06-17,6,14.18,38.24,94.5,0
nagpur,2025-06-18,6,11.19,40.45,44.4,0
nagpur,2025-06-19,6,9.42,32.37,65.2,0
nagpur,2025-06-20,6,33.83,40.44,54.8,0
nagpur,2025-06-21,6,3.06,36.34,71.6,0
nagpur,2025-06-22,6,25.28,36.4,84.3,0
nagpur,2025-06-23,6,35.98,36.16,38.4,0
nagpur,2025-06-24,6,20.05,39.26,101.3,0
nagpur,2025-06-25,6,11.36,38.57,77.7,0
nagpur,2025-06-26,6,9.52,38.21,44.3,0
nagpur,2025-06-27,6,18.25,36.07,101.9,0
nagpur,2025-06-28,6,12.43,42.01,84.7,1
nagpur,2025-06-29,6,14.15,39.71,124.4,0
nagpur,2025-06-30,6,13.72,38.93,48.5,0
nagpur,2025-07-01,7,4.94,33.86,47.7,0
nagpur,2025-07-02,7,9.75,31.44,90.4,0
nagpur,2025-07-03,7,26.88,31.56,122.0,0
nagpur,2025-07-04,7,7.02,35.15,89.7,0
nagpur,2025-07-05,7,16.82,34.52,157.6,0
nagpur,2025-07-06,7,5.64,36.99,91.5,0
nagpur,2025-07-07,7,27.18,35.52,59.0,0
nagpur,2025-07-08,7,38.1,30.98,107.7,0
nagpur,2025-07-09,7,14.45,29.61,132.7,0
nagpur,2025-07-10,7,9.99,31.92,92.9,0
nagpur,2025-07-11,7,8.39,34.57,114.5,0
nagpur,2025-07-12,7,11.59,32.75,87.7,0
nagpur,2025-07-13,7,33.04,33.92,183.9,0
nagpur,2025-07-14,7,6.05,32.83,87.5,0
nagpur,2025-07-15,7,18.23,36.48,94.8,0
nagpur,2025-07-16,7,33.47,31.44,103.6,0
nagpur,2025-07-17,7,21.81,34.57,56.6,0
nagpur,2025-07-18,7,19.75,33.14,118.7,0
nagpur,2025-07-19,7,29.08,31.19,133.8,0
nagpur,2025-07-20,7,18.31,33.75,102.9,0
nagpur,2025-07-21,7,50.09,32.4,47.1,1
nagpur,2025-07-22,7,9.29,32.37,61.0,0
nagpur,2025-07-23,7,13.2,29.77,86.0,0
nagpur,2025-07-24,7,30.25,30.12,82.7,0
nagpur,2025-07-25,7,25.69,31.87,58.3,0
nagpur,2025-07-26,7,18.28,35.11,31.0,0
nagpur,2025-07-27,7,14.59,33.06,90.8,0
nagpur,2025-07-28,7,49.46,34.51,120.1,0
nagpur,2025-07-29,7,4.08,30.69,51.0,0
nagpur,2025-07-30,7,53.0,34.37,58.4,1
nagpur,2025-07-31,7,36.6,32.41,74.5,0
nagpur,2025-08-01,8,6.93,30.72,134.3,0
nagpur,2025-08-02,8,38.37,33.56,66.4,0
nagpur,2025-08-03,8,7.74,32.24,96.3,0
nagpur,2025-08-04,8,36.8,33.07,83.9,0
nagpur,2025-08-05,8,19.3,32.38,144.6,0
nagpur,2025-08-06,8,31.01,29.68,71.2,0
nagpur,2025-08-07,8,14.92,32.66,126.9,0
nagpur,2025-08-08,8,34.11,35.35,58.7,0
nagpur,2025-08-09,8,6.97,33.09,106.1,0
nagpur,2025-08-10,8,23.73,31.53,81.9,0
nagpur,2025-08-11,8,5.17,33.58,74.7,0
nagpur,2025-08-12,8,2.37,34.38,58.6,0
nagpur,2025-08-13,8,13.63,28.88,113.7,0
nagpur,2025-08-14,8,1.11,35.21,106.5,0
nagpur,2025-08-15,8,8.93,29.78,40.0,0
nagpur,2025-08-16,8,8.24,29.96,57.7,0
nagpur,2025-08-17,8,9.67,36.78,101.2,0
nagpur,2025-08-18,8,5.78,33.06,133.2,0
nagpur,2025-08-19,8,8.48,30.27,81.9,0
nagpur,2025-08-20,8,11.38,26.74,129.7,0
nagpur,2025-08-21,8,9.69,33.65,97.8,0
nagpur,2025-08-22,8,1.61,33.06,59.2,0
nagpur,2025-08-23,8,15.1,33.94,38.9,0
nagpur,2025-08-24,8,1.03,28.16,99.5,0
nagpur,2025-08-25,8,12.31,31.65,91.2,0
nagpur,2025-08-26,8,28.12,32.06,69.8,0
nagpur,2025-08-27,8,6.53,32.87,122.7,0
nagpur,2025-08-28,8,9.87,31.84,87.6,0
nagpur,2025-08-29,8,15.92,31.7,136.3,0
nagpur,2025-08-30,8,16.05,33.57,86.7,0
nagpur,2025-08-31,8,6.18,25.96,101.1,0
nagpur,2025-09-01,9,24.44,32.74,85.6,0
nagpur,2025-09-02,9,34.77,31.93,139.5,0
nagpur,2025-09-03,9,3.31,34.35,37.2,0
nagpur,2025-09-04,9,8.96,30.34,119.5,0
nagpur,2025-09-05,9,9.85,30.25,89.5,0
nagpur,2025-09-06,9,5.44,35.6,74.8,0
nagpur,2025-09-07,9,20.89,32.86,93.3,0
nagpur,2025-09-08,9,4.66,34.43,110.1,0
nagpur,2025-09-09,9,1.42,31.41,46.6,0
nagpur,2025-09-10,9,9.55,31.69,110.1,0
nagpur,2025-09-11,9,0.34,29.54,121.1,0
nagpur,2025-09-12,9,4.31,32.22,120.5,0
nagpur,2025-09-13,9,4.52,29.66,84.2,0
nagpur,2025-09-14,9,23.54,31.32,100.2,0
nagpur,2025-09-15,9,12.13,30.34,117.0,0
nagpur,2025-09-16,9,3.95,33.11,103.4,0
nagpur,2025-09-17,9,17.1,30.53,83.7,0
nagpur,2025-09-18,9,5.39,30.48,112.4,0
nagpur,2025-09-19,9,24.98,34.94,69.7,0
nagpur,2025-09-20,9,19.69,33.82,141.4,0
nagpur,2025-09-21,9,14.7,32.52,76.5,0
nagpur,2025-09-22,9,3.68,32.22,96.7,0
nagpur,2025-09-23,9,1.77,31.45,76.8,0
nagpur,2025-09-24,9,6.67,26.24,115.2,0
nagpur,2025-09-25,9,5.92,30.29,183.6,0
nagpur,2025-09-26,9,11.16,30.41,62.6,0
nagpur,2025-09-27,9,2.31,34.26,68.5,0
nagpur,2025-09-28,9,15.24,31.2,110.4,0
nagpur,2025-09-29,9,3.4,30.52,104.7,0
nagpur,2025-09-30,9,20.88,30.31,118.6,0
nagpur,2025-10-01,10,1.92,30.39,150.4,0
nagpur,2025-10-02,10,1.49,30.88,147.3,0
nagpur,2025-10-03,10,0.77,32.35,166.2,0
nagpur,2025-10-04,10,4.17,35.98,139.2,0
nagpur,2025-10-05,10,0.75,32.42,173.2,0
nagpur,2025-10-06,10,2.81,33.35,138.5,0
nagpur,2025-10-07,10,0.53,31.24,138.5,0
nagpur,2025-10-08,10,2.21,27.97,147.3,0
nagpur,2025-10-09,10,2.76,33.79,153.5,0
nagpur,2025-10-10,10,0.54,32.73,165.8,0
nagpur,2025-10-11,10,0.87,30.3,109.7,0
nagpur,2025-10-12,10,2.1,32.25,136.3,0
nagpur,2025-10-13,10,1.49,33.77,124.5,0
nagpur,2025-10-14,10,2.02,30.81,131.4,0
nagpur,2025-10-15,10,0.82,31.51,188.6,0
nagpur,2025-10-16,10,1.73,31.67,114.6,0
nagpur,2025-10-17,10,1.57,30.41,85.7,0
nagpur,2025-10-18,10,0.63,30.68,103.7,0
nagpur,2025-10-19,10,2.94,32.86,124.9,0
nagpur,2025-10-20,10,0.74,31.41,147.6,0
nagpur,2025-10-21,10,3.63,30.49,151.5,0
nagpur,2025-10-22,10,0.57,33.08,126.4,0
nagpur,2025-10-23,10,1.0,31.75,135.6,0
nagpur,2025-10-24,10,0.37,31.03,154.0,0
nagpur,2025-10-25,10,0.57,33.37,156.7,0
nagpur,2025-10-26,10,0.82,33.09,139.8,0
nagpur,2025-10-27,10,2.9,28.23,202.0,0
nagpur,2025-10-28,10,0.83,33.58,189.0,0
nagpur,2025-10-29,10,4.28,28.9,157.6,0
nagpur,2025-10-30,10,0.71,33.92,177.8,0
nagpur,2025-10-31,10,0.49,30.92,185.8,0
nagpur,2025-11-01,11,2.87,36.11,129.7,0
nagpur,2025-11-02,11,1.31,33.11,166.5,0
nagpur,2025-11-03,11,3.28,34.74,193.2,0
nagpur,2025-11-04,11,0.45,32.99,270.6,0
nagpur,2025-11-05,11,3.53,36.07,187.9,0
nagpur,2025-11-06,11,0.25,31.61,165.5,0
nagpur,2025-11-07,11,2.19,34.21,151.7,0
nagpur,2025-11-08,11,3.07,30.8,160.8,0
nagpur,2025-11-09,11,1.27,33.14,211.0,0
nagpur,2025-11-10,11,0.85,30.27,170.1,0
nagpur,2025-11-11,11,2.21,32.08,179.7,0
nagpur,2025-11-12,11,1.43,35.77,241.9,0
nagpur,2025-11-13,11,1.75,32.84,201.8,0
nagpur,2025-11-14,11,1.75,33.0,221.6,0
nagpur,2025-11-15,11,0.31,32.43,169.0,0
nagpur,2025-11-16,11,0.71,32.86,198.3,0
nagpur,2025-11-17,11,3.78,31.32,158.8,0
nagpur,2025-11-18,11,1.22,31.63,164.4,0
nagpur,2025-11-19,11,0.87,30.92,155.0,0
nagpur,2025-11-20,11,1.0,34.28,170.6,0
nagpur,2025-11-21,11,1.69,32.82,159.9,0
nagpur,2025-11-22,11,0.24,36.54,196.3,0
nagpur,2025-11-23,11,1.82,32.48,249.1,0
nagpur,2025-11-24,11,0.92,32.13,154.7,0
nagpur,2025-11-25,11,0.77,31.86,174.6,0
nagpur,2025-11-26,11,0.55,29.68,186.0,0
nagpur,2025-11-27,11,0.78,36.52,205.9,0
nagpur,2025-11-28,11,1.93,34.6,190.3,0
nagpur,2025-11-29,11,1.32,29.37,98.7,0
nagpur,2025-11-30,11,1.46,29.88,178.1,0
nagpur,2025-12-01,12,0.52,21.83,213.5,0
nagpur,2025-12-02,12,0.27,22.88,224.4,0
nagpur,2025-12-03,12,1.56,21.89,224.4,0
nagpur,2025-12-04,12,1.09,24.73,196.9,0
nagpur,2025-12-05,12,0.15,24.26,243.1,0
nagpur,2025-12-06,12,1.18,23.03,188.6,0
nagpur,2025-12-07,12,1.23,19.65,236.6,0
nagpur,2025-12-08,12,1.59,24.36,229.7,0
nagpur,2025-12-09,12,1.14,22.44,235.4,0
nagpur,2025-12-10,12,1.71,19.74,239.7,0
nagpur,2025-12-11,12,2.77,21.86,228.4,0
nagpur,2025-12-12,12,0.16,19.91,236.1,0
nagpur,2025-12-13,12,1.57,19.22,168.9,0
nagpur,2025-12-14,12,0.19,22.07,225.1,0
nagpur,2025-12-15,12,0.89,22.56,284.3,0
nagpur,2025-12-16,12,1.03,22.87,178.1,0
nagpur,2025-12-17,12,1.37,24.63,184.3,0
nagpur,2025-12-18,12,0.27,22.19,208.5,0
nagpur,2025-12-19,12,3.21,23.01,221.9,0
nagpur,2025-12-20,12,2.15,23.09,262.7,0
nagpur,2025-12-21,12,3.31,21.86,214.8,0
nagpur,2025-12-22,12,1.13,25.89,202.1,0
nagpur,2025-12-23,12,1.55,21.79,286.5,0
nagpur,2025-12-24,12,1.06,24.35,228.9,0
nagpur,2025-12-25,12,1.16,23.06,255.8,0
nagpur,2025-12-26,12,0.66,19.75,250.8,0
nagpur,2025-12-27,12,1.09,20.74,267.8,0
nagpur,2025-12-28,12,0.52,23.16,190.8,0
nagpur,2025-12-29,12,1.86,21.49,221.2,0
nagpur,2025-12-30,12,4.51,22.21,216.2,0
kochi,2023-01-01,1,0.69,23.45,245.0,0
kochi,2023-01-02,1,2.72,20.99,270.8,0
kochi,2023-01-03,1,6.4,20.54,234.3,0
kochi,2023-01-04,1,0.63,17.79,289.2,0
kochi,2023-01-05,1,1.73,22.37,202.4,0
kochi,2023-01-06,1,1.78,21.96,279.7,0
kochi,2023-01-07,1,2.17,21.75,253.2,0
kochi,2023-01-08,1,1.41,21.68,275.4,0
kochi,2023-01-09,1,4.3,20.52,289.1,0
kochi,2023-01-10,1,2.42,21.74,230.0,0
kochi,2023-01-11,1,3.12,17.41,298.5,0
kochi,2023-01-12,1,4.11,19.28,245.3,0
kochi,2023-01-13,1,2.48,21.06,245.3,0
kochi,2023-01-14,1,2.65,24.25,227.0,0
kochi,2023-01-15,1,6.55,21.79,235.7,0
kochi,2023-01-16,1,7.94,21.52,256.5,0
kochi,2023-01-17,1,2.59,22.68,214.2,0
kochi,2023-01-18,1,0.59,22.17,267.1,0
kochi,2023-01-19,1,4.17,19.88,306.0,0
kochi,2023-01-20,1,1.44,17.15,310.7,0
kochi,2023-01-21,1,2.09,21.15,258.9,0
kochi,2023-01-22,1,1.78,23.24,219.1,0
kochi,2023-01-23,1,1.43,22.51,253.6,0
kochi,2023-01-24,1,1.1,19.23,268.5,0
kochi,2023-01-25,1,1.08,20.08,264.1,0
kochi,2023-01-26,1,1.28,21.21,218.7,0
kochi,2023-01-27,1,2.1,21.35,259.3,0
kochi,2023-01-28,1,2.92,19.11,257.5,0
kochi,2023-01-29,1,12.83,18.56,281.7,0
kochi,2023-01-30,1,4.88,20.54,208.1,0
kochi,2023-01-31,1,12.48,20.37,253.3,0
kochi,2023-02-01,2,0.38,24.21,55.1,0
kochi,2023-02-02,2,1.8,21.88,87.7,0
kochi,2023-02-03,2,0.96,22.19,65.5,0
kochi,2023-02-04,2,0.3,24.33,78.4,0
kochi,2023-02-05,2,1.82,23.4,42.7,0
kochi,2023-02-06,2,6.96,19.4,108.8,0
kochi,2023-02-07,2,2.98,22.35,118.0,0
kochi,2023-02-08,2,2.83,24.47,101.2,0
kochi,2023-02-09,2,3.94,25.71,79.0,0
kochi,2023-02-10,2,5.57,21.49,129.3,0
kochi,2023-02-11,2,1.6,23.07,113.6,0
kochi,2023-02-12,2,0.74,26.49,111.2,0
kochi,2023-02-13,2,3.03,25.57,43.4,0
kochi,2023-02-14,2,3.7,24.52,105.8,0
kochi,2023-02-15,2,3.96,23.93,102.1,0
kochi,2023-02-16,2,5.03,21.79,107.3,0
kochi,2023-02-17,2,3.0,22.74,20.0,0
kochi,2023-02-18,2,1.05,22.17,82.2,0
kochi,2023-02-19,2,0.89,25.21,81.0,0
kochi,2023-02-20,2,5.36,25.51,73.2,0
kochi,2023-02-21,2,0.82,23.26,105.3,0
kochi,2023-02-22,2,6.4,22.71,99.3,0
kochi,2023-02-23,2,1.48,26.63,130.3,0
kochi,2023-02-24,2,2.99,24.63,112.9,0
kochi,2023-02-25,2,1.51,24.76,80.9,0
kochi,2023-02-26,2,2.43,23.36,63.7,0
kochi,2023-02-27,2,2.83,21.87,86.4,0
kochi,2023-02-28,2,2.75,25.49,69.0,0
kochi,2023-03-01,3,7.3,33.42,112.5,0
kochi,2023-03-02,3,2.73,33.79,90.7,0
kochi,2023-03-03,3,12.24,33.42,120.9,0
kochi,2023-03-04,3,1.06,31.84,81.5,0
kochi,2023-03-05,3,1.05,32.63,121.1,0
kochi,2023-03-06,3,4.22,32.45,88.5,0
kochi,2023-03-07,3,1.21,29.58,95.3,0
kochi,2023-03-08,3,3.72,33.73,132.9,0
kochi,2023-03-09,3,2.72,31.56,37.0,0
kochi,2023-03-10,3,3.01,32.91,33.4,0
kochi,2023-03-11,3,1.68,31.9,185.0,0
kochi,2023-03-12,3,2.08,31.16,33.0,0
kochi,2023-03-13,3,3.89,33.77,100.0,0
kochi,2023-03-14,3,1.98,33.5,107.9,0
kochi,2023-03-15,3,6.38,29.96,33.5,0
kochi,2023-03-16,3,0.37,33.74,113.2,0
kochi,2023-03-17,3,1.3,33.4,66.5,0
kochi,2023-03-18,3,4.01,30.68,83.0,0
kochi,2023-03-19,3,2.03,33.26,103.8,0
kochi,2023-03-20,3,0.82,31.23,105.7,0
kochi,2023-03-21,3,5.33,35.62,76.0,0
kochi,2023-03-22,3,1.29,35.46,81.2,0
kochi,2023-03-23,3,2.81,34.02,132.0,0
kochi,2023-03-24,3,6.14,34.25,131.1,0
kochi,2023-03-25,3,0.55,33.71,95.7,0
kochi,2023-03-26,3,1.01,35.71,184.1,0
kochi,2023-03-27,3,0.84,34.35,61.9,0
kochi,2023-03-28,3,1.21,34.53,127.0,0
kochi,2023-03-29,3,1.55,28.68,83.5,0
kochi,2023-03-30,3,1.87,34.0,48.5,0
kochi,2023-03-31,3,0.78,32.28,91.6,0
kochi,2023-04-01,4,3.42,36.05,145.3,0
kochi,2023-04-02,4,8.62,40.49,89.9,0
kochi,2023-04-03,4,0.25,37.48,100.9,0
kochi,2023-04-04,4,5.2,36.55,42.1,0
kochi,2023-04-05,4,4.14,40.08,141.5,0
kochi,2023-04-06,4,6.26,39.93,127.0,0
kochi,2023-04-07,4,3.67,38.46,91.4,0
kochi,2023-04-08,4,1.4,37.42,93.6,0
kochi,2023-04-09,4,1.74,38.23,98.2,0
kochi,2023-04-10,4,3.1,38.83,111.3,0
kochi,2023-04-11,4,3.2,36.6,82.0,0
kochi,2023-04-12,4,5.8,37.68,96.4,0
kochi,2023-04-13,4,2.68,43.6,82.6,1
kochi,2023-04-14,4,5.09,37.44,73.3,0
kochi,2023-04-15,4,2.24,39.09,89.1,0
kochi,2023-04-16,4,2.92,40.98,41.6,0
kochi,2023-04-17,4,3.8,40.49,107.7,0
kochi,2023-04-18,4,1.5,39.75,54.9,0
kochi,2023-04-19,4,1.73,37.51,51.9,0
kochi,2023-04-20,4,0.27,40.27,57.9,0
kochi,2023-04-21,4,1.79,38.26,51.2,0
kochi,2023-04-22,4,3.58,38.58,129.1,0
kochi,2023-04-23,4,10.92,41.81,82.0,0
kochi,2023-04-24,4,0.87,37.42,67.3,0
kochi,2023-04-25,4,0.34,37.19,111.4,0
kochi,2023-04-26,4,2.18,39.1,149.6,0
kochi,2023-04-27,4,1.03,37.11,121.0,0
kochi,2023-04-28,4,10.16,35.24,108.3,0
kochi,2023-04-29,4,0.82,40.26,75.0,0
kochi,2023-04-30,4,1.86,35.96,60.8,0
kochi,2023-05-01,5,2.5,41.98,119.8,0
kochi,2023-05-02,5,1.87,46.96,114.8,1
kochi,2023-05-03,5,3.67,39.82,20.0,0
kochi,2023-05-04,5,1.65,44.54,73.3,1
kochi,2023-05-05,5,0.53,41.93,54.1,0
kochi,2023-05-06,5,5.1,44.97,27.7,1
kochi,2023-05-07,5,1.81,42.97,120.1,1
kochi,2023-05-08,5,0.93,43.41,73.7,1
kochi,2023-05-09,5,2.45,44.01,67.5,1
kochi,2023-05-10,5,0.17,42.81,110.5,1
kochi,2023-05-11,5,2.3,43.89,90.9,1
kochi,2023-05-12,5,2.13,44.88,111.3,1
kochi,2023-05-13,5,2.63,40.54,98.1,0
kochi,2023-05-14,5,1.28,43.93,88.7,1
kochi,2023-05-15,5,3.34,42.74,75.3,1
kochi,2023-05-16,5,6.28,43.48,80.9,1
kochi,2023-05-17,5,2.0,40.61,48.5,0
kochi,2023-05-18,5,3.32,41.52,60.8,0
kochi,2023-05-19,5,3.41,42.28,110.7,1
kochi,2023-05-20,5,3.34,46.76,96.9,1
kochi,2023-05-21,5,0.82,45.7,101.6,1
kochi,2023-05-22,5,5.72,39.88,71.1,0
kochi,2023-05-23,5,1.48,42.47,66.6,1
kochi,2023-05-24,5,0.54,41.75,108.6,0
kochi,2023-05-25,5,1.41,44.0,113.9,1
kochi,2023-05-26,5,1.48,41.12,34.2,0
kochi,2023-05-27,5,1.62,39.62,151.9,0
kochi,2023-05-28,5,1.83,43.75,43.9,1
kochi,2023-05-29,5,2.17,42.91,53.3,1
kochi,2023-05-30,5,0.66,42.62,73.3,1
kochi,2023-05-31,5,2.99,42.7,74.9,1
kochi,2023-06-01,6,37.05,38.93,89.4,0
kochi,2023-06-02,6,12.57,36.09,119.3,0
kochi,2023-06-03,6,6.86,39.39,101.4,0
kochi,2023-06-04,6,22.56,38.15,49.8,0
kochi,2023-06-05,6,25.74,40.5,52.5,0
kochi,2023-06-06,6,11.57,36.16,20.4,0
kochi,2023-06-07,6,38.92,39.2,20.0,0
kochi,2023-06-08,6,17.92,37.36,75.5,0
kochi,2023-06-09,6,53.91,35.9,77.7,1
kochi,2023-06-10,6,40.86,41.62,20.0,0
kochi,2023-06-11,6,11.7,39.6,108.2,0
kochi,2023-06-12,6,4.21,34.76,70.1,0
kochi,2023-06-13,6,33.62,38.7,97.0,0
kochi,2023-06-14,6,50.66,41.7,101.8,1
kochi,2023-06-15,6,14.85,35.52,133.1,0
kochi,2023-06-16,6,33.8,37.3,86.6,0
kochi,2023-06-17,6,24.29,35.17,93.6,0
kochi,2023-06-18,6,18.2,37.43,105.8,0
kochi,2023-06-19,6,37.74,38.37,75.7,0
kochi,2023-06-20,6,13.5,37.48,99.7,0
kochi,2023-06-21,6,16.34,39.85,78.9,0
kochi,2023-06-22,6,25.28,37.63,117.7,0
kochi,2023-06-23,6,11.6,41.71,70.2,0
kochi,2023-06-24,6,42.25,37.58,81.7,0
kochi,2023-06-25,6,5.96,36.79,90.1,0
kochi,2023-06-26,6,16.27,39.8,122.6,0
kochi,2023-06-27,6,54.71,36.53,126.8,1
kochi,2023-06-28,6,20.21,39.32,78.7,0
kochi,2023-06-29,6,20.19,35.75,53.0,0
kochi,2023-06-30,6,9.48,40.75,126.1,0
kochi,2023-07-01,7,22.49,29.85,94.8,0
kochi,2023-07-02,7,26.95,30.99,77.7,0
kochi,2023-07-03,7,5.25,32.71,101.4,0
kochi,2023-07-04,7,57.32,32.83,121.5,1
kochi,2023-07-05,7,40.1,31.69,46.9,0
kochi,2023-07-06,7,16.74,35.5,30.3,0
kochi,2023-07-07,7,50.91,27.71,90.1,1
kochi,2023-07-08,7,50.47,34.87,70.4,1
kochi,2023-07-09,7,13.47,27.91,86.7,0
kochi,2023-07-10,7,3.25,31.49,60.7,0
kochi,2023-07-11,7,78.65,32.5,72.8,1
kochi,2023-07-12,7,48.05,32.66,92.1,1
kochi,2023-07-13,7,67.69,34.12,122.6,1
kochi,2023-07-14,7,62.17,38.43,63.0,1
kochi,2023-07-15,7,72.86,30.3,132.7,1
kochi,2023-07-16,7,31.93,32.48,29.8,0
kochi,2023-07-17,7,21.41,34.95,81.7,0
kochi,2023-07-18,7,92.47,31.21,90.9,1
kochi,2023-07-19,7,16.01,32.25,94.6,0
kochi,2023-07-20,7,71.12,31.97,24.6,1
kochi,2023-07-21,7,17.85,28.53,100.1,0
kochi,2023-07-22,7,5.17,29.83,129.7,0
kochi,2023-07-23,7,34.08,31.48,76.0,0
kochi,2023-07-24,7,62.78,32.69,88.0,1
kochi,2023-07-25,7,23.29,32.81,68.6,0
kochi,2023-07-26,7,30.23,35.74,59.8,0
kochi,2023-07-27,7,34.7,28.57,57.0,0
kochi,2023-07-28,7,99.1,31.67,52.2,1
kochi,2023-07-29,7,68.18,31.71,155.3,1
kochi,2023-07-30,7,59.3,28.84,100.8,1
kochi,2023-07-31,7,17.1,30.44,96.0,0
kochi,2023-08-01,8,16.08,29.75,123.7,0
kochi,2023-08-02,8,37.93,27.97,85.5,0
kochi,2023-08-03,8,6.63,32.13,112.7,0
kochi,2023-08-04,8,24.63,32.11,137.4,0
kochi,2023-08-05,8,51.99,28.75,110.9,1
kochi,2023-08-06,8,82.77,32.67,57.2,1
kochi,2023-08-07,8,40.09,32.79,74.5,0
kochi,2023-08-08,8,24.62,28.76,42.8,0
kochi,2023-08-09,8,27.08,33.38,94.5,0
kochi,2023-08-10,8,18.58,33.83,114.6,0
kochi,2023-08-11,8,50.07,31.6,87.0,1
kochi,2023-08-12,8,46.05,30.99,127.2,0
kochi,2023-08-13,8,37.18,32.54,86.9,0
kochi,2023-08-14,8,128.23,30.63,100.1,1
kochi,2023-08-15,8,16.56,29.06,68.6,0
kochi,2023-08-16,8,18.9,29.99,75.8,0
kochi,2023-08-17,8,47.4,30.07,69.7,0
kochi,2023-08-18,8,7.93,33.12,71.4,0
kochi,2023-08-19,8,72.95,25.58,106.4,1
kochi,2023-08-20,8,15.37,32.4,87.9,0
kochi,2023-08-21,8,14.64,33.36,82.3,0
kochi,2023-08-22,8,18.24,35.05,71.3,0
kochi,2023-08-23,8,12.79,32.63,102.6,0
kochi,2023-08-24,8,41.16,33.03,76.1,0
kochi,2023-08-25,8,13.27,30.52,131.3,0
kochi,2023-08-26,8,75.13,32.95,94.6,1
kochi,2023-08-27,8,110.14,35.92,82.3,1
kochi,2023-08-28,8,21.1,28.4,49.9,0
kochi,2023-08-29,8,20.58,30.11,47.1,0
kochi,2023-08-30,8,72.03,30.71,78.1,1
kochi,2023-08-31,8,24.67,31.93,63.9,0
kochi,2023-09-01,9,10.54,33.56,45.5,0
kochi,2023-09-02,9,7.88,36.08,42.9,0
kochi,2023-09-03,9,22.17,34.41,138.4,0
kochi,2023-09-04,9,31.05,31.87,122.6,0
kochi,2023-09-05,9,6.13,32.82,97.2,0
kochi,2023-09-06,9,21.25,30.38,38.7,0
kochi,2023-09-07,9,13.22,31.5,97.6,0
kochi,2023-09-08,9,9.38,29.85,138.9,0
kochi,2023-09-09,9,17.49,30.9,75.2,0
kochi,2023-09-10,9,6.2,31.24,72.5,0
kochi,2023-09-11,9,3.83,30.18,111.9,0
kochi,2023-09-12,9,53.78,30.27,113.8,1
kochi,2023-09-13,9,20.11,31.22,90.3,0
kochi,2023-09-14,9,8.32,31.16,64.9,0
kochi,2023-09-15,9,6.34,30.44,68.1,0
kochi,2023-09-16,9,16.74,32.13,126.4,0
kochi,2023-09-17,9,19.9,32.45,87.0,0
kochi,2023-09-18,9,13.5,32.39,129.9,0
kochi,2023-09-19,9,35.88,32.42,151.1,0
kochi,2023-09-20,9,10.13,33.4,111.8,0
kochi,2023-09-21,9,20.07,30.48,174.5,0
kochi,2023-09-22,9,43.99,34.12,86.8,0
kochi,2023-09-23,9,2.26,33.91,98.4,0
kochi,2023-09-24,9,15.4,33.65,61.2,0
kochi,2023-09-25,9,25.56,30.3,119.1,0
kochi,2023-09-26,9,35.78,37.34,119.6,0
kochi,2023-09-27,9,20.29,34.18,41.4,0
kochi,2023-09-28,9,18.69,32.65,133.5,0
kochi,2023-09-29,9,9.75,31.58,98.5,0
kochi,2023-09-30,9,6.57,32.31,144.1,0
kochi,2023-10-01,10,4.9,32.26,104.4,0
kochi,2023-10-02,10,1.6,32.95,152.3,0
kochi,2023-10-03,10,2.0,33.12,159.9,0
kochi,2023-10-04,10,2.56,33.22,103.4,0
kochi,2023-10-05,10,3.24,31.23,198.2,0
kochi,2023-10-06,10,5.36,31.66,127.1,0
kochi,2023-10-07,10,1.76,36.07,137.7,0
kochi,2023-10-08,10,4.63,32.48,128.1,0
kochi,2023-10-09,10,2.45,35.16,128.5,0
kochi,2023-10-10,10,3.3,34.15,142.6,0
kochi,2023-10-11,10,6.65,34.58,202.7,0
kochi,2023-10-12,10,4.96,32.52,123.3,0
kochi,2023-10-13,10,6.24,32.29,132.7,0
kochi,2023-10-14,10,1.66,32.78,82.6,0
kochi,2023-10-15,10,6.5,33.13,128.8,0
kochi,2023-10-16,10,1.43,34.86,126.3,0
kochi,2023-10-17,10,0.96,35.61,138.0,0
kochi,2023-10-18,10,4.36,30.08,113.6,0
kochi,2023-10-19,10,0.52,31.66,142.1,0
kochi,2023-10-20,10,2.53,34.46,95.8,0
kochi,2023-10-21,10,0.26,34.41,147.1,0
kochi,2023-10-22,10,5.91,30.76,129.9,0
kochi,2023-10-23,10,1.36,30.66,185.4,0
kochi,2023-10-24,10,1.18,30.42,125.9,0
kochi,2023-10-25,10,1.8,32.78,87.6,0
kochi,2023-10-26,10,2.18,29.15,67.3,0
kochi,2023-10-27,10,1.03,36.57,132.7,0
kochi,2023-10-28,10,1.93,28.15,179.3,0
kochi,2023-10-29,10,2.51,27.04,148.2,0
kochi,2023-10-30,10,3.09,28.77,141.2,0
kochi,2023-10-31,10,0.37,33.15,171.9,0
kochi,2023-11-01,11,6.09,32.29,180.8,0
kochi,2023-11-02,11,3.13,30.91,92.2,0
kochi,2023-11-03,11,1.15,31.01,171.7,0
kochi,2023-11-04,11,3.13,31.54,184.3,0
kochi,2023-11-05,11,3.35,33.63,202.5,0
kochi,2023-11-06,11,1.16,32.4,231.1,0
kochi,2023-11-07,11,1.77,32.2,148.4,0
kochi,2023-11-08,11,0.64,30.65,232.8,0
kochi,2023-11-09,11,1.12,31.32,165.8,0
kochi,2023-11-10,11,0.68,31.29,176.4,0
kochi,2023-11-11,11,4.78,35.57,208.2,0
kochi,2023-11-12,11,4.21,33.54,159.3,0
kochi,2023-11-13,11,0.9,27.99,181.0,0
kochi,2023-11-14,11,1.96,30.36,228.2,0
kochi,2023-11-15,11,1.28,35.02,180.3,0
kochi,2023-11-16,11,1.31,30.45,132.5,0
kochi,2023-11-17,11,0.34,32.37,159.2,0
kochi,2023-11-18,11,1.9,33.51,134.6,0
kochi,2023-11-19,11,0.62,32.63,179.8,0
kochi,2023-11-20,11,4.94,31.01,223.2,0
kochi,2023-11-21,11,6.33,32.65,183.0,0
kochi,2023-11-22,11,1.93,27.28,135.7,0
kochi,2023-11-23,11,3.82,29.42,215.6,0
kochi,2023-11-24,11,3.66,31.01,138.4,0
kochi,2023-11-25,11,7.03,28.11,155.7,0
kochi,2023-11-26,11,2.57,34.64,180.8,0
kochi,2023-11-27,11,1.04,31.05,198.6,0
kochi,2023-11-28,11,6.9,30.05,157.9,0
kochi,2023-11-29,11,3.14,34.02,212.7,0
kochi,2023-11-30,11,1.8,32.32,195.8,0
kochi,2023-12-01,12,1.43,24.85,212.8,0
kochi,2023-12-02,12,6.26,21.05,228.8,0
kochi,2023-12-03,12,3.54,21.68,160.1,0
kochi,2023-12-04,12,1.86,17.59,253.4,0
kochi,2023-12-05,12,0.62,21.68,189.0,0
kochi,2023-12-06,12,2.35,22.24,182.8,0
kochi,2023-12-07,12,1.07,26.89,239.7,0
kochi,2023-12-08,12,3.0,21.56,261.3,0
kochi,2023-12-09,12,0.47,22.25,231.0,0
kochi,2023-12-10,12,1.05,23.25,233.1,0
kochi,2023-12-11,12,0.79,22.17,225.1,0
kochi,2023-12-12,12,1.31,25.67,166.4,0
kochi,2023-12-13,12,1.37,21.89,235.4,0
kochi,2023-12-14,12,2.31,24.34,241.0,0
kochi,2023-12-15,12,3.32,21.99,261.4,0
kochi,2023-12-16,12,3.38,22.56,201.4,0
kochi,2023-12-17,12,3.04,21.98,186.5,0
kochi,2023-12-18,12,1.86,21.35,207.8,0
kochi,2023-12-19,12,2.82,21.63,158.9,0
kochi,2023-12-20,12,3.7,23.13,215.2,0
kochi,2023-12-21,12,1.34,20.01,287.8,0
kochi,2023-12-22,12,2.51,25.54,229.2,0
kochi,2023-12-23,12,2.89,22.24,211.2,0
kochi,2023-12-24,12,7.73,23.76,222.8,0
kochi,2023-12-25,12,3.88,21.59,247.2,0
kochi,2023-12-26,12,1.52,21.77,188.0,0
kochi,2023-12-27,12,1.8,21.86,222.7,0
kochi,2023-12-28,12,4.0,21.67,199.7,0
kochi,2023-12-29,12,0.72,22.6,285.7,0
kochi,2023-12-30,12,0.49,24.18,238.7,0
kochi,2023-12-31,12,0.91,25.66,180.5,0
kochi,2024-01-01,1,2.84,21.51,252.5,0
kochi,2024-01-02,1,4.57,22.06,263.1,0
kochi,2024-01-03,1,3.45,21.07,295.1,0
kochi,2024-01-04,1,2.48,21.51,263.4,0
kochi,2024-01-05,1,3.85,21.72,273.0,0
kochi,2024-01-06,1,2.63,23.26,296.0,0
kochi,2024-01-07,1,0.93,20.02,257.6,0
kochi,2024-01-08,1,5.42,22.38,309.6,0
kochi,2024-01-09,1,9.35,17.17,234.4,0
kochi,2024-01-10,1,4.6,19.43,246.8,0
kochi,2024-01-11,1,3.63,20.06,200.3,0
kochi,2024-01-12,1,1.18,19.47,272.3,0
kochi,2024-01-13,1,5.97,18.71,227.3,0
kochi,2024-01-14,1,3.96,16.74,237.2,0
kochi,2024-01-15,1,3.31,20.81,227.0,0
kochi,2024-01-16,1,2.64,21.0,293.8,0
kochi,2024-01-17,1,1.77,18.25,251.9,0
kochi,2024-01-18,1,2.63,19.78,232.5,0
kochi,2024-01-19,1,2.81,24.43,223.7,0
kochi,2024-01-20,1,1.31,20.51,273.6,0
kochi,2024-01-21,1,1.64,21.97,270.8,0
kochi,2024-01-22,1,1.25,23.07,255.4,0
kochi,2024-01-23,1,0.97,16.13,184.7,0
kochi,2024-01-24,1,0.66,21.06,290.0,0
kochi,2024-01-25,1,0.68,21.73,238.6,0
kochi,2024-01-26,1,0.23,18.26,285.5,0
kochi,2024-01-27,1,5.84,19.38,276.1,0
kochi,2024-01-28,1,2.65,22.23,256.4,0
kochi,2024-01-29,1,5.06,19.33,273.7,0
kochi,2024-01-30,1,5.42,18.39,279.6,0
kochi,2024-01-31,1,6.89,19.8,215.4,0
kochi,2024-02-01,2,1.65,21.2,64.1,0
kochi,2024-02-02,2,5.07,21.02,113.9,0
kochi,2024-02-03,2,1.84,17.62,84.5,0
kochi,2024-02-04,2,1.58,23.88,90.7,0
kochi,2024-02-05,2,3.86,23.4,124.1,0
kochi,2024-02-06,2,2.92,24.43,79.2,0
kochi,2024-02-07,2,0.82,24.59,60.9,0
kochi,2024-02-08,2,1.87,19.79,156.3,0
kochi,2024-02-09,2,1.04,19.58,52.7,0
kochi,2024-02-10,2,4.26,21.5,20.0,0
kochi,2024-02-11,2,1.7,26.89,110.0,0
kochi,2024-02-12,2,4.48,21.69,58.8,0
kochi,2024-02-13,2,1.87,20.54,110.4,0
kochi,2024-02-14,2,3.14,24.61,98.3,0
kochi,2024-02-15,2,1.52,23.54,61.8,0
kochi,2024-02-16,2,1.51,20.33,60.4,0
kochi,2024-02-17,2,2.03,23.01,66.6,0
kochi,2024-02-18,2,3.78,19.75,78.0,0
kochi,2024-02-19,2,1.83,22.38,92.8,0
kochi,2024-02-20,2,3.23,22.19,119.0,0
kochi,2024-02-21,2,2.59,20.3,127.9,0
kochi,2024-02-22,2,5.02,21.37,129.8,0
kochi,2024-02-23,2,2.96,20.95,67.2,0
kochi,2024-02-24,2,2.94,22.35,40.2,0
kochi,2024-02-25,2,2.35,21.72,95.6,0
kochi,2024-02-26,2,0.68,21.67,42.9,0
kochi,2024-02-27,2,4.03,22.25,79.0,0
kochi,2024-02-28,2,0.72,23.55,117.7,0
kochi,2024-02-29,2,2.77,22.14,77.0,0
kochi,2024-03-01,3,5.62,29.41,78.0,0
kochi,2024-03-02,3,1.75,32.58,80.0,0
kochi,2024-03-03,3,2.56,31.43,104.7,0
kochi,2024-03-04,3,5.0,35.38,62.4,0
kochi,2024-03-05,3,6.39,31.79,42.4,0
kochi,2024-03-06,3,0.1,33.41,104.3,0
kochi,2024-03-07,3,1.21,33.26,61.4,0
kochi,2024-03-08,3,0.89,31.32,96.0,0
kochi,2024-03-09,3,0.78,30.38,148.5,0
kochi,2024-03-10,3,3.13,35.66,62.2,0
kochi,2024-03-11,3,2.4,33.66,133.7,0
kochi,2024-03-12,3,1.41,33.69,115.8,0
kochi,2024-03-13,3,2.41,32.29,146.7,0
kochi,2024-03-14,3,4.39,32.67,103.4,0
kochi,2024-03-15,3,0.86,34.78,86.5,0
kochi,2024-03-16,3,1.33,33.07,99.4,0
kochi,2024-03-17,3,1.44,30.62,140.9,0
kochi,2024-03-18,3,6.53,30.6,66.9,0
kochi,2024-03-19,3,2.05,31.65,60.8,0
kochi,2024-03-20,3,1.07,32.86,54.2,0
kochi,2024-03-21,3,1.84,33.48,20.0,0
kochi,2024-03-22,3,7.92,25.3,126.9,0
kochi,2024-03-23,3,2.17,33.58,100.6,0
kochi,2024-03-24,3,2.36,31.99,136.3,0
kochi,2024-03-25,3,1.91,33.95,105.5,0
kochi,2024-03-26,3,0.89,31.1,132.9,0
kochi,2024-03-27,3,5.89,30.79,112.2,0
kochi,2024-03-28,3,3.12,33.36,89.0,0
kochi,2024-03-29,3,1.59,33.6,70.7,0
kochi,2024-03-30,3,1.29,32.01,117.3,0
kochi,2024-03-31,3,2.69,31.28,123.6,0
kochi,2024-04-01,4,3.47,36.75,72.7,0
kochi,2024-04-02,4,2.2,36.77,113.8,0
kochi,2024-04-03,4,4.04,37.1,67.5,0
kochi,2024-04-04,4,0.26,40.61,90.3,0
kochi,2024-04-05,4,0.83,39.64,73.4,0
kochi,2024-04-06,4,3.5,36.47,104.0,0
kochi,2024-04-07,4,6.09,37.19,120.8,0
kochi,2024-04-08,4,1.53,36.5,103.1,0
kochi,2024-04-09,4,1.87,35.21,78.5,0
kochi,2024-04-10,4,0.96,40.44,102.5,0
kochi,2024-04-11,4,4.37,38.09,60.2,0
kochi,2024-04-12,4,2.54,41.3,105.9,0
kochi,2024-04-13,4,2.7,41.98,70.1,0
kochi,2024-04-14,4,5.1,38.78,89.2,0
kochi,2024-04-15,4,1.52,38.01,99.3,0
kochi,2024-04-16,4,4.39,37.46,109.7,0
kochi,2024-04-17,4,3.38,38.33,25.2,0
kochi,2024-04-18,4,2.14,41.48,82.9,0
kochi,2024-04-19,4,2.2,42.05,128.7,1
kochi,2024-04-20,4,1.1,38.98,83.0,0
kochi,2024-04-21,4,0.98,37.08,70.3,0
kochi,2024-04-22,4,1.98,36.6,42.5,0
kochi,2024-04-23,4,6.65,38.2,58.0,0
kochi,2024-04-24,4,0.8,37.2,111.3,0
kochi,2024-04-25,4,1.3,39.64,102.7,0
kochi,2024-04-26,4,2.93,40.65,68.8,0
kochi,2024-04-27,4,1.05,37.52,135.6,0
kochi,2024-04-28,4,2.56,36.22,78.3,0
kochi,2024-04-29,4,4.18,35.86,92.2,0
kochi,2024-04-30,4,0.09,36.06,82.4,0
kochi,2024-05-01,5,5.1,43.0,118.2,1
kochi,2024-05-02,5,3.14,44.04,105.9,1
kochi,2024-05-03,5,2.43,45.69,127.4,1
kochi,2024-05-04,5,1.34,37.21,54.5,0
kochi,2024-05-05,5,2.38,42.0,77.0,0
kochi,2024-05-06,5,2.49,38.91,153.8,0
kochi,2024-05-07,5,1.37,44.95,67.9,1
kochi,2024-05-08,5,7.03,41.41,118.8,0
kochi,2024-05-09,5,1.25,42.22,78.8,1
kochi,2024-05-10,5,2.92,45.74,49.8,1
kochi,2024-05-11,5,5.18,41.24,59.3,0
kochi,2024-05-12,5,1.03,41.11,47.8,0
kochi,2024-05-13,5,2.98,46.78,102.1,1
kochi,2024-05-14,5,1.04,42.12,62.8,1
kochi,2024-05-15,5,1.23,42.62,135.0,1
kochi,2024-05-16,5,2.82,45.41,61.3,1
kochi,2024-05-17,5,5.78,42.54,65.4,1
kochi,2024-05-18,5,2.25,45.95,166.3,1
kochi,2024-05-19,5,2.25,44.15,91.2,1
kochi,2024-05-20,5,2.1,44.0,99.0,1
kochi,2024-05-21,5,3.82,42.47,33.2,1
kochi,2024-05-22,5,6.08,44.72,20.0,1
kochi,2024-05-23,5,1.71,41.7,100.4,0
kochi,2024-05-24,5,0.62,41.67,149.7,0
kochi,2024-05-25,5,1.2,45.39,110.4,1
kochi,2024-05-26,5,0.51,41.82,59.4,0
kochi,2024-05-27,5,3.16,42.7,106.2,1
kochi,2024-05-28,5,2.6,43.33,111.6,1
kochi,2024-05-29,5,1.89,43.68,106.6,1
kochi,2024-05-30,5,0.82,41.87,113.4,0
kochi,2024-05-31,5,1.05,41.27,81.6,0
kochi,2024-06-01,6,15.28,35.32,126.5,0
kochi,2024-06-02,6,6.19,40.06,97.1,0
kochi,2024-06-03,6,21.55,39.93,118.4,0
kochi,2024-06-04,6,31.62,40.07,61.4,0
kochi,2024-06-05,6,32.77,37.9,87.0,0
kochi,2024-06-06,6,12.61,36.11,96.5,0
kochi,2024-06-07,6,37.98,37.06,91.1,0
kochi,2024-06-08,6,28.16,36.09,81.3,0
kochi,2024-06-09,6,15.8,39.89,90.9,0
kochi,2024-06-10,6,18.44,36.97,100.2,0
kochi,2024-06-11,6,12.38,42.52,74.0,1
kochi,2024-06-12,6,9.59,35.87,21.5,0
kochi,2024-06-13,6,30.74,37.18,67.8,0
kochi,2024-06-14,6,4.44,38.22,158.9,0
kochi,2024-06-15,6,15.13,41.97,46.3,0
kochi,2024-06-16,6,8.34,35.88,93.6,0
kochi,2024-06-17,6,51.83,42.0,106.2,1
kochi,2024-06-18,6,52.34,38.71,95.4,1
kochi,2024-06-19,6,13.71,39.87,119.8,0
kochi,2024-06-20,6,27.42,44.03,86.8,1
kochi,2024-06-21,6,5.67,37.11,107.5,0
kochi,2024-06-22,6,45.55,35.88,116.9,1
kochi,2024-06-23,6,5.25,35.5,93.7,0
kochi,2024-06-24,6,9.03,37.9,61.5,0
kochi,2024-06-25,6,66.98,38.89,123.9,1
kochi,2024-06-26,6,11.0,39.14,28.2,0
kochi,2024-06-27,6,10.64,35.41,58.2,0
kochi,2024-06-28,6,27.59,37.17,128.4,0
kochi,2024-06-29,6,62.92,37.07,94.1,1
kochi,2024-06-30,6,49.54,37.35,126.9,0
kochi,2024-07-01,7,25.0,33.24,78.1,0
kochi,2024-07-02,7,25.0,35.87,37.8,0
kochi,2024-07-03,7,13.25,30.23,109.5,0
kochi,2024-07-04,7,21.09,32.46,96.3,0
kochi,2024-07-05,7,13.31,26.67,105.4,0
kochi,2024-07-06,7,44.51,33.92,87.2,0
kochi,2024-07-07,7,4.89,32.26,36.0,0
kochi,2024-07-08,7,42.16,31.41,96.4,0
kochi,2024-07-09,7,48.8,30.5,100.9,0
kochi,2024-07-10,7,37.14,32.58,85.6,0
kochi,2024-07-11,7,17.13,31.81,71.5,0
kochi,2024-07-12,7,45.75,31.57,83.6,0
kochi,2024-07-13,7,21.11,31.58,34.8,0
kochi,2024-07-14,7,105.79,33.71,102.1,1
kochi,2024-07-15,7,66.54,33.7,129.6,1
kochi,2024-07-16,7,4.58,33.49,66.1,0
kochi,2024-07-17,7,8.77,31.13,129.3,0
kochi,2024-07-18,7,33.2,30.55,170.3,0
kochi,2024-07-19,7,22.46,32.07,34.7,0
kochi,2024-07-20,7,29.29,34.06,57.9,0
kochi,2024-07-21,7,6.97,35.05,100.9,0
kochi,2024-07-22,7,51.15,30.64,95.7,1
kochi,2024-07-23,7,27.58,30.67,121.9,0
kochi,2024-07-24,7,31.65,30.13,114.7,0
kochi,2024-07-25,7,4.23,32.44,63.4,0
kochi,2024-07-26,7,1.91,30.34,73.0,0
kochi,2024-07-27,7,10.57,32.34,37.2,0
kochi,2024-07-28,7,35.88,32.06,142.9,0
kochi,2024-07-29,7,14.12,31.4,110.1,0
kochi,2024-07-30,7,15.28,31.93,125.8,0
kochi,2024-07-31,7,16.1,34.22,128.5,0
kochi,2024-08-01,8,42.91,30.48,45.7,0
kochi,2024-08-02,8,12.47,33.84,72.8,0
kochi,2024-08-03,8,55.12,32.18,90.9,1
kochi,2024-08-04,8,19.92,30.34,101.0,0
kochi,2024-08-05,8,30.25,30.33,124.4,0
kochi,2024-08-06,8,20.91,33.02,116.1,0
kochi,2024-08-07,8,36.07,30.93,62.9,0
kochi,2024-08-08,8,16.91,35.2,158.4,0
kochi,2024-08-09,8,36.42,34.91,124.8,0
kochi,2024-08-10,8,78.4,33.09,104.1,1
kochi,2024-08-11,8,34.85,34.52,72.0,0
kochi,2024-08-12,8,12.39,30.9,71.9,0
kochi,2024-08-13,8,51.05,30.19,68.6,1
kochi,2024-08-14,8,6.84,33.21,107.0,0
kochi,2024-08-15,8,2.69,31.84,105.0,0
kochi,2024-08-16,8,70.93,32.74,88.6,1
kochi,2024-08-17,8,17.35,31.36,35.9,0
kochi,2024-08-18,8,33.18,32.15,78.0,0
kochi,2024-08-19,8,25.39,31.28,23.8,0
kochi,2024-08-20,8,42.65,33.39,61.4,0
kochi,2024-08-21,8,7.65,30.77,96.7,0
kochi,2024-08-22,8,12.77,31.06,88.8,0
kochi,2024-08-23,8,2.75,32.15,89.9,0
kochi,2024-08-24,8,10.62,30.03,105.8,0
kochi,2024-08-25,8,14.02,35.61,117.1,0
kochi,2024-08-26,8,28.3,31.36,31.0,0
kochi,2024-08-27,8,13.66,29.97,102.0,0
kochi,2024-08-28,8,53.35,33.05,48.2,1
kochi,2024-08-29,8,12.91,29.61,103.2,0
kochi,2024-08-30,8,35.42,30.7,93.2,0
kochi,2024-08-31,8,8.49,29.69,140.5,0
kochi,2024-09-01,9,20.26,28.14,104.7,0
kochi,2024-09-02,9,28.18,31.51,70.1,0
kochi,2024-09-03,9,15.43,34.27,123.3,0
kochi,2024-09-04,9,12.08,30.89,130.7,0
kochi,2024-09-05,9,1.36,30.35,106.9,0
kochi,2024-09-06,9,10.77,35.07,133.5,0
kochi,2024-09-07,9,17.69,31.1,54.5,0
kochi,2024-09-08,9,6.8,30.06,105.8,0
kochi,2024-09-09,9,12.68,29.41,69.8,0
kochi,2024-09-10,9,30.3,28.91,20.0,0
kochi,2024-09-11,9,14.37,29.36,98.8,0
kochi,2024-09-12,9,11.06,26.52,71.4,0
kochi,2024-09-13,9,1.9,29.35,64.0,0
kochi,2024-09-14,9,35.72,35.73,67.8,0
kochi,2024-09-15,9,8.94,30.06,109.1,0
kochi,2024-09-16,9,12.49,31.57,117.3,0
kochi,2024-09-17,9,16.88,32.3,70.5,0
kochi,2024-09-18,9,28.17,31.93,103.0,0
kochi,2024-09-19,9,13.32,31.98,114.2,0
kochi,2024-09-20,9,20.26,36.89,74.7,0
kochi,2024-09-21,9,16.03,30.94,51.4,0
kochi,2024-09-22,9,42.64,31.12,40.6,0
kochi,2024-09-23,9,21.67,29.22,102.1,0
kochi,2024-09-24,9,29.1,34.61,131.7,0
kochi,2024-09-25,9,27.14,32.64,70.8,0
kochi,2024-09-26,9,29.05,30.93,43.0,0
kochi,2024-09-27,9,21.99,31.05,72.3,0
kochi,2024-09-28,9,4.06,30.85,80.6,0
kochi,2024-09-29,9,24.9,33.39,72.2,0
kochi,2024-09-30,9,32.32,33.57,81.1,0
kochi,2024-10-01,10,4.2,32.89,139.1,0
kochi,2024-10-02,10,4.04,31.85,106.3,0
kochi,2024-10-03,10,0.93,31.98,127.2,0
kochi,2024-10-04,10,4.1,33.91,131.3,0
kochi,2024-10-05,10,3.59,31.59,95.3,0
kochi,2024-10-06,10,4.15,31.82,163.5,0
kochi,2024-10-07,10,3.22,32.65,99.5,0
kochi,2024-10-08,10,4.27,29.39,148.5,0
kochi,2024-10-09,10,1.03,33.66,105.6,0
kochi,2024-10-10,10,5.09,32.23,143.0,0
kochi,2024-10-11,10,2.83,33.41,133.1,0
kochi,2024-10-12,10,5.88,30.53,151.9,0
kochi,2024-10-13,10,3.85,34.47,138.6,0
kochi,2024-10-14,10,2.87,32.64,136.0,0
kochi,2024-10-15,10,0.62,30.44,81.0,0
kochi,2024-10-16,10,2.34,34.17,207.1,0
kochi,2024-10-17,10,2.1,31.78,156.9,0
kochi,2024-10-18,10,3.95,34.38,145.8,0
kochi,2024-10-19,10,2.93,32.69,175.8,0
kochi,2024-10-20,10,6.01,32.04,128.2,0
kochi,2024-10-21,10,1.46,31.01,155.5,0
kochi,2024-10-22,10,0.08,29.93,145.7,0
kochi,2024-10-23,10,0.86,30.78,77.9,0
kochi,2024-10-24,10,4.87,30.45,139.9,0
kochi,2024-10-25,10,1.51,30.96,140.1,0
kochi,2024-10-26,10,1.32,31.07,133.3,0
kochi,2024-10-27,10,0.23,29.07,168.9,0
kochi,2024-10-28,10,2.75,32.03,141.6,0
kochi,2024-10-29,10,1.88,31.5,169.3,0
kochi,2024-10-30,10,2.16,31.59,82.8,0
kochi,2024-10-31,10,7.29,32.83,98.8,0
kochi,2024-11-01,11,0.57,30.45,187.5,0
kochi,2024-11-02,11,2.22,28.27,218.2,0
kochi,2024-11-03,11,3.15,32.89,170.1,0
kochi,2024-11-04,11,3.01,32.81,181.1,0
kochi,2024-11-05,11,1.24,32.64,173.7,0
kochi,2024-11-06,11,1.58,30.46,141.6,0
kochi,2024-11-07,11,1.68,31.42,178.6,0
kochi,2024-11-08,11,6.7,31.24,120.0,0
kochi,2024-11-09,11,2.79,29.96,163.8,0
kochi,2024-11-10,11,1.88,32.17,190.1,0
kochi,2024-11-11,11,0.89,32.34,169.9,0
kochi,2024-11-12,11,1.73,29.73,128.6,0
kochi,2024-11-13,11,0.93,30.95,210.6,0
kochi,2024-11-14,11,1.38,33.11,197.2,0
kochi,2024-11-15,11,3.36,32.5,253.0,0
kochi,2024-11-16,11,0.21,36.4,196.0,0
kochi,2024-11-17,11,1.53,27.07,240.3,0
kochi,2024-11-18,11,2.25,34.35,196.1,0
kochi,2024-11-19,11,1.65,30.62,168.5,0
kochi,2024-11-20,11,0.71,33.53,180.3,0
kochi,2024-11-21,11,1.93,32.24,100.4,0
kochi,2024-11-22,11,0.4,29.89,219.9,0
kochi,2024-11-23,11,2.25,30.22,207.4,0
kochi,2024-11-24,11,5.02,33.9,215.1,0
kochi,2024-11-25,11,0.75,32.52,216.5,0
kochi,2024-11-26,11,3.37,32.87,129.2,0
kochi,2024-11-27,11,0.69,31.12,158.6,0
kochi,2024-11-28,11,4.0,32.47,164.8,0
kochi,2024-11-29,11,5.18,33.56,209.5,0
kochi,2024-11-30,11,1.74,29.1,220.3,0
kochi,2024-12-01,12,7.59,21.17,245.8,0
kochi,2024-12-02,12,3.24,23.04,237.6,0
kochi,2024-12-03,12,0.72,22.58,275.9,0
kochi,2024-12-04,12,5.65,22.5,212.1,0
kochi,2024-12-05,12,0.96,22.02,208.9,0
kochi,2024-12-06,12,1.99,18.39,250.4,0
kochi,2024-12-07,12,5.82,21.86,186.7,0
kochi,2024-12-08,12,1.0,21.93,261.8,0
kochi,2024-12-09,12,1.07,24.15,190.0,0
kochi,2024-12-10,12,1.04,22.83,227.2,0
kochi,2024-12-11,12,1.57,19.15,201.0,0
kochi,2024-12-12,12,0.42,22.04,259.4,0
kochi,2024-12-13,12,0.16,19.67,215.5,0
kochi,2024-12-14,12,2.36,22.64,227.2,0
kochi,2024-12-15,12,2.54,22.82,226.5,0
kochi,2024-12-16,12,3.56,21.15,199.8,0
kochi,2024-12-17,12,2.09,24.51,181.1,0
kochi,2024-12-18,12,1.52,21.35,172.4,0
kochi,2024-12-19,12,2.58,19.79,239.3,0
kochi,2024-12-20,12,0.59,21.35,206.3,0
kochi,2024-12-21,12,0.26,22.45,199.2,0
kochi,2024-12-22,12,1.68,24.18,217.0,0
kochi,2024-12-23,12,0.91,25.08,175.8,0
kochi,2024-12-24,12,1.81,23.95,217.5,0
kochi,2024-12-25,12,1.26,23.37,247.4,0
kochi,2024-12-26,12,2.39,22.48,214.7,0
kochi,2024-12-27,12,1.86,19.89,236.7,0
kochi,2024-12-28,12,1.46,21.61,254.5,0
kochi,2024-12-29,12,1.44,25.52,228.3,0
kochi,2024-12-30,12,1.21,19.52,235.7,0
kochi,2024-12-31,12,4.58,23.93,212.7,0
kochi,2025-01-01,1,1.28,18.18,239.3,0
kochi,2025-01-02,1,0.94,21.32,285.7,0
kochi,2025-01-03,1,2.98,24.75,258.5,0
kochi,2025-01-04,1,3.3,23.24,208.2,0
kochi,2025-01-05,1,8.3,21.8,224.7,0
kochi,2025-01-06,1,2.75,18.88,257.9,0
kochi,2025-01-07,1,1.75,20.08,285.3,0
kochi,2025-01-08,1,3.23,22.69,290.0,0
kochi,2025-01-09,1,2.28,20.04,172.6,0
kochi,2025-01-10,1,4.18,21.94,253.2,0
kochi,2025-01-11,1,5.3,21.64,206.7,0
kochi,2025-01-12,1,0.86,20.37,270.2,0
kochi,2025-01-13,1,5.38,19.46,277.5,0
kochi,2025-01-14,1,1.76,20.88,256.3,0
kochi,2025-01-15,1,0.82,23.19,260.7,0
kochi,2025-01-16,1,1.14,21.35,268.5,0
kochi,2025-01-17,1,1.19,18.95,262.9,0
kochi,2025-01-18,1,2.91,21.48,240.9,0
kochi,2025-01-19,1,3.28,21.7,257.1,0
kochi,2025-01-20,1,2.37,18.84,278.4,0
kochi,2025-01-21,1,2.0,16.91,232.7,0
kochi,2025-01-22,1,5.19,22.93,250.5,0
kochi,2025-01-23,1,2.31,20.09,262.4,0
kochi,2025-01-24,1,1.24,22.1,230.9,0
kochi,2025-01-25,1,5.68,22.29,256.5,0
kochi,2025-01-26,1,1.94,17.94,230.8,0
kochi,2025-01-27,1,3.94,17.63,313.5,0
kochi,2025-01-28,1,1.12,17.86,220.7,0
kochi,2025-01-29,1,2.27,16.19,231.5,0
kochi,2025-01-30,1,0.61,22.12,237.8,0
kochi,2025-01-31,1,3.81,17.7,249.4,0
kochi,2025-02-01,2,3.46,23.4,99.7,0
kochi,2025-02-02,2,2.6,24.05,29.4,0
kochi,2025-02-03,2,1.63,20.8,39.4,0
kochi,2025-02-04,2,2.66,24.92,66.9,0
kochi,2025-02-05,2,1.49,22.34,123.5,0
kochi,2025-02-06,2,0.14,25.26,107.4,0
kochi,2025-02-07,2,3.72,20.42,84.5,0
kochi,2025-02-08,2,3.58,23.46,73.0,0
kochi,2025-02-09,2,2.26,20.82,58.1,0
kochi,2025-02-10,2,0.85,21.71,99.6,0
kochi,2025-02-11,2,4.37,21.11,133.9,0
kochi,2025-02-12,2,1.99,22.67,105.6,0
kochi,2025-02-13,2,4.82,21.18,49.1,0
kochi,2025-02-14,2,1.43,20.93,84.0,0
kochi,2025-02-15,2,5.66,25.0,108.1,0
kochi,2025-02-16,2,2.24,22.21,56.3,0
kochi,2025-02-17,2,1.05,21.59,75.1,0
kochi,2025-02-18,2,1.96,26.37,79.0,0
kochi,2025-02-19,2,3.44,22.68,120.4,0
kochi,2025-02-20,2,3.26,24.2,108.0,0
kochi,2025-02-21,2,5.71,19.57,111.0,0
kochi,2025-02-22,2,1.09,28.46,62.5,0
kochi,2025-02-23,2,2.96,22.9,100.2,0
kochi,2025-02-24,2,3.41,22.0,101.6,0
kochi,2025-02-25,2,2.4,23.3,164.2,0
kochi,2025-02-26,2,4.72,24.32,67.7,0
kochi,2025-02-27,2,1.68,24.8,79.0,0
kochi,2025-02-28,2,3.16,21.11,74.7,0
kochi,2025-03-01,3,2.03,32.71,112.9,0
kochi,2025-03-02,3,1.01,30.27,150.5,0
kochi,2025-03-03,3,3.58,33.68,130.8,0
kochi,2025-03-04,3,1.29,29.5,60.7,0
kochi,2025-03-05,3,1.76,35.04,111.7,0
kochi,2025-03-06,3,2.38,30.03,87.4,0
kochi,2025-03-07,3,5.23,32.49,115.3,0
kochi,2025-03-08,3,2.03,33.44,96.1,0
kochi,2025-03-09,3,2.49,34.22,99.2,0
kochi,2025-03-10,3,1.87,35.28,96.7,0
kochi,2025-03-11,3,1.02,31.15,139.7,0
kochi,2025-03-12,3,1.77,32.02,130.8,0
kochi,2025-03-13,3,2.51,33.77,72.5,0
kochi,2025-03-14,3,1.74,35.05,32.1,0
kochi,2025-03-15,3,2.06,34.27,101.3,0
kochi,2025-03-16,3,3.47,30.96,65.1,0
kochi,2025-03-17,3,4.48,32.61,84.2,0
kochi,2025-03-18,3,0.76,32.31,25.1,0
kochi,2025-03-19,3,2.07,30.72,69.3,0
kochi,2025-03-20,3,1.08,32.33,68.0,0
kochi,2025-03-21,3,3.28,33.47,60.4,0
kochi,2025-03-22,3,4.74,32.49,77.3,0
kochi,2025-03-23,3,0.77,31.0,58.5,0
kochi,2025-03-24,3,4.34,33.11,100.4,0
kochi,2025-03-25,3,3.72,37.07,99.7,0
kochi,2025-03-26,3,1.98,37.72,104.7,0
kochi,2025-03-27,3,1.63,31.39,68.0,0
kochi,2025-03-28,3,7.46,33.64,107.8,0
kochi,2025-03-29,3,1.98,34.14,23.3,0
kochi,2025-03-30,3,2.05,33.63,70.4,0
kochi,2025-03-31,3,2.68,32.8,123.4,0
kochi,2025-04-01,4,3.58,38.77,156.4,0
kochi,2025-04-02,4,1.1,40.46,103.1,0
kochi,2025-04-03,4,0.01,42.82,84.8,1
kochi,2025-04-04,4,3.54,39.59,125.3,0
kochi,2025-04-05,4,0.59,38.64,56.5,0
kochi,2025-04-06,4,0.75,38.25,122.0,0
kochi,2025-04-07,4,2.49,39.6,74.0,0
kochi,2025-04-08,4,1.25,40.1,106.4,0
kochi,2025-04-09,4,1.23,35.69,63.0,0
kochi,2025-04-10,4,5.73,37.83,144.1,0
kochi,2025-04-11,4,0.92,38.97,114.0,0
kochi,2025-04-12,4,3.04,40.57,138.3,0
kochi,2025-04-13,4,3.01,38.11,100.1,0
kochi,2025-04-14,4,2.95,37.24,67.1,0
kochi,2025-04-15,4,2.19,38.2,106.8,0
kochi,2025-04-16,4,2.28,37.48,63.7,0
kochi,2025-04-17,4,1.61,36.28,105.8,0
kochi,2025-04-18,4,3.42,39.42,42.4,0
kochi,2025-04-19,4,0.41,39.9,115.8,0
kochi,2025-04-20,4,1.15,42.69,97.8,1
kochi,2025-04-21,4,1.37,38.52,125.2,0
kochi,2025-04-22,4,1.54,41.74,137.2,0
kochi,2025-04-23,4,2.96,36.94,88.1,0
kochi,2025-04-24,4,2.28,36.29,80.9,0
kochi,2025-04-25,4,0.01,40.32,79.3,0
kochi,2025-04-26,4,2.2,40.72,127.1,0
kochi,2025-04-27,4,3.13,42.01,162.2,1
kochi,2025-04-28,4,6.11,38.49,80.0,0
kochi,2025-04-29,4,0.57,35.44,76.3,0
kochi,2025-04-30,4,1.16,35.18,104.7,0
kochi,2025-05-01,5,3.21,42.82,40.2,1
kochi,2025-05-02,5,2.63,40.98,108.1,0
kochi,2025-05-03,5,1.04,45.6,81.3,1
kochi,2025-05-04,5,3.78,41.05,78.9,0
kochi,2025-05-05,5,4.24,44.02,45.6,1
kochi,2025-05-06,5,1.79,45.34,115.8,1
kochi,2025-05-07,5,1.97,40.6,125.6,0
kochi,2025-05-08,5,3.86,43.9,93.9,1
kochi,2025-05-09,5,3.4,44.97,128.8,1
kochi,2025-05-10,5,1.1,41.8,64.6,0
kochi,2025-05-11,5,0.73,44.29,131.6,1
kochi,2025-05-12,5,1.38,46.14,79.4,1
kochi,2025-05-13,5,0.77,44.84,65.2,1
kochi,2025-05-14,5,0.82,42.27,80.6,1
kochi,2025-05-15,5,2.68,44.93,114.9,1
kochi,2025-05-16,5,1.23,38.57,41.4,0
kochi,2025-05-17,5,1.38,43.9,74.7,1
kochi,2025-05-18,5,0.69,44.68,74.6,1
kochi,2025-05-19,5,3.82,44.2,56.8,1
kochi,2025-05-20,5,1.1,46.36,52.5,1
kochi,2025-05-21,5,5.94,44.72,124.7,1
kochi,2025-05-22,5,7.7,45.39,99.7,1
kochi,2025-05-23,5,2.68,42.27,94.4,1
kochi,2025-05-24,5,2.6,42.92,137.7,1
kochi,2025-05-25,5,0.25,40.62,29.8,0
kochi,2025-05-26,5,5.04,45.77,100.7,1
kochi,2025-05-27,5,1.71,46.54,101.7,1
kochi,2025-05-28,5,2.47,42.06,20.0,1
kochi,2025-05-29,5,2.17,39.36,86.9,0
kochi,2025-05-30,5,2.93,45.85,57.8,1
kochi,2025-05-31,5,2.84,45.06,115.0,1
kochi,2025-06-01,6,7.96,39.42,45.0,0
kochi,2025-06-02,6,16.71,39.15,59.7,0
kochi,2025-06-03,6,4.83,40.15,92.0,0
kochi,2025-06-04,6,47.83,38.7,116.1,1
kochi,2025-06-05,6,19.81,41.58,66.0,0
kochi,2025-06-06,6,26.61,39.79,48.3,0
kochi,2025-06-07,6,15.96,40.17,80.5,0
kochi,2025-06-08,6,58.8,42.31,85.5,1
kochi,2025-06-09,6,4.15,38.16,53.6,0
kochi,2025-06-10,6,10.39,31.61,112.8,0
kochi,2025-06-11,6,13.77,40.3,71.0,0
kochi,2025-06-12,6,22.61,38.34,132.4,0
kochi,2025-06-13,6,20.81,36.95,69.7,0
kochi,2025-06-14,6,6.28,34.03,53.5,0
kochi,2025-06-15,6,34.59,38.69,135.3,0
kochi,2025-06-16,6,2.52,35.92,115.9,0
kochi,2025-06-17,6,7.52,39.47,87.0,0
kochi,2025-06-18,6,52.77,38.78,101.7,1
kochi,2025-06-19,6,9.0,39.58,154.9,0
kochi,2025-06-20,6,18.57,38.77,76.9,0
kochi,2025-06-21,6,5.05,37.25,81.0,0
kochi,2025-06-22,6,25.18,34.59,87.1,0
kochi,2025-06-23,6,21.84,36.65,98.2,0
kochi,2025-06-24,6,84.68,35.15,58.4,1
kochi,2025-06-25,6,47.16,35.92,76.4,0
kochi,2025-06-26,6,50.1,35.07,89.6,1
kochi,2025-06-27,6,9.2,38.47,144.1,0
kochi,2025-06-28,6,15.44,36.4,105.3,0
kochi,2025-06-29,6,22.6,37.49,53.3,0
kochi,2025-06-30,6,48.04,38.74,92.6,0
kochi,2025-07-01,7,55.87,36.44,101.9,1
kochi,2025-07-02,7,46.78,33.0,150.8,0
kochi,2025-07-03,7,33.41,30.27,80.6,0
kochi,2025-07-04,7,38.99,31.68,54.9,0
kochi,2025-07-05,7,38.78,33.55,86.9,0
kochi,2025-07-06,7,13.74,31.79,90.2,0
kochi,2025-07-07,7,20.88,31.3,75.8,0
kochi,2025-07-08,7,28.75,34.04,58.5,0
kochi,2025-07-09,7,14.45,33.38,145.6,0
kochi,2025-07-10,7,38.02,29.98,85.0,0
kochi,2025-07-11,7,27.54,33.5,97.9,0
kochi,2025-07-12,7,63.21,36.4,111.5,1
kochi,2025-07-13,7,24.1,32.8,73.4,0
kochi,2025-07-14,7,10.99,31.19,103.8,0
kochi,2025-07-15,7,49.33,30.91,116.7,0
kochi,2025-07-16,7,13.41,26.11,74.0,0
kochi,2025-07-17,7,40.34,30.37,57.1,0
kochi,2025-07-18,7,65.53,31.74,124.7,1
kochi,2025-07-19,7,22.42,31.53,52.9,0
kochi,2025-07-20,7,35.89,27.96,69.7,0
kochi,2025-07-21,7,8.8,27.49,113.8,0
kochi,2025-07-22,7,64.12,33.01,98.5,1
kochi,2025-07-23,7,34.95,32.94,96.7,0
kochi,2025-07-24,7,5.29,30.63,149.5,0
kochi,2025-07-25,7,50.62,33.9,100.8,1
kochi,2025-07-26,7,39.05,32.35,71.5,0
kochi,2025-07-27,7,10.1,32.85,77.5,0
kochi,2025-07-28,7,41.05,31.09,53.1,0
kochi,2025-07-29,7,6.4,31.64,31.9,0
kochi,2025-07-30,7,12.92,31.72,50.7,0
kochi,2025-07-31,7,32.4,33.12,86.4,0
kochi,2025-08-01,8,21.79,32.67,116.1,0
kochi,2025-08-02,8,20.47,30.28,78.3,0
kochi,2025-08-03,8,17.01,31.32,59.3,0
kochi,2025-08-04,8,26.92,32.72,56.5,0
kochi,2025-08-05,8,41.32,30.98,103.9,0
kochi,2025-08-06,8,22.88,31.43,161.6,0
kochi,2025-08-07,8,35.93,32.47,74.6,0
kochi,2025-08-08,8,18.9,33.99,66.7,0
kochi,2025-08-09,8,4.71,33.77,84.0,0
kochi,2025-08-10,8,8.48,31.25,134.7,0
kochi,2025-08-11,8,22.69,31.3,104.2,0
kochi,2025-08-12,8,30.62,34.59,102.9,0
kochi,2025-08-13,8,12.08,27.4,39.9,0
kochi,2025-08-14,8,26.27,35.28,68.0,0
kochi,2025-08-15,8,16.91,32.17,107.4,0
kochi,2025-08-16,8,54.6,33.89,122.1,1
kochi,2025-08-17,8,18.68,28.46,125.9,0
kochi,2025-08-18,8,4.62,30.5,52.6,0
kochi,2025-08-19,8,57.01,32.26,83.8,1
kochi,2025-08-20,8,8.25,34.62,88.4,0
kochi,2025-08-21,8,45.16,33.43,115.9,1
kochi,2025-08-22,8,29.8,33.1,95.1,0
kochi,2025-08-23,8,10.45,33.32,132.8,0
kochi,2025-08-24,8,15.3,30.68,107.4,0
kochi,2025-08-25,8,50.22,31.54,113.7,1
kochi,2025-08-26,8,18.64,35.73,87.9,0
kochi,2025-08-27,8,6.88,33.11,46.4,0
kochi,2025-08-28,8,19.37,38.4,79.3,0
kochi,2025-08-29,8,10.89,32.86,83.3,0
kochi,2025-08-30,8,12.94,31.07,87.1,0
kochi,2025-08-31,8,16.08,33.15,37.6,0
kochi,2025-09-01,9,9.52,31.15,53.2,0
kochi,2025-09-02,9,4.69,34.4,68.1,0
kochi,2025-09-03,9,16.45,29.34,67.1,0
kochi,2025-09-04,9,13.98,28.0,88.1,0
kochi,2025-09-05,9,16.14,31.05,37.7,0
kochi,2025-09-06,9,26.55,35.09,82.1,0
kochi,2025-09-07,9,22.12,34.13,174.5,0
kochi,2025-09-08,9,52.61,31.34,64.4,1
kochi,2025-09-09,9,17.71,31.69,106.0,0
kochi,2025-09-10,9,2.57,32.33,89.7,0
kochi,2025-09-11,9,16.44,32.7,104.7,0
kochi,2025-09-12,9,12.4,34.52,91.1,0
kochi,2025-09-13,9,19.21,33.29,126.2,0
kochi,2025-09-14,9,19.65,27.16,112.4,0
kochi,2025-09-15,9,16.88,30.96,122.1,0
kochi,2025-09-16,9,23.15,28.21,105.0,0
kochi,2025-09-17,9,38.69,34.21,49.8,0
kochi,2025-09-18,9,28.41,31.69,88.4,0
kochi,2025-09-19,9,4.76,34.59,86.5,0
kochi,2025-09-20,9,13.34,33.23,109.3,0
kochi,2025-09-21,9,11.67,31.15,123.2,0
kochi,2025-09-22,9,27.06,31.42,109.1,0
kochi,2025-09-23,9,25.34,29.62,67.7,0
kochi,2025-09-24,9,20.56,30.65,87.0,0
kochi,2025-09-25,9,24.5,30.45,101.0,0
kochi,2025-09-26,9,33.16,29.42,70.7,0
kochi,2025-09-27,9,9.61,30.64,112.7,0
kochi,2025-09-28,9,25.11,32.79,60.9,0
kochi,2025-09-29,9,9.15,31.21,91.1,0
kochi,2025-09-30,9,25.32,32.08,115.9,0
kochi,2025-10-01,10,2.16,25.04,154.3,0
kochi,2025-10-02,10,3.29,33.07,168.9,0
kochi,2025-10-03,10,5.61,31.21,153.9,0
kochi,2025-10-04,10,2.57,30.12,183.1,0
kochi,2025-10-05,10,1.16,29.12,147.3,0
kochi,2025-10-06,10,2.84,36.11,123.2,0
kochi,2025-10-07,10,4.14,34.29,107.6,0
kochi,2025-10-08,10,0.95,31.61,178.6,0
kochi,2025-10-09,10,2.29,29.66,141.0,0
kochi,2025-10-10,10,0.5,30.57,152.3,0
kochi,2025-10-11,10,1.31,31.48,125.5,0
kochi,2025-10-12,10,0.71,31.17,144.2,0
kochi,2025-10-13,10,1.95,30.4,108.2,0
kochi,2025-10-14,10,0.73,32.3,119.3,0
kochi,2025-10-15,10,0.94,31.05,122.0,0
kochi,2025-10-16,10,1.35,33.0,183.8,0
kochi,2025-10-17,10,2.34,31.43,150.3,0
kochi,2025-10-18,10,1.34,32.97,133.7,0
kochi,2025-10-19,10,1.53,30.04,196.6,0
kochi,2025-10-20,10,4.63,32.52,157.1,0
kochi,2025-10-21,10,1.33,32.18,162.0,0
kochi,2025-10-22,10,3.38,32.83,104.8,0
kochi,2025-10-23,10,3.18,32.45,157.7,0
kochi,2025-10-24,10,0.82,31.41,149.8,0
kochi,2025-10-25,10,0.41,28.84,145.4,0
kochi,2025-10-26,10,3.35,35.47,130.6,0
kochi,2025-10-27,10,1.63,32.14,179.0,0
kochi,2025-10-28,10,2.3,32.1,120.3,0
kochi,2025-10-29,10,1.38,35.42,121.8,0
kochi,2025-10-30,10,1.71,32.44,52.6,0
kochi,2025-10-31,10,1.09,35.81,51.7,0
kochi,2025-11-01,11,5.53,32.19,183.8,0
kochi,2025-11-02,11,1.7,25.51,240.7,0
kochi,2025-11-03,11,2.11,31.79,184.5,0
kochi,2025-11-04,11,4.1,28.95,189.0,0
kochi,2025-11-05,11,0.75,35.7,189.4,0
kochi,2025-11-06,11,1.45,32.93,150.1,0
kochi,2025-11-07,11,2.55,34.12,173.0,0
kochi,2025-11-08,11,1.36,30.93,178.6,0
kochi,2025-11-09,11,3.05,32.84,179.8,0
kochi,2025-11-10,11,3.17,34.65,134.8,0
kochi,2025-11-11,11,5.76,33.54,254.0,0
kochi,2025-11-12,11,2.54,32.96,185.9,0
kochi,2025-11-13,11,1.76,34.48,204.2,0
kochi,2025-11-14,11,2.15,32.5,138.0,0
kochi,2025-11-15,11,0.3,30.42,169.2,0
kochi,2025-11-16,11,4.1,31.15,199.0,0
kochi,2025-11-17,11,2.54,30.13,175.8,0
kochi,2025-11-18,11,4.79,31.72,213.5,0
kochi,2025-11-19,11,2.74,30.18,187.8,0
kochi,2025-11-20,11,0.04,29.22,164.9,0
kochi,2025-11-21,11,3.49,26.58,158.9,0
kochi,2025-11-22,11,1.39,31.29,125.0,0
kochi,2025-11-23,11,3.41,31.72,209.8,0
kochi,2025-11-24,11,2.15,33.59,175.9,0
kochi,2025-11-25,11,2.96,34.25,174.1,0
kochi,2025-11-26,11,2.33,32.29,126.5,0
kochi,2025-11-27,11,6.72,33.22,218.5,0
kochi,2025-11-28,11,1.26,33.71,196.6,0
kochi,2025-11-29,11,0.57,30.16,182.8,0
kochi,2025-11-30,11,4.12,31.19,160.9,0
kochi,2025-12-01,12,5.33,23.81,192.4,0
kochi,2025-12-02,12,0.76,21.11,235.0,0
kochi,2025-12-03,12,1.24,18.12,256.9,0
kochi,2025-12-04,12,0.48,23.21,236.4,0
kochi,2025-12-05,12,1.5,20.65,161.3,0
kochi,2025-12-06,12,1.54,19.95,243.8,0
kochi,2025-12-07,12,0.71,23.39,188.8,0
kochi,2025-12-08,12,0.59,23.91,288.6,0
kochi,2025-12-09,12,0.14,20.77,201.7,0
kochi,2025-12-10,12,1.42,25.08,222.4,0
kochi,2025-12-11,12,1.53,23.63,276.1,0
kochi,2025-12-12,12,1.2,24.57,255.8,0
kochi,2025-12-13,12,4.46,21.25,177.4,0
kochi,2025-12-14,12,1.14,20.27,260.0,0
kochi,2025-12-15,12,1.95,22.79,224.3,0
kochi,2025-12-16,12,2.14,24.87,223.0,0
kochi,2025-12-17,12,1.13,21.8,260.9,0
kochi,2025-12-18,12,0.63,22.14,258.3,0
kochi,2025-12-19,12,1.72,22.91,202.2,0
kochi,2025-12-20,12,0.82,26.58,190.9,0
kochi,2025-12-21,12,1.88,20.06,223.8,0
kochi,2025-12-22,12,2.59,18.37,173.5,0
kochi,2025-12-23,12,3.5,20.33,209.4,0
kochi,2025-12-24,12,2.14,20.07,222.3,0
kochi,2025-12-25,12,2.03,20.7,201.4,0
kochi,2025-12-26,12,6.04,24.32,272.4,0
kochi,2025-12-27,12,1.97,22.01,207.0,0
kochi,2025-12-28,12,1.11,23.54,182.5,0
kochi,2025-12-29,12,4.09,25.7,229.5,0
kochi,2025-12-30,12,4.42,22.39,233.3,0
guwahati,2023-01-01,1,6.36,20.41,192.4,0
guwahati,2023-01-02,1,3.01,21.57,268.2,0
guwahati,2023-01-03,1,4.36,17.75,224.2,0
guwahati,2023-01-04,1,5.77,22.49,263.7,0
guwahati,2023-01-05,1,1.58,20.28,275.2,0
guwahati,2023-01-06,1,3.92,21.89,253.6,0
guwahati,2023-01-07,1,5.26,20.03,316.2,0
guwahati,2023-01-08,1,0.53,18.34,306.6,0
guwahati,2023-01-09,1,10.98,19.62,263.6,0
guwahati,2023-01-10,1,2.66,19.5,279.1,0
guwahati,2023-01-11,1,1.51,22.03,317.7,0
guwahati,2023-01-12,1,1.07,18.4,285.2,0
guwahati,2023-01-13,1,1.29,21.22,235.6,0
guwahati,2023-01-14,1,1.6,23.95,237.4,0
guwahati,2023-01-15,1,1.01,18.76,260.6,0
guwahati,2023-01-16,1,3.09,20.17,295.3,0
guwahati,2023-01-17,1,2.87,17.1,313.6,0
guwahati,2023-01-18,1,2.03,24.01,266.2,0
guwahati,2023-01-19,1,4.02,18.67,248.7,0
guwahati,2023-01-20,1,1.37,19.13,263.1,0
guwahati,2023-01-21,1,2.95,22.36,246.3,0
guwahati,2023-01-22,1,4.71,20.61,276.6,0
guwahati,2023-01-23,1,2.26,20.71,227.3,0
guwahati,2023-01-24,1,1.87,20.13,179.4,0
guwahati,2023-01-25,1,1.61,21.43,266.8,0
guwahati,2023-01-26,1,0.82,22.0,247.4,0
guwahati,2023-01-27,1,0.78,22.58,267.1,0
guwahati,2023-01-28,1,1.88,20.62,250.8,0
guwahati,2023-01-29,1,4.68,20.86,236.7,0
guwahati,2023-01-30,1,1.85,18.68,231.5,0
guwahati,2023-01-31,1,1.34,18.15,263.3,0
guwahati,2023-02-01,2,2.74,24.94,45.0,0
guwahati,2023-02-02,2,2.29,22.24,98.7,0
guwahati,2023-02-03,2,1.22,24.92,20.0,0
guwahati,2023-02-04,2,2.55,20.33,103.2,0
guwahati,2023-02-05,2,0.51,22.41,113.1,0
guwahati,2023-02-06,2,1.73,23.64,52.3,0
guwahati,2023-02-07,2,8.25,24.99,56.8,0
guwahati,2023-02-08,2,1.17,25.25,113.7,0
guwahati,2023-02-09,2,3.39,20.89,61.0,0
guwahati,2023-02-10,2,1.56,25.62,146.9,0
guwahati,2023-02-11,2,1.39,21.5,120.6,0
guwahati,2023-02-12,2,8.31,21.86,114.9,0
guwahati,2023-02-13,2,1.61,22.11,82.7,0
guwahati,2023-02-14,2,2.83,22.5,69.0,0
guwahati,2023-02-15,2,0.57,23.27,118.5,0
guwahati,2023-02-16,2,2.64,23.24,86.9,0
guwahati,2023-02-17,2,3.66,23.25,118.1,0
guwahati,2023-02-18,2,3.48,23.03,85.5,0
guwahati,2023-02-19,2,4.23,22.0,94.2,0
guwahati,2023-02-20,2,0.63,25.05,20.0,0
guwahati,2023-02-21,2,2.78,19.35,76.9,0
guwahati,2023-02-22,2,0.88,23.16,73.1,0
guwahati,2023-02-23,2,3.56,19.25,95.7,0
guwahati,2023-02-24,2,0.42,21.48,83.0,0
guwahati,2023-02-25,2,0.79,22.41,67.3,0
guwahati,2023-02-26,2,2.7,23.17,104.0,0
guwahati,2023-02-27,2,3.08,21.32,143.3,0
guwahati,2023-02-28,2,0.63,23.63,132.2,0
guwahati,2023-03-01,3,2.37,32.8,66.9,0
guwahati,2023-03-02,3,1.32,31.11,96.3,0
guwahati,2023-03-03,3,3.3,29.72,84.2,0
guwahati,2023-03-04,3,0.21,30.37,142.9,0
guwahati,2023-03-05,3,7.39,32.03,84.3,0
guwahati,2023-03-06,3,10.51,32.48,85.4,0
guwahati,2023-03-07,3,1.46,31.13,108.4,0
guwahati,2023-03-08,3,1.61,29.19,69.8,0
guwahati,2023-03-09,3,3.33,34.88,99.7,0
guwahati,2023-03-10,3,3.4,29.9,84.7,0
guwahati,2023-03-11,3,2.56,33.44,65.4,0
guwahati,2023-03-12,3,10.02,34.99,113.2,0
guwahati,2023-03-13,3,4.01,30.54,72.4,0
guwahati,2023-03-14,3,1.44,32.2,84.2,0
guwahati,2023-03-15,3,4.13,32.82,103.3,0
guwahati,2023-03-16,3,2.49,32.09,107.0,0
guwahati,2023-03-17,3,3.3,32.51,53.1,0
guwahati,2023-03-18,3,1.89,29.85,104.9,0
guwahati,2023-03-19,3,0.3,33.32,97.2,0
guwahati,2023-03-20,3,0.66,30.65,113.2,0
guwahati,2023-03-21,3,2.32,33.71,112.4,0
guwahati,2023-03-22,3,1.99,31.72,114.8,0
guwahati,2023-03-23,3,5.28,34.36,121.6,0
guwahati,2023-03-24,3,8.63,33.56,90.3,0
guwahati,2023-03-25,3,2.74,31.81,128.5,0
guwahati,2023-03-26,3,8.66,32.04,85.7,0
guwahati,2023-03-27,3,2.68,28.0,94.0,0
guwahati,2023-03-28,3,1.84,31.45,58.6,0
guwahati,2023-03-29,3,3.81,31.05,51.9,0
guwahati,2023-03-30,3,0.9,31.84,46.5,0
guwahati,2023-03-31,3,1.58,30.42,57.2,0
guwahati,2023-04-01,4,4.42,35.21,65.3,0
guwahati,2023-04-02,4,0.66,36.76,77.0,0
guwahati,2023-04-03,4,1.23,36.14,71.9,0
guwahati,2023-04-04,4,1.76,36.84,75.4,0
guwahati,2023-04-05,4,0.49,41.42,164.2,0
guwahati,2023-04-06,4,5.45,34.19,52.7,0
guwahati,2023-04-07,4,3.88,38.93,141.9,0
guwahati,2023-04-08,4,2.14,40.43,98.7,0
guwahati,2023-04-09,4,7.98,40.1,141.1,0
guwahati,2023-04-10,4,0.56,41.68,96.3,0
guwahati,2023-04-11,4,1.63,34.95,93.5,0
guwahati,2023-04-12,4,0.86,38.51,143.7,0
guwahati,2023-04-13,4,1.11,39.09,57.0,0
guwahati,2023-04-14,4,1.39,38.9,107.0,0
guwahati,2023-04-15,4,2.68,38.27,105.0,0
guwahati,2023-04-16,4,6.37,41.54,20.0,0
guwahati,2023-04-17,4,3.11,39.44,104.6,0
guwahati,2023-04-18,4,2.33,39.19,58.1,0
guwahati,2023-04-19,4,0.67,36.99,84.7,0
guwahati,2023-04-20,4,4.47,42.31,74.1,1
guwahati,2023-04-21,4,2.34,37.47,140.8,0
guwahati,2023-04-22,4,5.05,41.04,119.9,0
guwahati,2023-04-23,4,4.07,32.56,57.2,0
guwahati,2023-04-24,4,0.53,37.04,110.4,0
guwahati,2023-04-25,4,2.8,36.69,95.1,0
guwahati,2023-04-26,4,2.91,39.46,86.1,0
guwahati,2023-04-27,4,5.68,39.91,71.1,0
guwahati,2023-04-28,4,6.76,39.41,33.1,0
guwahati,2023-04-29,4,2.83,42.83,112.0,1
guwahati,2023-04-30,4,0.66,38.83,118.9,0
guwahati,2023-05-01,5,3.44,41.69,130.0,0
guwahati,2023-05-02,5,1.06,44.06,84.5,1
guwahati,2023-05-03,5,5.27,40.95,112.3,0
guwahati,2023-05-04,5,2.89,41.28,155.5,0
guwahati,2023-05-05,5,1.41,45.12,108.8,1
guwahati,2023-05-06,5,2.56,45.3,20.0,1
guwahati,2023-05-07,5,2.63,42.36,90.8,1
guwahati,2023-05-08,5,3.0,43.56,56.9,1
guwahati,2023-05-09,5,1.99,41.96,88.5,0
guwahati,2023-05-10,5,3.58,40.83,142.3,0
guwahati,2023-05-11,5,4.95,41.49,61.6,0
guwahati,2023-05-12,5,2.18,47.96,96.5,1
guwahati,2023-05-13,5,3.82,43.8,100.3,1
guwahati,2023-05-14,5,1.59,43.86,99.4,1
guwahati,2023-05-15,5,0.69,41.55,60.2,0
guwahati,2023-05-16,5,0.64,43.37,99.0,1
guwahati,2023-05-17,5,0.3,43.97,67.7,1
guwahati,2023-05-18,5,1.76,45.48,61.1,1
guwahati,2023-05-19,5,1.47,41.35,104.1,0
guwahati,2023-05-20,5,3.77,40.78,82.4,0
guwahati,2023-05-21,5,3.92,42.75,115.6,1
guwahati,2023-05-22,5,1.53,41.99,99.3,0
guwahati,2023-05-23,5,4.37,44.3,116.6,1
guwahati,2023-05-24,5,2.02,42.14,107.6,1
guwahati,2023-05-25,5,3.64,41.67,56.3,0
guwahati,2023-05-26,5,3.83,42.85,87.0,1
guwahati,2023-05-27,5,1.36,42.26,134.0,1
guwahati,2023-05-28,5,3.49,43.21,43.9,1
guwahati,2023-05-29,5,1.42,41.75,116.3,0
guwahati,2023-05-30,5,3.73,45.17,27.0,1
guwahati,2023-05-31,5,2.53,42.89,114.1,1
guwahati,2023-06-01,6,81.08,36.15,60.6,1
guwahati,2023-06-02,6,15.81,39.47,97.7,0
guwahati,2023-06-03,6,19.01,38.31,134.6,0
guwahati,2023-06-04,6,13.75,38.29,78.9,0
guwahati,2023-06-05,6,13.84,36.56,55.2,0
guwahati,2023-06-06,6,34.36,35.51,52.7,0
guwahati,2023-06-07,6,50.57,38.2,67.6,1
guwahati,2023-06-08,6,18.93,37.99,55.1,0
guwahati,2023-06-09,6,38.68,39.57,84.5,0
guwahati,2023-06-10,6,69.85,38.28,125.5,1
guwahati,2023-06-11,6,24.29,40.79,73.4,0
guwahati,2023-06-12,6,39.65,36.48,106.1,0
guwahati,2023-06-13,6,25.49,40.65,20.0,0
guwahati,2023-06-14,6,10.47,41.11,20.0,0
guwahati,2023-06-15,6,23.74,36.41,119.7,0
guwahati,2023-06-16,6,4.08,38.47,53.3,0
guwahati,2023-06-17,6,5.5,37.76,116.6,0
guwahati,2023-06-18,6,10.56,39.06,63.0,0
guwahati,2023-06-19,6,31.71,38.82,138.1,0
guwahati,2023-06-20,6,25.15,38.13,100.4,0
guwahati,2023-06-21,6,12.66,42.49,25.9,1
guwahati,2023-06-22,6,10.79,38.23,113.9,0
guwahati,2023-06-23,6,10.49,42.07,99.7,1
guwahati,2023-06-24,6,14.37,36.1,48.6,0
guwahati,2023-06-25,6,40.42,34.31,120.5,0
guwahati,2023-06-26,6,30.45,39.24,43.4,0
guwahati,2023-06-27,6,54.63,36.3,104.2,1
guwahati,2023-06-28,6,30.51,37.26,72.3,0
guwahati,2023-06-29,6,19.63,41.67,129.7,0
guwahati,2023-06-30,6,37.62,38.46,67.3,0
guwahati,2023-07-01,7,13.93,32.52,51.3,0
guwahati,2023-07-02,7,21.58,32.34,75.2,0
guwahati,2023-07-03,7,14.47,32.23,52.6,0
guwahati,2023-07-04,7,10.23,32.62,65.0,0
guwahati,2023-07-05,7,120.85,32.41,74.0,1
guwahati,2023-07-06,7,23.86,35.04,124.7,0
guwahati,2023-07-07,7,114.27,31.13,102.7,1
guwahati,2023-07-08,7,64.91,33.71,90.4,1
guwahati,2023-07-09,7,48.79,35.5,90.9,1
guwahati,2023-07-10,7,18.1,30.65,58.8,0
guwahati,2023-07-11,7,11.97,31.77,20.0,0
guwahati,2023-07-12,7,62.27,32.35,106.9,1
guwahati,2023-07-13,7,6.52,30.7,42.3,0
guwahati,2023-07-14,7,26.06,32.07,49.5,0
guwahati,2023-07-15,7,6.97,33.11,103.7,0
guwahati,2023-07-16,7,58.49,31.66,63.4,1
guwahati,2023-07-17,7,82.6,31.77,65.3,1
guwahati,2023-07-18,7,12.33,27.3,76.6,0
guwahati,2023-07-19,7,38.12,32.18,85.2,0
guwahati,2023-07-20,7,90.87,31.03,55.0,1
guwahati,2023-07-21,7,16.74,33.06,126.3,0
guwahati,2023-07-22,7,77.63,29.54,172.0,1
guwahati,2023-07-23,7,21.29,34.4,106.0,0
guwahati,2023-07-24,7,13.44,32.16,123.1,0
guwahati,2023-07-25,7,9.18,30.07,93.7,0
guwahati,2023-07-26,7,8.3,28.2,76.4,0
guwahati,2023-07-27,7,35.61,33.02,94.9,0
guwahati,2023-07-28,7,55.84,32.56,100.8,1
guwahati,2023-07-29,7,36.4,31.25,88.4,0
guwahati,2023-07-30,7,24.52,34.74,79.7,0
guwahati,2023-07-31,7,33.14,32.67,92.0,0
guwahati,2023-08-01,8,34.21,33.4,117.5,0
guwahati,2023-08-02,8,22.35,33.3,20.0,0
guwahati,2023-08-03,8,76.65,32.47,71.3,1
guwahati,2023-08-04,8,43.18,32.73,116.9,0
guwahati,2023-08-05,8,6.39,31.02,68.8,0
guwahati,2023-08-06,8,46.81,30.34,80.6,0
guwahati,2023-08-07,8,26.89,30.54,87.2,0
guwahati,2023-08-08,8,33.84,35.79,63.2,0
guwahati,2023-08-09,8,36.76,32.0,71.8,0
guwahati,2023-08-10,8,18.25,32.55,100.6,0
guwahati,2023-08-11,8,10.97,30.37,126.3,0
guwahati,2023-08-12,8,45.53,31.15,85.6,0
guwahati,2023-08-13,8,46.93,34.4,86.5,0
guwahati,2023-08-14,8,17.97,35.33,41.2,0
guwahati,2023-08-15,8,39.7,31.91,80.1,0
guwahati,2023-08-16,8,45.83,29.25,161.8,0
guwahati,2023-08-17,8,27.81,30.15,83.6,0
guwahati,2023-08-18,8,8.06,34.35,126.8,0
guwahati,2023-08-19,8,50.41,32.54,58.5,1
guwahati,2023-08-20,8,27.62,33.14,62.5,0
guwahati,2023-08-21,8,29.97,32.5,52.8,0
guwahati,2023-08-22,8,10.01,34.51,112.3,0
guwahati,2023-08-23,8,42.48,32.76,92.8,0
guwahati,2023-08-24,8,81.75,31.05,95.1,1
guwahati,2023-08-25,8,20.58,33.15,125.7,0
guwahati,2023-08-26,8,32.73,34.69,115.0,0
guwahati,2023-08-27,8,22.76,33.32,80.3,0
guwahati,2023-08-28,8,18.43,29.96,105.4,0
guwahati,2023-08-29,8,32.38,34.95,153.3,0
guwahati,2023-08-30,8,85.93,31.2,117.1,1
guwahati,2023-08-31,8,28.6,29.69,97.8,0
guwahati,2023-09-01,9,16.41,32.88,122.8,0
guwahati,2023-09-02,9,32.53,31.17,96.2,0
guwahati,2023-09-03,9,13.24,31.2,104.9,0
guwahati,2023-09-04,9,7.88,32.87,77.1,0
guwahati,2023-09-05,9,22.95,31.95,70.2,0
guwahati,2023-09-06,9,1.37,27.73,137.2,0
guwahati,2023-09-07,9,4.67,29.38,80.0,0
guwahati,2023-09-08,9,2.65,32.31,144.1,0
guwahati,2023-09-09,9,4.02,35.3,44.6,0
guwahati,2023-09-10,9,12.94,33.26,129.4,0
guwahati,2023-09-11,9,3.62,32.22,83.0,0
guwahati,2023-09-12,9,7.45,29.37,151.5,0
guwahati,2023-09-13,9,2.28,31.37,68.3,0
guwahati,2023-09-14,9,5.05,30.82,136.9,0
guwahati,2023-09-15,9,6.3,30.44,35.7,0
guwahati,2023-09-16,9,5.85,29.94,132.6,0
guwahati,2023-09-17,9,1.78,34.8,120.5,0
guwahati,2023-09-18,9,22.79,32.82,108.9,0
guwahati,2023-09-19,9,13.97,32.86,65.9,0
guwahati,2023-09-20,9,13.32,30.65,74.6,0
guwahati,2023-09-21,9,14.51,31.65,66.2,0
guwahati,2023-09-22,9,30.63,34.55,46.8,0
guwahati,2023-09-23,9,8.14,33.93,73.4,0
guwahati,2023-09-24,9,34.09,29.54,128.9,0
guwahati,2023-09-25,9,8.04,30.05,115.5,0
guwahati,2023-09-26,9,14.83,29.78,108.7,0
guwahati,2023-09-27,9,4.57,32.41,98.2,0
guwahati,2023-09-28,9,40.98,30.91,73.1,0
guwahati,2023-09-29,9,21.86,30.82,77.1,0
guwahati,2023-09-30,9,8.77,33.46,113.5,0
guwahati,2023-10-01,10,4.86,34.95,161.1,0
guwahati,2023-10-02,10,0.6,30.78,171.5,0
guwahati,2023-10-03,10,3.75,35.7,178.1,0
guwahati,2023-10-04,10,1.27,33.4,126.7,0
guwahati,2023-10-05,10,12.49,32.48,139.4,0
guwahati,2023-10-06,10,5.2,31.86,135.5,0
guwahati,2023-10-07,10,3.89,32.55,145.2,0
guwahati,2023-10-08,10,4.8,31.34,153.7,0
guwahati,2023-10-09,10,4.47,31.27,143.6,0
guwahati,2023-10-10,10,2.54,29.15,140.5,0
guwahati,2023-10-11,10,0.87,33.44,176.1,0
guwahati,2023-10-12,10,2.2,33.41,177.6,0
guwahati,2023-10-13,10,3.74,29.97,180.0,0
guwahati,2023-10-14,10,6.29,32.87,75.4,0
guwahati,2023-10-15,10,2.44,33.34,131.1,0
guwahati,2023-10-16,10,3.34,33.44,164.9,0
guwahati,2023-10-17,10,1.63,31.07,175.9,0
guwahati,2023-10-18,10,2.7,34.78,162.9,0
guwahati,2023-10-19,10,3.49,28.16,119.2,0
guwahati,2023-10-20,10,2.38,34.42,155.3,0
guwahati,2023-10-21,10,1.61,31.48,130.6,0
guwahati,2023-10-22,10,1.66,31.49,106.5,0
guwahati,2023-10-23,10,5.26,31.17,134.7,0
guwahati,2023-10-24,10,2.78,31.99,141.1,0
guwahati,2023-10-25,10,1.4,33.43,115.3,0
guwahati,2023-10-26,10,2.43,34.38,127.4,0
guwahati,2023-10-27,10,4.08,31.36,172.6,0
guwahati,2023-10-28,10,3.31,30.91,170.3,0
guwahati,2023-10-29,10,3.01,31.99,128.5,0
guwahati,2023-10-30,10,3.35,32.55,109.5,0
guwahati,2023-10-31,10,1.11,32.64,112.8,0
guwahati,2023-11-01,11,2.56,33.05,257.8,0
guwahati,2023-11-02,11,2.42,33.3,209.1,0
guwahati,2023-11-03,11,2.54,32.15,164.2,0
guwahati,2023-11-04,11,7.77,34.27,209.6,0
guwahati,2023-11-05,11,4.13,32.47,180.7,0
guwahati,2023-11-06,11,2.03,33.68,194.5,0
guwahati,2023-11-07,11,2.64,31.6,147.5,0
guwahati,2023-11-08,11,4.67,30.63,200.3,0
guwahati,2023-11-09,11,5.41,26.97,238.1,0
guwahati,2023-11-10,11,2.04,29.99,212.0,0
guwahati,2023-11-11,11,2.47,33.9,162.1,0
guwahati,2023-11-12,11,10.85,34.86,167.7,0
guwahati,2023-11-13,11,1.12,33.87,172.2,0
guwahati,2023-11-14,11,2.76,29.03,162.3,0
guwahati,2023-11-15,11,1.37,31.0,147.0,0
guwahati,2023-11-16,11,2.5,29.74,162.7,0
guwahati,2023-11-17,11,0.65,32.54,174.4,0
guwahati,2023-11-18,11,3.59,34.1,219.0,0
guwahati,2023-11-19,11,0.84,33.14,150.7,0
guwahati,2023-11-20,11,0.27,30.37,196.3,0
guwahati,2023-11-21,11,0.22,35.19,229.6,0
guwahati,2023-11-22,11,4.01,33.38,196.4,0
guwahati,2023-11-23,11,4.36,29.98,184.6,0
guwahati,2023-11-24,11,8.64,27.59,135.9,0
guwahati,2023-11-25,11,2.22,30.92,207.0,0
guwahati,2023-11-26,11,0.72,33.5,187.9,0
guwahati,2023-11-27,11,3.62,32.13,224.8,0
guwahati,2023-11-28,11,0.48,29.54,135.8,0
guwahati,2023-11-29,11,1.2,36.3,198.8,0
guwahati,2023-11-30,11,2.65,30.85,143.7,0
guwahati,2023-12-01,12,2.44,20.86,268.0,0
guwahati,2023-12-02,12,1.73,21.49,235.7,0
guwahati,2023-12-03,12,1.06,22.73,239.7,0
guwahati,2023-12-04,12,1.23,19.62,220.4,0
guwahati,2023-12-05,12,3.65,20.31,202.3,0
guwahati,2023-12-06,12,1.22,21.73,218.7,0
guwahati,2023-12-07,12,6.2,27.11,224.0,0
guwahati,2023-12-08,12,2.4,24.72,180.8,0
guwahati,2023-12-09,12,3.61,27.17,266.4,0
guwahati,2023-12-10,12,1.71,20.42,253.8,0
guwahati,2023-12-11,12,5.2,23.16,212.0,0
guwahati,2023-12-12,12,0.28,21.67,233.4,0
guwahati,2023-12-13,12,2.57,22.35,191.4,0
guwahati,2023-12-14,12,1.25,24.67,252.9,0
guwahati,2023-12-15,12,1.25,20.89,249.3,0
guwahati,2023-12-16,12,2.03,24.29,235.8,0
guwahati,2023-12-17,12,1.02,23.82,233.9,0
guwahati,2023-12-18,12,1.71,22.37,225.9,0
guwahati,2023-12-19,12,2.95,22.81,215.6,0
guwahati,2023-12-20,12,0.53,19.84,260.4,0
guwahati,2023-12-21,12,2.18,22.25,245.8,0
guwahati,2023-12-22,12,1.48,20.45,257.9,0
guwahati,2023-12-23,12,2.88,24.24,174.0,0
guwahati,2023-12-24,12,2.09,20.58,221.2,0
guwahati,2023-12-25,12,1.06,26.73,274.7,0
guwahati,2023-12-26,12,1.86,25.11,229.1,0
guwahati,2023-12-27,12,1.72,22.41,239.9,0
guwahati,2023-12-28,12,2.6,24.37,169.1,0
guwahati,2023-12-29,12,1.85,22.2,244.3,0
guwahati,2023-12-30,12,1.07,22.98,236.2,0
guwahati,2023-12-31,12,1.48,22.7,207.8,0
guwahati,2024-01-01,1,2.99,15.62,192.4,0
guwahati,2024-01-02,1,3.56,19.19,235.2,0
guwahati,2024-01-03,1,5.15,18.24,232.4,0
guwahati,2024-01-04,1,2.02,20.97,232.0,0
guwahati,2024-01-05,1,1.62,18.95,310.5,0
guwahati,2024-01-06,1,1.97,21.89,306.4,0
guwahati,2024-01-07,1,3.04,20.17,257.7,0
guwahati,2024-01-08,1,1.7,24.63,286.9,0
guwahati,2024-01-09,1,2.14,21.06,213.8,0
guwahati,2024-01-10,1,0.75,24.52,240.0,0
guwahati,2024-01-11,1,1.21,24.98,276.1,0
guwahati,2024-01-12,1,2.19,21.27,289.3,0
guwahati,2024-01-13,1,4.05,20.92,235.6,0
guwahati,2024-01-14,1,3.03,20.79,257.8,0
guwahati,2024-01-15,1,10.54,21.77,313.7,0
guwahati,2024-01-16,1,1.33,19.41,330.4,0
guwahati,2024-01-17,1,1.14,19.74,173.4,0
guwahati,2024-01-18,1,0.41,21.98,241.1,0
guwahati,2024-01-19,1,3.65,17.91,242.6,0
guwahati,2024-01-20,1,2.91,23.37,252.1,0
guwahati,2024-01-21,1,4.47,16.28,212.1,0
guwahati,2024-01-22,1,2.45,18.13,252.6,0
guwahati,2024-01-23,1,2.55,23.5,260.3,0
guwahati,2024-01-24,1,0.12,23.83,255.8,0
guwahati,2024-01-25,1,2.87,20.72,209.1,0
guwahati,2024-01-26,1,2.33,20.57,242.1,0
guwahati,2024-01-27,1,2.61,23.23,273.9,0
guwahati,2024-01-28,1,1.3,17.68,215.6,0
guwahati,2024-01-29,1,4.26,22.42,223.0,0
guwahati,2024-01-30,1,4.67,20.55,265.8,0
guwahati,2024-01-31,1,1.55,20.91,191.3,0
guwahati,2024-02-01,2,5.91,24.28,20.0,0
guwahati,2024-02-02,2,3.22,25.06,155.3,0
guwahati,2024-02-03,2,1.54,19.49,80.1,0
guwahati,2024-02-04,2,9.15,25.29,134.4,0
guwahati,2024-02-05,2,0.47,22.54,110.1,0
guwahati,2024-02-06,2,1.82,26.63,20.0,0
guwahati,2024-02-07,2,3.31,21.45,84.8,0
guwahati,2024-02-08,2,7.54,23.88,124.2,0
guwahati,2024-02-09,2,1.92,23.24,135.3,0
guwahati,2024-02-10,2,2.3,22.96,90.8,0
guwahati,2024-02-11,2,0.28,22.19,50.7,0
guwahati,2024-02-12,2,2.01,19.88,118.5,0
guwahati,2024-02-13,2,1.02,23.59,88.0,0
guwahati,2024-02-14,2,4.36,23.65,77.4,0
guwahati,2024-02-15,2,1.8,24.64,135.2,0
guwahati,2024-02-16,2,6.08,24.21,53.3,0
guwahati,2024-02-17,2,1.42,24.12,124.5,0
guwahati,2024-02-18,2,1.92,24.87,64.2,0
guwahati,2024-02-19,2,6.32,21.51,26.7,0
guwahati,2024-02-20,2,6.68,24.74,101.7,0
guwahati,2024-02-21,2,3.54,23.41,77.3,0
guwahati,2024-02-22,2,8.57,24.08,109.1,0
guwahati,2024-02-23,2,2.76,23.42,98.1,0
guwahati,2024-02-24,2,2.98,24.79,158.2,0
guwahati,2024-02-25,2,2.87,25.41,129.3,0
guwahati,2024-02-26,2,3.44,24.39,68.4,0
guwahati,2024-02-27,2,2.14,23.92,79.4,0
guwahati,2024-02-28,2,4.3,24.59,104.1,0
guwahati,2024-02-29,2,8.82,23.47,130.1,0
guwahati,2024-03-01,3,1.36,30.1,61.0,0
guwahati,2024-03-02,3,1.38,32.2,91.2,0
guwahati,2024-03-03,3,1.27,30.05,77.3,0
guwahati,2024-03-04,3,0.56,30.62,76.1,0
guwahati,2024-03-05,3,0.25,34.8,94.4,0
guwahati,2024-03-06,3,4.3,31.09,42.9,0
guwahati,2024-03-07,3,0.7,30.95,76.7,0
guwahati,2024-03-08,3,1.15,28.04,132.8,0
guwahati,2024-03-09,3,4.38,30.47,75.8,0
guwahati,2024-03-10,3,4.03,32.06,54.1,0
guwahati,2024-03-11,3,3.3,33.62,109.1,0
guwahati,2024-03-12,3,7.32,31.6,66.7,0
guwahati,2024-03-13,3,1.33,32.56,94.7,0
guwahati,2024-03-14,3,1.32,31.49,68.6,0
guwahati,2024-03-15,3,1.13,32.7,46.0,0
guwahati,2024-03-16,3,5.09,32.27,111.8,0
guwahati,2024-03-17,3,2.48,33.22,144.6,0
guwahati,2024-03-18,3,0.77,33.25,86.9,0
guwahati,2024-03-19,3,1.96,31.25,72.1,0
guwahati,2024-03-20,3,3.56,32.1,82.5,0
guwahati,2024-03-21,3,2.03,32.83,89.4,0
guwahati,2024-03-22,3,4.49,32.2,109.7,0
guwahati,2024-03-23,3,8.87,33.82,79.8,0
guwahati,2024-03-24,3,1.1,32.01,80.3,0
guwahati,2024-03-25,3,1.4,33.91,128.2,0
guwahati,2024-03-26,3,1.98,29.82,115.7,0
guwahati,2024-03-27,3,0.33,31.61,116.6,0
guwahati,2024-03-28,3,3.04,27.12,93.6,0
guwahati,2024-03-29,3,1.27,27.6,51.9,0
guwahati,2024-03-30,3,2.51,33.26,74.9,0
guwahati,2024-03-31,3,1.35,29.77,49.0,0
guwahati,2024-04-01,4,1.48,40.66,72.0,0
guwahati,2024-04-02,4,1.55,39.46,73.0,0
guwahati,2024-04-03,4,0.85,39.26,72.0,0
guwahati,2024-04-04,4,1.38,35.96,129.1,0
guwahati,2024-04-05,4,3.52,39.37,51.8,0
guwahati,2024-04-06,4,3.4,38.02,76.8,0
guwahati,2024-04-07,4,3.4,38.74,141.1,0
guwahati,2024-04-08,4,2.49,38.81,151.6,0
guwahati,2024-04-09,4,4.28,42.59,44.0,1
guwahati,2024-04-10,4,2.3,36.5,81.1,0
guwahati,2024-04-11,4,1.75,39.08,116.5,0
guwahati,2024-04-12,4,5.43,37.6,79.5,0
guwahati,2024-04-13,4,1.94,37.67,111.3,0
guwahati,2024-04-14,4,6.67,36.02,20.0,0
guwahati,2024-04-15,4,2.88,39.56,94.3,0
guwahati,2024-04-16,4,3.01,38.15,74.4,0
guwahati,2024-04-17,4,3.23,37.39,104.5,0
guwahati,2024-04-18,4,1.51,34.79,102.7,0
guwahati,2024-04-19,4,4.06,39.21,42.5,0
guwahati,2024-04-20,4,5.03,40.31,94.9,0
guwahati,2024-04-21,4,3.91,35.9,104.7,0
guwahati,2024-04-22,4,2.02,41.09,81.8,0
guwahati,2024-04-23,4,4.17,36.34,131.7,0
guwahati,2024-04-24,4,3.18,38.79,94.9,0
guwahati,2024-04-25,4,1.51,34.41,105.7,0
guwahati,2024-04-26,4,0.91,38.52,87.4,0
guwahati,2024-04-27,4,1.13,39.16,85.6,0
guwahati,2024-04-28,4,0.79,37.3,54.2,0
guwahati,2024-04-29,4,4.89,39.16,98.8,0
guwahati,2024-04-30,4,1.62,37.69,43.7,0
guwahati,2024-05-01,5,0.37,45.13,82.1,1
guwahati,2024-05-02,5,2.07,43.77,90.4,1
guwahati,2024-05-03,5,1.33,44.19,144.6,1
guwahati,2024-05-04,5,7.03,42.85,61.7,1
guwahati,2024-05-05,5,0.49,41.0,88.1,0
guwahati,2024-05-06,5,1.22,42.53,127.6,1
guwahati,2024-05-07,5,0.49,45.66,126.2,1
guwahati,2024-05-08,5,4.1,42.66,101.8,1
guwahati,2024-05-09,5,1.81,46.89,89.3,1
guwahati,2024-05-10,5,1.17,42.14,131.5,1
guwahati,2024-05-11,5,3.41,45.78,128.9,1
guwahati,2024-05-12,5,0.1,41.63,66.9,0
guwahati,2024-05-13,5,2.36,42.37,140.2,1
guwahati,2024-05-14,5,5.15,43.26,93.7,1
guwahati,2024-05-15,5,0.86,44.37,55.3,1
guwahati,2024-05-16,5,5.54,42.05,81.3,1
guwahati,2024-05-17,5,1.16,43.94,77.0,1
guwahati,2024-05-18,5,5.78,40.13,40.2,0
guwahati,2024-05-19,5,2.8,46.89,34.4,1
guwahati,2024-05-20,5,2.21,45.07,70.4,1
guwahati,2024-05-21,5,3.03,43.51,114.1,1
guwahati,2024-05-22,5,1.98,40.82,63.6,0
guwahati,2024-05-23,5,1.43,46.93,106.7,1
guwahati,2024-05-24,5,1.79,42.76,110.6,1
guwahati,2024-05-25,5,1.93,41.04,61.3,0
guwahati,2024-05-26,5,2.21,37.68,62.6,0
guwahati,2024-05-27,5,0.87,42.98,50.3,1
guwahati,2024-05-28,5,1.16,41.94,59.6,0
guwahati,2024-05-29,5,4.05,39.59,123.8,0
guwahati,2024-05-30,5,1.79,42.76,103.6,1
guwahati,2024-05-31,5,1.83,44.4,76.8,1
guwahati,2024-06-01,6,9.79,38.75,122.8,0
guwahati,2024-06-02,6,10.33,38.31,115.3,0
guwahati,2024-06-03,6,42.28,40.48,80.7,0
guwahati,2024-06-04,6,31.13,38.26,105.0,0
guwahati,2024-06-05,6,24.52,40.91,117.8,0
guwahati,2024-06-06,6,32.65,35.92,113.2,0
guwahati,2024-06-07,6,88.19,39.49,86.2,1
guwahati,2024-06-08,6,7.19,35.84,81.2,0
guwahati,2024-06-09,6,36.7,36.96,118.7,0
guwahati,2024-06-10,6,23.1,35.96,57.4,0
guwahati,2024-06-11,6,38.42,42.26,84.0,1
guwahati,2024-06-12,6,81.5,40.23,83.7,1
guwahati,2024-06-13,6,7.95,41.6,60.0,0
guwahati,2024-06-14,6,36.7,40.27,85.6,0
guwahati,2024-06-15,6,85.93,35.41,45.0,1
guwahati,2024-06-16,6,0.5,37.5,59.7,0
guwahati,2024-06-17,6,40.47,41.0,127.8,0
guwahati,2024-06-18,6,26.08,40.39,53.5,0
guwahati,2024-06-19,6,18.48,35.05,119.5,0
guwahati,2024-06-20,6,60.97,40.29,134.7,1
guwahati,2024-06-21,6,19.81,39.35,60.4,0
guwahati,2024-06-22,6,32.67,38.49,83.1,0
guwahati,2024-06-23,6,13.07,39.63,99.2,0
guwahati,2024-06-24,6,9.46,41.26,97.9,0
guwahati,2024-06-25,6,37.87,38.99,77.9,0
guwahati,2024-06-26,6,21.43,37.83,147.6,0
guwahati,2024-06-27,6,7.47,39.86,98.4,0
guwahati,2024-06-28,6,36.94,39.52,52.1,0
guwahati,2024-06-29,6,24.58,39.71,145.8,0
guwahati,2024-06-30,6,36.96,41.57,105.0,0
guwahati,2024-07-01,7,53.54,31.58,118.2,1
guwahati,2024-07-02,7,55.11,31.24,99.2,1
guwahati,2024-07-03,7,25.97,34.94,51.6,0
guwahati,2024-07-04,7,14.73,32.11,51.7,0
guwahati,2024-07-05,7,36.24,29.41,116.1,0
guwahati,2024-07-06,7,31.98,33.72,79.6,0
guwahati,2024-07-07,7,17.97,37.14,109.4,0
guwahati,2024-07-08,7,62.29,33.13,100.7,1
guwahati,2024-07-09,7,38.22,31.45,105.7,0
guwahati,2024-07-10,7,17.98,33.72,65.6,0
guwahati,2024-07-11,7,57.52,31.87,77.7,1
guwahati,2024-07-12,7,18.17,34.59,53.7,0
guwahati,2024-07-13,7,35.2,33.78,97.3,0
guwahati,2024-07-14,7,3.5,32.34,146.9,0
guwahati,2024-07-15,7,10.08,30.47,98.0,0
guwahati,2024-07-16,7,18.31,33.42,107.3,0
guwahati,2024-07-17,7,38.06,32.84,115.3,0
guwahati,2024-07-18,7,16.64,30.64,74.2,0
guwahati,2024-07-19,7,8.44,33.32,117.9,0
guwahati,2024-07-20,7,48.19,31.92,97.1,0
guwahati,2024-07-21,7,8.32,29.28,94.9,0
guwahati,2024-07-22,7,33.96,29.96,108.4,0
guwahati,2024-07-23,7,7.32,32.5,61.2,0
guwahati,2024-07-24,7,45.18,33.66,96.7,0
guwahati,2024-07-25,7,50.45,31.59,80.5,1
guwahati,2024-07-26,7,12.49,30.13,103.5,0
guwahati,2024-07-27,7,34.33,31.14,70.5,0
guwahati,2024-07-28,7,7.67,30.61,62.5,0
guwahati,2024-07-29,7,36.2,35.71,95.2,0
guwahati,2024-07-30,7,48.57,32.19,20.0,0
guwahati,2024-07-31,7,159.63,31.75,102.6,1
guwahati,2024-08-01,8,11.84,32.62,88.2,0
guwahati,2024-08-02,8,28.97,31.7,85.2,0
guwahati,2024-08-03,8,34.25,29.55,79.3,0
guwahati,2024-08-04,8,31.01,31.89,92.5,0
guwahati,2024-08-05,8,17.08,32.04,44.7,0
guwahati,2024-08-06,8,34.04,33.0,52.5,0
guwahati,2024-08-07,8,10.01,32.33,90.9,0
guwahati,2024-08-08,8,36.42,30.08,41.0,0
guwahati,2024-08-09,8,20.18,32.15,105.1,0
guwahati,2024-08-10,8,48.99,34.99,102.7,0
guwahati,2024-08-11,8,9.61,35.15,103.5,0
guwahati,2024-08-12,8,46.55,30.2,54.4,0
guwahati,2024-08-13,8,49.68,30.89,106.6,0
guwahati,2024-08-14,8,20.9,35.06,78.4,0
guwahati,2024-08-15,8,7.84,33.63,83.5,0
guwahati,2024-08-16,8,37.51,32.61,114.7,0
guwahati,2024-08-17,8,81.59,29.75,114.4,1
guwahati,2024-08-18,8,36.18,32.68,62.8,0
guwahati,2024-08-19,8,24.79,34.04,61.7,0
guwahati,2024-08-20,8,83.56,28.82,118.6,1
guwahati,2024-08-21,8,51.71,31.48,59.0,1
guwahati,2024-08-22,8,25.03,33.26,114.8,0
guwahati,2024-08-23,8,21.28,29.67,103.5,0
guwahati,2024-08-24,8,71.07,34.84,84.2,1
guwahati,2024-08-25,8,85.23,32.82,90.4,1
guwahati,2024-08-26,8,15.23,32.32,82.3,0
guwahati,2024-08-27,8,31.11,31.69,97.8,0
guwahati,2024-08-28,8,5.31,33.21,40.6,0
guwahati,2024-08-29,8,84.59,31.99,110.5,1
guwahati,2024-08-30,8,18.23,34.49,75.9,0
guwahati,2024-08-31,8,15.93,31.77,64.4,0
guwahati,2024-09-01,9,6.0,31.93,98.9,0
guwahati,2024-09-02,9,12.38,31.73,101.7,0
guwahati,2024-09-03,9,4.55,29.5,68.9,0
guwahati,2024-09-04,9,28.42,31.31,109.2,0
guwahati,2024-09-05,9,1.25,37.26,59.9,0
guwahati,2024-09-06,9,15.96,32.35,65.8,0
guwahati,2024-09-07,9,16.67,31.03,57.6,0
guwahati,2024-09-08,9,67.19,33.33,126.6,1
guwahati,2024-09-09,9,19.81,30.5,105.3,0
guwahati,2024-09-10,9,8.53,33.3,51.8,0
guwahati,2024-09-11,9,9.3,31.68,73.7,0
guwahati,2024-09-12,9,29.14,29.36,91.5,0
guwahati,2024-09-13,9,16.85,31.69,80.1,0
guwahati,2024-09-14,9,17.11,29.78,38.2,0
guwahati,2024-09-15,9,10.85,33.33,75.9,0
guwahati,2024-09-16,9,21.5,34.46,153.8,0
guwahati,2024-09-17,9,25.14,35.15,107.1,0
guwahati,2024-09-18,9,10.0,29.54,88.9,0
guwahati,2024-09-19,9,8.8,33.61,124.3,0
guwahati,2024-09-20,9,12.19,30.22,110.1,0
guwahati,2024-09-21,9,16.24,32.2,129.5,0
guwahati,2024-09-22,9,10.48,32.84,97.3,0
guwahati,2024-09-23,9,39.75,34.21,154.7,0
guwahati,2024-09-24,9,13.17,32.45,93.6,0
guwahati,2024-09-25,9,4.71,28.45,57.1,0
guwahati,2024-09-26,9,15.95,33.44,117.2,0
guwahati,2024-09-27,9,45.59,36.74,137.9,0
guwahati,2024-09-28,9,19.43,31.86,20.0,0
guwahati,2024-09-29,9,12.19,28.99,114.1,0
guwahati,2024-09-30,9,6.86,30.92,58.5,0
guwahati,2024-10-01,10,0.74,30.71,95.2,0
guwahati,2024-10-02,10,4.33,35.33,157.7,0
guwahati,2024-10-03,10,1.15,29.49,128.7,0
guwahati,2024-10-04,10,1.17,30.07,189.0,0
guwahati,2024-10-05,10,2.28,32.12,120.3,0
guwahati,2024-10-06,10,0.43,28.39,122.3,0
guwahati,2024-10-07,10,0.22,31.96,80.7,0
guwahati,2024-10-08,10,1.34,34.02,155.7,0
guwahati,2024-10-09,10,4.56,28.99,170.7,0
guwahati,2024-10-10,10,1.0,31.52,131.7,0
guwahati,2024-10-11,10,3.5,29.3,84.9,0
guwahati,2024-10-12,10,2.34,32.82,108.0,0
guwahati,2024-10-13,10,2.07,34.18,119.2,0
guwahati,2024-10-14,10,4.27,32.39,123.5,0
guwahati,2024-10-15,10,0.73,32.04,126.1,0
guwahati,2024-10-16,10,3.98,32.55,152.3,0
guwahati,2024-10-17,10,3.62,33.92,177.0,0
guwahati,2024-10-18,10,1.45,31.27,114.4,0
guwahati,2024-10-19,10,3.27,31.13,137.4,0
guwahati,2024-10-20,10,1.03,32.84,114.2,0
guwahati,2024-10-21,10,1.74,31.16,131.2,0
guwahati,2024-10-22,10,8.34,29.39,84.4,0
guwahati,2024-10-23,10,3.76,31.69,178.0,0
guwahati,2024-10-24,10,4.98,31.08,125.7,0
guwahati,2024-10-25,10,2.03,33.32,183.6,0
guwahati,2024-10-26,10,4.64,34.71,75.9,0
guwahati,2024-10-27,10,0.23,31.59,150.2,0
guwahati,2024-10-28,10,4.06,32.49,144.7,0
guwahati,2024-10-29,10,3.15,29.6,101.9,0
guwahati,2024-10-30,10,3.5,29.53,120.1,0
guwahati,2024-10-31,10,1.34,32.34,152.6,0
guwahati,2024-11-01,11,3.5,30.84,144.4,0
guwahati,2024-11-02,11,1.69,30.72,161.8,0
guwahati,2024-11-03,11,2.3,31.95,173.0,0
guwahati,2024-11-04,11,2.18,30.14,199.5,0
guwahati,2024-11-05,11,2.9,31.13,93.3,0
guwahati,2024-11-06,11,0.84,35.05,212.1,0
guwahati,2024-11-07,11,1.31,34.14,119.7,0
guwahati,2024-11-08,11,1.04,30.98,168.6,0
guwahati,2024-11-09,11,7.99,30.1,175.3,0
guwahati,2024-11-10,11,0.93,30.67,198.7,0
guwahati,2024-11-11,11,5.54,28.75,175.2,0
guwahati,2024-11-12,11,0.7,34.54,198.7,0
guwahati,2024-11-13,11,3.29,33.49,165.0,0
guwahati,2024-11-14,11,4.45,31.68,130.3,0
guwahati,2024-11-15,11,1.52,32.16,138.3,0
guwahati,2024-11-16,11,2.34,30.92,187.2,0
guwahati,2024-11-17,11,6.16,27.38,179.2,0
guwahati,2024-11-18,11,0.83,31.29,166.8,0
guwahati,2024-11-19,11,0.82,31.83,159.0,0
guwahati,2024-11-20,11,4.78,31.6,210.6,0
guwahati,2024-11-21,11,3.04,33.23,185.1,0
guwahati,2024-11-22,11,5.5,29.91,163.1,0
guwahati,2024-11-23,11,1.06,31.73,189.4,0
guwahati,2024-11-24,11,1.55,31.18,151.7,0
guwahati,2024-11-25,11,4.28,33.99,160.8,0
guwahati,2024-11-26,11,2.43,34.57,144.1,0
guwahati,2024-11-27,11,3.6,33.27,183.5,0
guwahati,2024-11-28,11,3.46,31.34,251.8,0
guwahati,2024-11-29,11,1.04,33.44,143.9,0
guwahati,2024-11-30,11,2.41,29.32,141.7,0
guwahati,2024-12-01,12,1.56,22.9,192.7,0
guwahati,2024-12-02,12,4.15,24.24,178.8,0
guwahati,2024-12-03,12,3.19,20.9,219.9,0
guwahati,2024-12-04,12,3.44,18.88,223.8,0
guwahati,2024-12-05,12,1.08,24.02,193.6,0
guwahati,2024-12-06,12,4.5,21.23,265.9,0
guwahati,2024-12-07,12,2.01,24.29,260.8,0
guwahati,2024-12-08,12,1.85,20.51,244.7,0
guwahati,2024-12-09,12,1.78,24.18,255.2,0
guwahati,2024-12-10,12,4.38,24.47,177.2,0
guwahati,2024-12-11,12,0.32,21.5,256.5,0
guwahati,2024-12-12,12,5.48,20.23,235.4,0
guwahati,2024-12-13,12,1.54,23.12,266.9,0
guwahati,2024-12-14,12,2.07,20.73,249.3,0
guwahati,2024-12-15,12,1.34,19.7,212.2,0
guwahati,2024-12-16,12,4.73,19.76,265.5,0
guwahati,2024-12-17,12,0.5,21.32,216.5,0
guwahati,2024-12-18,12,2.1,19.39,249.8,0
guwahati,2024-12-19,12,2.61,19.9,240.5,0
guwahati,2024-12-20,12,3.04,23.66,226.5,0
guwahati,2024-12-21,12,3.13,20.64,222.9,0
guwahati,2024-12-22,12,2.01,26.58,242.2,0
guwahati,2024-12-23,12,3.77,22.89,224.6,0
guwahati,2024-12-24,12,3.86,24.06,287.6,0
guwahati,2024-12-25,12,3.59,21.83,239.9,0
guwahati,2024-12-26,12,1.13,23.61,213.4,0
guwahati,2024-12-27,12,1.76,22.1,219.9,0
guwahati,2024-12-28,12,3.78,21.4,308.3,0
guwahati,2024-12-29,12,4.28,20.25,183.7,0
guwahati,2024-12-30,12,0.58,25.62,232.2,0
guwahati,2024-12-31,12,1.85,20.11,209.3,0
guwahati,2025-01-01,1,5.32,22.13,296.4,0
guwahati,2025-01-02,1,3.46,18.69,267.8,0
guwahati,2025-01-03,1,6.42,23.0,270.5,0
guwahati,2025-01-04,1,0.62,22.46,259.7,0
guwahati,2025-01-05,1,3.42,17.92,218.0,0
guwahati,2025-01-06,1,3.77,23.82,217.6,0
guwahati,2025-01-07,1,4.86,22.78,237.5,0
guwahati,2025-01-08,1,3.7,18.15,318.2,0
guwahati,2025-01-09,1,4.84,21.0,232.2,0
guwahati,2025-01-10,1,0.68,19.93,224.9,0
guwahati,2025-01-11,1,4.44,21.08,262.2,0
guwahati,2025-01-12,1,2.91,20.86,224.7,0
guwahati,2025-01-13,1,0.69,19.36,243.1,0
guwahati,2025-01-14,1,0.73,22.07,267.8,0
guwahati,2025-01-15,1,1.49,18.26,284.5,0
guwahati,2025-01-16,1,0.63,20.24,233.4,0
guwahati,2025-01-17,1,2.71,23.64,257.4,0
guwahati,2025-01-18,1,1.97,17.16,203.6,0
guwahati,2025-01-19,1,3.73,21.03,226.8,0
guwahati,2025-01-20,1,1.92,24.35,187.3,0
guwahati,2025-01-21,1,1.88,19.22,218.9,0
guwahati,2025-01-22,1,0.36,21.19,271.4,0
guwahati,2025-01-23,1,8.17,20.84,283.0,0
guwahati,2025-01-24,1,4.86,19.46,330.4,0
guwahati,2025-01-25,1,0.58,22.79,241.1,0
guwahati,2025-01-26,1,4.54,22.29,239.1,0
guwahati,2025-01-27,1,4.4,20.95,284.9,0
guwahati,2025-01-28,1,0.98,21.84,265.2,0
guwahati,2025-01-29,1,2.8,21.67,287.5,0
guwahati,2025-01-30,1,1.22,21.48,277.1,0
guwahati,2025-01-31,1,4.03,23.56,248.0,0
guwahati,2025-02-01,2,2.42,23.77,161.7,0
guwahati,2025-02-02,2,0.31,23.25,24.3,0
guwahati,2025-02-03,2,1.08,20.34,41.5,0
guwahati,2025-02-04,2,3.5,24.96,48.1,0
guwahati,2025-02-05,2,3.07,24.91,71.6,0
guwahati,2025-02-06,2,3.54,25.3,106.4,0
guwahati,2025-02-07,2,0.13,23.26,129.0,0
guwahati,2025-02-08,2,2.59,22.25,120.4,0
guwahati,2025-02-09,2,1.11,25.46,98.0,0
guwahati,2025-02-10,2,5.62,25.08,123.8,0
guwahati,2025-02-11,2,3.74,23.97,98.6,0
guwahati,2025-02-12,2,4.75,23.9,108.3,0
guwahati,2025-02-13,2,2.28,22.08,87.2,0
guwahati,2025-02-14,2,4.62,21.75,87.6,0
guwahati,2025-02-15,2,0.82,27.07,88.2,0
guwahati,2025-02-16,2,3.56,22.97,68.9,0
guwahati,2025-02-17,2,0.98,23.46,67.0,0
guwahati,2025-02-18,2,3.42,24.58,77.1,0
guwahati,2025-02-19,2,3.83,24.47,140.0,0
guwahati,2025-02-20,2,3.73,19.47,97.0,0
guwahati,2025-02-21,2,5.56,21.43,103.3,0
guwahati,2025-02-22,2,1.84,16.96,88.5,0
guwahati,2025-02-23,2,0.47,24.97,105.2,0
guwahati,2025-02-24,2,0.97,21.13,103.5,0
guwahati,2025-02-25,2,1.04,22.57,68.2,0
guwahati,2025-02-26,2,2.02,26.35,132.8,0
guwahati,2025-02-27,2,1.18,23.13,131.3,0
guwahati,2025-02-28,2,0.97,19.66,107.3,0
guwahati,2025-03-01,3,3.15,30.51,69.4,0
guwahati,2025-03-02,3,4.12,31.93,85.5,0
guwahati,2025-03-03,3,1.85,30.31,73.8,0
guwahati,2025-03-04,3,2.58,30.69,73.7,0
guwahati,2025-03-05,3,5.27,29.25,106.7,0
guwahati,2025-03-06,3,2.69,28.87,72.7,0
guwahati,2025-03-07,3,0.44,33.29,96.1,0
guwahati,2025-03-08,3,5.32,33.94,98.8,0
guwahati,2025-03-09,3,2.27,33.55,145.6,0
guwahati,2025-03-10,3,1.79,31.37,107.0,0
guwahati,2025-03-11,3,1.23,28.85,77.0,0
guwahati,2025-03-12,3,3.8,36.3,79.4,0
guwahati,2025-03-13,3,2.12,31.38,123.3,0
guwahati,2025-03-14,3,4.01,30.32,20.0,0
guwahati,2025-03-15,3,0.83,31.03,87.5,0
guwahati,2025-03-16,3,1.94,30.21,76.8,0
guwahati,2025-03-17,3,6.09,37.44,97.2,0
guwahati,2025-03-18,3,2.09,29.35,130.7,0
guwahati,2025-03-19,3,0.65,31.46,72.2,0
guwahati,2025-03-20,3,2.3,30.63,82.5,0
guwahati,2025-03-21,3,1.56,34.7,91.5,0
guwahati,2025-03-22,3,5.24,31.31,88.2,0
guwahati,2025-03-23,3,1.05,33.35,95.3,0
guwahati,2025-03-24,3,3.03,29.59,91.9,0
guwahati,2025-03-25,3,4.46,31.51,79.4,0
guwahati,2025-03-26,3,2.17,34.18,71.9,0
guwahati,2025-03-27,3,1.34,29.52,72.9,0
guwahati,2025-03-28,3,3.91,35.99,169.0,0
guwahati,2025-03-29,3,3.33,34.59,97.0,0
guwahati,2025-03-30,3,0.52,29.26,92.3,0
guwahati,2025-03-31,3,0.72,31.63,125.2,0
guwahati,2025-04-01,4,3.23,37.48,141.0,0
guwahati,2025-04-02,4,1.21,36.78,117.2,0
guwahati,2025-04-03,4,1.27,38.43,99.3,0
guwahati,2025-04-04,4,0.6,38.59,51.5,0
guwahati,2025-04-05,4,3.18,36.21,76.9,0
guwahati,2025-04-06,4,14.94,39.24,139.1,0
guwahati,2025-04-07,4,4.38,38.77,142.3,0
guwahati,2025-04-08,4,7.69,36.74,77.1,0
guwahati,2025-04-09,4,2.29,39.66,20.0,0
guwahati,2025-04-10,4,4.5,34.09,136.7,0
guwahati,2025-04-11,4,0.85,39.57,127.4,0
guwahati,2025-04-12,4,0.91,37.99,74.5,0
guwahati,2025-04-13,4,0.43,36.76,155.8,0
guwahati,2025-04-14,4,2.04,38.27,43.0,0
guwahati,2025-04-15,4,3.97,40.48,110.1,0
guwahati,2025-04-16,4,1.32,38.13,119.1,0
guwahati,2025-04-17,4,2.39,36.56,109.5,0
guwahati,2025-04-18,4,2.28,42.02,92.4,1
guwahati,2025-04-19,4,0.52,40.03,74.2,0
guwahati,2025-04-20,4,4.82,40.24,88.0,0
guwahati,2025-04-21,4,6.95,40.6,81.8,0
guwahati,2025-04-22,4,3.13,37.47,75.1,0
guwahati,2025-04-23,4,0.44,39.13,69.7,0
guwahati,2025-04-24,4,6.25,42.34,124.0,1
guwahati,2025-04-25,4,3.14,39.37,112.5,0
guwahati,2025-04-26,4,5.41,36.59,97.3,0
guwahati,2025-04-27,4,3.09,40.7,141.9,0
guwahati,2025-04-28,4,0.85,38.32,49.0,0
guwahati,2025-04-29,4,5.62,34.98,113.8,0
guwahati,2025-04-30,4,0.99,34.55,99.8,0
guwahati,2025-05-01,5,5.29,41.24,125.8,0
guwahati,2025-05-02,5,0.85,43.84,57.7,1
guwahati,2025-05-03,5,0.74,42.9,94.0,1
guwahati,2025-05-04,5,1.76,42.32,110.0,1
guwahati,2025-05-05,5,2.68,40.86,91.4,0
guwahati,2025-05-06,5,4.9,42.69,56.7,1
guwahati,2025-05-07,5,6.44,46.43,91.2,1
guwahati,2025-05-08,5,5.41,41.36,73.2,0
guwahati,2025-05-09,5,4.21,47.26,68.2,1
guwahati,2025-05-10,5,3.81,39.95,122.4,0
guwahati,2025-05-11,5,2.86,40.3,144.7,0
guwahati,2025-05-12,5,1.76,42.47,64.6,1
guwahati,2025-05-13,5,2.46,44.8,103.9,1
guwahati,2025-05-14,5,1.07,43.27,56.7,1
guwahati,2025-05-15,5,4.72,43.37,84.4,1
guwahati,2025-05-16,5,1.91,40.63,108.7,0
guwahati,2025-05-17,5,5.72,43.97,111.9,1
guwahati,2025-05-18,5,3.72,42.49,126.2,1
guwahati,2025-05-19,5,2.56,45.64,104.4,1
guwahati,2025-05-20,5,6.88,44.33,59.5,1
guwahati,2025-05-21,5,3.95,45.98,142.6,1
guwahati,2025-05-22,5,1.49,41.73,113.2,0
guwahati,2025-05-23,5,2.88,42.98,102.7,1
guwahati,2025-05-24,5,4.83,43.74,20.0,1
guwahati,2025-05-25,5,0.76,41.86,141.4,0
guwahati,2025-05-26,5,3.89,43.33,93.9,1
guwahati,2025-05-27,5,2.15,45.16,127.0,1
guwahati,2025-05-28,5,2.93,44.0,91.7,1
guwahati,2025-05-29,5,4.99,42.16,55.3,1
guwahati,2025-05-30,5,2.05,42.66,127.7,1
guwahati,2025-05-31,5,3.14,46.15,96.6,1
guwahati,2025-06-01,6,31.78,39.28,83.1,0
guwahati,2025-06-02,6,13.93,37.33,86.2,0
guwahati,2025-06-03,6,63.32,35.22,75.1,1
guwahati,2025-06-04,6,13.54,38.7,130.5,0
guwahati,2025-06-05,6,23.55,39.15,109.2,0
guwahati,2025-06-06,6,5.7,37.73,32.5,0
guwahati,2025-06-07,6,54.4,41.07,129.6,1
guwahati,2025-06-08,6,13.14,40.63,103.0,0
guwahati,2025-06-09,6,17.29,38.63,78.2,0
guwahati,2025-06-10,6,30.11,35.23,92.5,0
guwahati,2025-06-11,6,21.07,37.6,93.6,0
guwahati,2025-06-12,6,20.47,35.34,86.9,0
guwahati,2025-06-13,6,47.93,37.49,126.9,0
guwahati,2025-06-14,6,94.3,39.67,72.5,1
guwahati,2025-06-15,6,73.87,38.41,85.1,1
guwahati,2025-06-16,6,40.75,35.72,61.6,1
guwahati,2025-06-17,6,10.32,37.38,169.7,0
guwahati,2025-06-18,6,7.82,41.02,46.1,0
guwahati,2025-06-19,6,28.59,35.17,80.7,0
guwahati,2025-06-20,6,10.0,38.92,130.1,0
guwahati,2025-06-21,6,19.12,36.08,77.2,0
guwahati,2025-06-22,6,10.06,40.77,119.1,0
guwahati,2025-06-23,6,67.15,36.61,115.4,1
guwahati,2025-06-24,6,10.75,37.69,150.7,0
guwahati,2025-06-25,6,38.77,40.58,91.5,0
guwahati,2025-06-26,6,13.15,38.4,100.1,0
guwahati,2025-06-27,6,13.08,38.02,56.8,0
guwahati,2025-06-28,6,54.9,38.37,58.6,1
guwahati,2025-06-29,6,4.78,40.61,94.7,0
guwahati,2025-06-30,6,44.03,38.26,77.9,0
guwahati,2025-07-01,7,51.18,31.34,103.8,1
guwahati,2025-07-02,7,52.85,32.93,145.6,1
guwahati,2025-07-03,7,49.31,30.59,64.2,0
guwahati,2025-07-04,7,19.48,30.28,114.6,0
guwahati,2025-07-05,7,56.05,33.14,142.7,1
guwahati,2025-07-06,7,33.14,30.53,80.4,0
guwahati,2025-07-07,7,15.07,33.71,132.1,0
guwahati,2025-07-08,7,14.89,29.8,111.8,0
guwahati,2025-07-09,7,93.78,32.36,103.9,1
guwahati,2025-07-10,7,12.83,32.16,112.1,0
guwahati,2025-07-11,7,23.99,31.83,72.0,0
guwahati,2025-07-12,7,12.36,33.75,57.1,0
guwahati,2025-07-13,7,35.3,31.75,69.1,0
guwahati,2025-07-14,7,17.63,32.95,132.9,0
guwahati,2025-07-15,7,37.13,38.0,71.1,0
guwahati,2025-07-16,7,67.79,34.42,117.1,1
guwahati,2025-07-17,7,36.88,32.16,94.2,0
guwahati,2025-07-18,7,47.34,32.84,119.1,1
guwahati,2025-07-19,7,18.63,30.79,115.6,0
guwahati,2025-07-20,7,16.82,32.87,77.9,0
guwahati,2025-07-21,7,127.03,32.32,67.3,1
guwahati,2025-07-22,7,5.26,30.43,155.2,0
guwahati,2025-07-23,7,23.9,30.52,144.0,0
guwahati,2025-07-24,7,24.26,32.93,121.4,0
guwahati,2025-07-25,7,43.9,33.07,85.9,0
guwahati,2025-07-26,7,24.98,30.99,98.2,0
guwahati,2025-07-27,7,19.58,32.2,140.4,0
guwahati,2025-07-28,7,8.8,33.38,59.5,0
guwahati,2025-07-29,7,61.12,31.64,95.0,1
guwahati,2025-07-30,7,12.21,34.06,148.4,0
guwahati,2025-07-31,7,8.21,32.43,74.0,0
guwahati,2025-08-01,8,28.26,32.53,102.0,0
guwahati,2025-08-02,8,9.85,33.71,97.7,0
guwahati,2025-08-03,8,49.89,33.41,64.4,0
guwahati,2025-08-04,8,14.86,30.19,78.1,0
guwahati,2025-08-05,8,19.68,34.12,79.7,0
guwahati,2025-08-06,8,11.81,30.77,20.0,0
guwahati,2025-08-07,8,1.86,30.77,76.5,0
guwahati,2025-08-08,8,1.92,33.33,88.3,0
guwahati,2025-08-09,8,50.08,29.38,83.8,1
guwahati,2025-08-10,8,79.49,32.75,113.9,1
guwahati,2025-08-11,8,61.66,32.2,37.3,1
guwahati,2025-08-12,8,9.82,30.3,87.2,0
guwahati,2025-08-13,8,56.18,30.95,67.0,1
guwahati,2025-08-14,8,14.59,32.69,55.0,0
guwahati,2025-08-15,8,64.52,35.03,64.4,1
guwahati,2025-08-16,8,25.59,31.23,84.1,0
guwahati,2025-08-17,8,16.85,30.35,93.4,0
guwahati,2025-08-18,8,56.42,33.3,33.9,1
guwahati,2025-08-19,8,6.4,28.67,115.8,0
guwahati,2025-08-20,8,69.26,30.75,91.3,1
guwahati,2025-08-21,8,45.54,30.73,63.5,0
guwahati,2025-08-22,8,33.52,32.07,77.0,0
guwahati,2025-08-23,8,17.28,30.95,69.0,0
guwahati,2025-08-24,8,14.87,31.19,81.7,0
guwahati,2025-08-25,8,16.06,31.76,81.2,0
guwahati,2025-08-26,8,25.66,31.99,107.8,0
guwahati,2025-08-27,8,6.91,29.88,110.5,0
guwahati,2025-08-28,8,13.25,30.34,115.5,0
guwahati,2025-08-29,8,12.7,32.05,143.6,0
guwahati,2025-08-30,8,15.88,30.93,120.0,0
guwahati,2025-08-31,8,42.61,30.78,45.7,0
guwahati,2025-09-01,9,14.19,31.85,36.8,0
guwahati,2025-09-02,9,10.72,33.09,127.1,0
guwahati,2025-09-03,9,12.72,33.41,120.6,0
guwahati,2025-09-04,9,5.99,32.51,136.9,0
guwahati,2025-09-05,9,26.93,30.79,35.3,0
guwahati,2025-09-06,9,1.56,33.08,111.7,0
guwahati,2025-09-07,9,26.16,29.84,123.8,0
guwahati,2025-09-08,9,19.1,27.96,126.3,0
guwahati,2025-09-09,9,8.26,34.41,66.9,0
guwahati,2025-09-10,9,5.8,33.29,109.1,0
guwahati,2025-09-11,9,23.26,33.8,76.8,0
guwahati,2025-09-12,9,24.71,32.29,88.0,0
guwahati,2025-09-13,9,18.3,31.93,72.9,0
guwahati,2025-09-14,9,5.89,31.18,82.5,0
guwahati,2025-09-15,9,20.01,28.27,130.0,0
guwahati,2025-09-16,9,14.15,33.63,77.3,0
guwahati,2025-09-17,9,12.77,31.2,124.9,0
guwahati,2025-09-18,9,22.9,30.45,67.2,0
guwahati,2025-09-19,9,27.41,31.61,97.6,0
guwahati,2025-09-20,9,9.34,33.55,76.1,0
guwahati,2025-09-21,9,11.7,28.72,137.4,0
guwahati,2025-09-22,9,14.66,30.91,123.0,0
guwahati,2025-09-23,9,3.89,32.1,91.7,0
guwahati,2025-09-24,9,12.91,30.47,124.9,0
guwahati,2025-09-25,9,39.48,31.22,72.8,0
guwahati,2025-09-26,9,6.83,30.45,45.6,0
guwahati,2025-09-27,9,1.97,29.0,53.8,0
guwahati,2025-09-28,9,14.04,33.48,104.3,0
guwahati,2025-09-29,9,21.27,34.34,58.3,0
guwahati,2025-09-30,9,4.22,32.79,25.4,0
guwahati,2025-10-01,10,4.68,32.71,180.4,0
guwahati,2025-10-02,10,1.0,27.88,145.7,0
guwahati,2025-10-03,10,1.35,31.4,219.5,0
guwahati,2025-10-04,10,4.58,32.45,95.5,0
guwahati,2025-10-05,10,1.78,32.47,107.1,0
guwahati,2025-10-06,10,0.94,33.56,83.3,0
guwahati,2025-10-07,10,1.13,31.78,114.1,0
guwahati,2025-10-08,10,1.06,29.67,134.9,0
guwahati,2025-10-09,10,2.74,36.6,139.3,0
guwahati,2025-10-10,10,7.63,31.7,114.6,0
guwahati,2025-10-11,10,0.46,32.02,130.7,0
guwahati,2025-10-12,10,1.09,34.32,165.9,0
guwahati,2025-10-13,10,1.85,34.0,175.1,0
guwahati,2025-10-14,10,2.64,29.64,131.3,0
guwahati,2025-10-15,10,1.51,32.81,134.2,0
guwahati,2025-10-16,10,3.9,36.48,100.2,0
guwahati,2025-10-17,10,1.05,33.93,139.2,0
guwahati,2025-10-18,10,8.34,32.12,117.1,0
guwahati,2025-10-19,10,3.11,29.63,131.0,0
guwahati,2025-10-20,10,0.39,33.13,178.4,0
guwahati,2025-10-21,10,2.53,33.64,124.1,0
guwahati,2025-10-22,10,2.71,31.21,137.9,0
guwahati,2025-10-23,10,7.78,32.77,123.2,0
guwahati,2025-10-24,10,2.21,31.2,123.5,0
guwahati,2025-10-25,10,3.6,30.81,122.7,0
guwahati,2025-10-26,10,2.61,30.93,144.6,0
guwahati,2025-10-27,10,1.36,28.56,102.0,0
guwahati,2025-10-28,10,2.35,31.43,186.2,0
guwahati,2025-10-29,10,3.49,30.83,78.5,0
guwahati,2025-10-30,10,0.93,29.53,147.1,0
guwahati,2025-10-31,10,2.07,35.13,130.2,0
guwahati,2025-11-01,11,3.46,28.47,181.2,0
guwahati,2025-11-02,11,0.29,29.7,250.1,0
guwahati,2025-11-03,11,2.2,30.57,164.1,0
guwahati,2025-11-04,11,4.02,33.05,208.1,0
guwahati,2025-11-05,11,2.11,32.56,220.8,0
guwahati,2025-11-06,11,2.17,32.36,171.0,0
guwahati,2025-11-07,11,1.77,35.46,140.1,0
guwahati,2025-11-08,11,1.64,35.14,185.3,0
guwahati,2025-11-09,11,3.08,33.38,185.1,0
guwahati,2025-11-10,11,0.67,32.34,223.6,0
guwahati,2025-11-11,11,1.58,35.95,189.3,0
guwahati,2025-11-12,11,3.02,31.71,227.3,0
guwahati,2025-11-13,11,1.15,30.89,171.0,0
guwahati,2025-11-14,11,1.79,30.39,208.9,0
guwahati,2025-11-15,11,2.96,34.25,112.3,0
guwahati,2025-11-16,11,5.1,36.17,215.6,0
guwahati,2025-11-17,11,4.95,31.68,156.2,0
guwahati,2025-11-18,11,3.87,29.59,152.8,0
guwahati,2025-11-19,11,6.19,30.98,212.0,0
guwahati,2025-11-20,11,3.59,31.09,178.8,0
guwahati,2025-11-21,11,0.09,29.78,184.7,0
guwahati,2025-11-22,11,2.5,33.95,144.4,0
guwahati,2025-11-23,11,2.72,30.48,182.6,0
guwahati,2025-11-24,11,4.74,33.17,181.4,0
guwahati,2025-11-25,11,1.64,33.64,153.2,0
guwahati,2025-11-26,11,1.2,30.87,167.7,0
guwahati,2025-11-27,11,1.45,29.92,151.7,0
guwahati,2025-11-28,11,3.24,30.48,199.3,0
guwahati,2025-11-29,11,3.12,34.09,152.4,0
guwahati,2025-11-30,11,1.09,33.73,147.8,0
guwahati,2025-12-01,12,0.6,22.67,210.1,0
guwahati,2025-12-02,12,5.98,25.81,226.6,0
guwahati,2025-12-03,12,3.64,25.32,304.5,0
guwahati,2025-12-04,12,2.52,23.66,202.0,0
guwahati,2025-12-05,12,4.01,21.78,223.8,0
guwahati,2025-12-06,12,1.29,19.03,160.5,0
guwahati,2025-12-07,12,3.7,21.08,187.6,0
guwahati,2025-12-08,12,1.57,22.39,216.1,0
guwahati,2025-12-09,12,4.22,21.25,295.2,0
guwahati,2025-12-10,12,2.71,23.33,237.6,0
guwahati,2025-12-11,12,0.64,22.53,228.3,0
guwahati,2025-12-12,12,2.92,24.99,229.5,0
guwahati,2025-12-13,12,2.08,24.34,218.7,0
guwahati,2025-12-14,12,1.91,23.68,252.0,0
guwahati,2025-12-15,12,2.4,21.95,234.0,0
guwahati,2025-12-16,12,2.58,21.1,215.3,0
guwahati,2025-12-17,12,1.54,22.59,278.4,0
guwahati,2025-12-18,12,0.55,20.45,199.1,0
guwahati,2025-12-19,12,4.48,17.92,171.1,0
guwahati,2025-12-20,12,1.89,24.76,258.6,0
guwahati,2025-12-21,12,0.83,19.56,266.8,0
guwahati,2025-12-22,12,3.54,19.46,200.4,0
guwahati,2025-12-23,12,0.73,21.41,239.6,0
guwahati,2025-12-24,12,2.58,23.62,244.4,0
guwahati,2025-12-25,12,1.08,22.47,202.7,0
guwahati,2025-12-26,12,2.89,18.86,195.7,0
guwahati,2025-12-27,12,2.45,21.75,200.4,0
guwahati,2025-12-28,12,2.62,22.45,246.5,0
guwahati,2025-12-29,12,1.66,25.51,188.2,0
guwahati,2025-12-30,12,6.24,21.18,199.3,0
